,US_Stock_TR,US_Credit_TR,Commodities_TR,US_Bond_10Y_TR,Risk_Free,US_Stock_XR,US_Credit_XR,Commodities_XR,US_Bond_10Y_XR
1988-02-29,0.04664624891709246,0.016802649648598456,-0.011050297538494402,0.0138729397664067,0.004598558211035,0.04204769070605746,0.012204091437563454,-0.015648855749529404,0.009274381555371698
1988-03-31,-0.030911447047055285,-0.011387410291041067,0.05041627819592853,-0.0200375038490258,0.0046302455190647,-0.035541692566119984,-0.016017655810105766,0.04578603267686383,-0.0246677493680905
1988-04-30,0.011066493264338506,-0.00991133374407327,0.030992116040656548,-0.0121133802465739,0.0047964237628919,0.006270069501446606,-0.01470775750696517,0.026195692277764648,-0.0169098040094658
1988-05-31,0.008635050392027832,-0.007575552609507374,0.03531723416380994,-0.0136159246652768,0.0050727174711968,0.0035623329208310317,-0.012648270080704176,0.03024451669261314,-0.0186886421364736
1988-06-30,0.04588465336675385,0.026853139227392964,-0.02793410836790866,0.032528233363169,0.0052302252694751,0.04065442809727875,0.021622913957917864,-0.03316433363738376,0.0272980080936939
1988-07-31,-0.0037697216857001115,-0.0007433759889556857,0.005916409584583615,-0.0118489599822427,0.005442431089579,-0.009212152775279111,-0.0061858070785346855,0.0004739784950046153,-0.017291391071821698
1988-08-31,-0.033947108874809895,0.006642223284977877,-0.006755450993572443,-0.0006514714511423,0.0057011264984068,-0.0396482353732167,0.0009410967865710771,-0.012456577491979242,-0.0063525979495491006
1988-09-30,0.042600748305066105,0.022724873310810745,-0.02730710339985276,0.0324593341347065,0.005841925158329,0.036758823146737105,0.016882948152481744,-0.03314902855818176,0.026617408976377502
1988-10-31,0.0278364129347628,0.016129448501896793,0.04840715584042865,0.0219524021338611,0.0059278621761518,0.021908550758611,0.010201586325744992,0.04247929366427685,0.016024539957709298
1988-11-30,-0.014237464734598415,-0.007314471478640727,0.057462110842893654,-0.0193124281938183,0.0062474633397222,-0.020484928074320615,-0.013561934818362927,0.05121464750317145,-0.0255598915335405
1988-12-31,0.01744474387024275,0.0043749680192395335,0.0731196460510215,0.0021939112526899,0.0064883738308543,0.01095637003938845,-0.0021134058116147663,0.06663127222016721,-0.0042944625781644
1989-01-31,0.0731986557521378,0.01383192806378486,0.004115587330131509,0.0158488122912882,0.0066434639981336,0.06655519175400419,0.00718846406565126,-0.0025278766680020904,0.0092053482931546
1989-02-28,-0.024902111517220438,-0.0064824120603014235,0.04301113861386141,-0.0125396244886684,0.006844689078481,-0.03174680059570144,-0.013327101138782424,0.03616644953538041,-0.0193843135671494
1989-03-31,0.023315971449045847,0.005588993981083368,0.06746788763241685,0.00872019047597,0.0070686117843381,0.016247359664707747,-0.0014796178032547326,0.06039927584807875,0.0016515786916319
1989-04-30,0.05192191796850687,0.018233030706938713,0.03175879791282532,0.0256724427566335,0.0069374131923856,0.04498450477612127,0.011295617514553113,0.02482138472043972,0.0187350295642479
1989-05-31,0.040454784882854034,0.030675755779490332,-0.012782731587986707,0.0349590693405821,0.0067673471653078,0.03368743771754623,0.02390840861418253,-0.01955007875329451,0.028191722175274297
1989-06-30,-0.00565608590216049,0.030865085070692633,0.03496732445722661,0.0406892825742654,0.006550441444288,-0.01220652734644849,0.024314643626404633,0.028416883012938612,0.0341388411299774
1989-07-31,0.09029724055764143,0.019201264586917066,-0.028098076553302542,0.0259832194282088,0.0063407942831432,0.08395644627449823,0.012860470303773866,-0.03443887083644574,0.0196424251450656
1989-08-31,0.01953016601278801,-0.013023446765806024,0.0347435398331748,-0.0230625393009623,0.0063563401874608,0.01317382582532721,-0.019379786953266823,0.028387199645713998,-0.0294188794884231
1989-09-30,-0.004045572044541146,0.005037783375314797,0.0595614765473218,0.003267514024163,0.0062396814612857,-0.010285253505826847,-0.001201898085970903,0.0533217950860361,-0.0029721674371227
1989-10-31,-0.02321516411880098,0.020693936676553726,-0.007037580329701143,0.0332616149023249,0.0061540370766228,-0.02936920119542378,0.014539899599930926,-0.013191617406323942,0.027107577825702098
1989-11-30,0.02037956738341351,0.005902097271969442,0.016132908906514754,0.0119581266327575,0.0061929762832915,0.01418659110012201,-0.00029087901132205784,0.009939932623223253,0.0057651503494660005
1989-12-31,0.024020926997665448,0.003247262222023206,0.0913202757665792,0.0002521712087495,0.0061462472456905,0.01787467975197495,-0.0028989850236672936,0.08517402852088869,-0.005894076036941
1990-01-31,-0.06713054736265178,-0.014420286619938438,-0.004377154215389978,-0.026591425911771,0.0061540370766228,-0.07328458443927459,-0.020574323696561238,-0.010531191292012777,-0.0327454629883938
1990-02-28,0.01288353259631525,0.004212719695597,-0.0032654404893380784,0.0015617591144427,0.0062318989207894,0.00665163367552585,-0.0020191792251923997,-0.009497339410127478,-0.0046701398063467
1990-03-31,0.02649930264993028,0.003315440479949583,0.007319372899142973,-0.002319616113823,0.0063563401874608,0.02014296246246948,-0.003040899707511217,0.0009630327116821732,-0.0086759563012838
1990-04-30,-0.024945632271144658,-0.01128470270877835,-0.010486792353050167,-0.0181488685620963,0.0062552445562169,-0.031200876827361557,-0.017539947264995248,-0.016742036909267066,-0.024404113118313198
1990-05-31,0.09748614836057135,0.027647045449378238,-0.007385950660566909,0.0362919591615711,0.0062318989207894,0.09125424943978194,0.02141514652858884,-0.013617849581356308,0.030060060240781703
1990-06-30,-0.006754629829825554,0.016792406911657176,-0.01547945943035589,0.0182622254389414,0.0062241157181159,-0.012978745547941452,0.010568291193541277,-0.02170357514847179,0.012038109720825502
1990-07-31,-0.0031957865551637266,0.013055398407241459,0.08253534221104153,0.0117104124735234,0.0061384567512829,-0.009334243306446628,0.0069169416559585585,0.07639688545975863,0.005571955722240499
1990-08-31,-0.09038451724322549,-0.017784269083723436,0.16589294103977337,-0.0255453237192227,0.006005916720039,-0.0963904339632645,-0.023790185803762437,0.15988702431973437,-0.0315512404392617
1990-09-30,-0.048667642873510775,0.004242291712224011,0.22939960441971508,0.0100227430838037,0.0059356706291591,-0.05460331350266988,-0.0016933789169350892,0.22346393379055599,0.0040870724546446
1990-10-31,-0.004268064788185089,0.008230990331852484,-0.060515883225776945,0.0186634229322989,0.0057871958844142,-0.010055260672599289,0.0024437944474382835,-0.06630307911019115,0.0128762270478847
1990-11-30,0.06465247933171092,0.020733445639497194,-0.0656407422937404,0.0332948099796124,0.0057011264984068,0.05895135283330412,0.015032319141090395,-0.0713418687921472,0.0275936834812056
1990-12-31,0.02784687304263067,0.017730946637890987,-0.019641932881958812,0.0190423853530143,0.005450281110322,0.02239659193230867,0.012280665527568988,-0.02509221399228081,0.013592104242692301
1991-01-31,0.04354924666915694,0.0113097713097714,-0.09387676083175367,0.0102609280198571,0.0050411833044619,0.03850806336469504,0.006268588005309499,-0.09891794413621557,0.005219744715395199
1991-02-28,0.07152531247026905,0.012725104843351653,0.013904956327177365,0.007501714678838,0.0048201388511142,0.06670517361915486,0.007904965992237454,0.009084817476063165,0.0026815758277238004
1991-03-31,0.024204564882854163,0.012950896210137453,0.03764170823364266,0.0047194568754679,0.0047964237628919,0.019408141119962263,0.008154472447245553,0.03284528447075076,-7.69668874240001e-05
1991-04-30,0.002375127669998145,0.013847417887417057,0.022650543505812193,0.00888747565608,0.004590634665871,-0.0022155069958728554,0.009256783221546057,0.018059908839941193,0.0042968409902089996
1991-05-31,0.04314857120998439,0.008677261227071353,-0.0005121011948929777,0.0041395599355661,0.004439956538087,0.03870861467189739,0.004237304688984353,-0.004952057732979978,-0.0003003966025209
1991-06-30,-0.04581588078679111,-0.0007446454116125656,-0.023678804947893872,-0.0052480386737151,0.0045272215436409,-0.05034310233043201,-0.005271866955253466,-0.028206026491534773,-0.009775260217356
1991-07-31,0.04661124629436664,0.013237110976016098,0.051057415209179835,0.0097487091716197,0.0045351505923962,0.042076095701970434,0.008701960383619898,0.04652226461678363,0.005213558579223501
1991-08-31,0.023677934280968982,0.0236316482155301,0.015417222982955225,0.0328972047523399,0.0043367175322408,0.01934121674872818,0.0192949306832893,0.011080505450714425,0.028560487220099098
1991-09-30,-0.016731099898111945,0.02111970353003456,0.007892429102502874,0.0309820271097595,0.0042492701806178,-0.020980370078729743,0.016870433349416764,0.003643158921885074,0.026732756929141697
1991-10-31,0.013445443751709751,0.00990630670666226,0.02868322776981813,0.0067455668561873,0.0040661545935285,0.009379289158181252,0.00584015211313376,0.024617073176289632,0.002679412262658799
1991-11-30,-0.04029166714582877,0.009057406354852304,-0.0403897293354345,0.0131385951647415,0.0037228194856664,-0.04401448663149517,0.005334586869185904,-0.0441125488211009,0.0094157756790751
1991-12-31,0.1143560809505324,0.033396929226855665,-0.07078593252792265,0.0546998520185618,0.003329995796502,0.1110260851540304,0.030066933430353666,-0.07411592832442465,0.0513698562220598
1992-01-31,-0.01861850298119494,-0.011886132259595894,0.027490336728929643,-0.0355616798557923,0.003112816845733,-0.02173131982692794,-0.014998949105328894,0.02437751988319664,-0.0386744967015253
1992-02-29,0.01293816906724854,0.006619570439703182,-0.010965622817056486,0.0094152976786178,0.003145024157517,0.00979314490973154,0.0034745462821861818,-0.014110646974573485,0.0062702735211008
1992-03-31,-0.019442562480578074,-0.0008308437483427467,0.01117569067984725,-0.0121061582893139,0.0033058903246372,-0.022748452805215275,-0.004136734072979946,0.00786980035521005,-0.0154120486139511
1992-04-30,0.029367751773126116,0.006280740242737171,0.029964106576543248,0.0020401217510297,0.0030725417032555,0.026295210069870616,0.0032081985394816705,0.026891564873287747,-0.0010324199522258
1992-05-31,0.004883129565746769,0.02120364998153912,0.02686760112082398,0.0263850632636778,0.0029758087216387,0.0019073208441080687,0.01822784125990042,0.02389179239918528,0.0234092545420391
1992-06-30,-0.01486766408325313,0.015770535268494923,-0.005512571380693498,0.0201065681368405,0.0030000015894111,-0.017867665672664228,0.012770533679083823,-0.008512572970104599,0.017106566547429397
1992-07-31,0.040847151204826515,0.026203833963287515,-0.013934764836486924,0.0368297870310283,0.0026364327582906,0.03821071844653592,0.023567401204996914,-0.016571197594777525,0.0341933542727377
1992-08-31,-0.02046906244868807,0.009563134858369793,0.00104519645640333,0.0136144756033206,0.0025716462189622,-0.02304070866765027,0.006991488639407593,-0.0015264497625588698,0.0110428293843584
1992-09-30,0.011755726428246627,0.012744584778483059,0.01146638496684882,0.0244964751980018,0.0023932454057613,0.009362481022485327,0.010351339372721759,0.00907313956108752,0.022103229792240497
1992-10-31,0.003459317160873443,-0.014474258113500005,-0.021987405674065652,-0.0245643035784956,0.0023526510136486,0.001106666147224843,-0.016826909127148605,-0.024340056687714252,-0.0269169545921442
1992-11-30,0.03404783399645672,0.0006884455882110174,-0.012787258549024405,-0.0043702849532407,0.0025716462189622,0.03147618777749452,-0.0018832006307511824,-0.015358904767986604,-0.0069419311722029
1992-12-31,0.012276394499534549,0.01654408753624148,0.0022513656442273433,0.0241586229181911,0.0026445278387947,0.009631866660739848,0.01389955969744678,-0.00039316219456735687,0.0215140950793964
1993-01-31,0.008349795845924879,0.02175349264409676,0.012124925833381983,0.0288226660943186,0.0024662697723036,0.005883526073621279,0.01928722287179316,0.009658656061078384,0.026356396322015
1993-02-28,0.013641062756839295,0.021637307006891593,0.011617906300684488,0.0325890304107691,0.0024094781004899,0.011231584656349394,0.019227828906401692,0.009208428200194588,0.030179552310279197
1993-03-31,0.02109581925570647,0.006946481221345779,0.020841366820437468,0.0055991081930608,0.0024257079041964,0.01867011135151007,0.004520773317149379,0.018415658916241067,0.0031734002888644
1993-04-30,-0.02416832344102704,0.007113182382609606,-0.010744756125349308,0.0043479137886177,0.002360771338929,-0.02652909477995604,0.004752411043680606,-0.013105527464278309,0.0019871424496887
1993-05-31,0.026745286726485018,0.001263414262881346,-0.027826623817122642,-0.002364258035551,0.002433821722253,0.02431146500423202,-0.001170407459371654,-0.030260445539375642,-0.004798079757804
1993-06-30,0.002927258524635379,0.022378302776004277,-0.031295869233403995,0.03265056233156,0.0025230260752062,0.0004042324494291788,0.019855276700798077,-0.033818895308610195,0.030127536256353803
1993-07-31,-0.004027143020627899,0.007033457249070674,-0.008646311703272125,0.0032227560393366,0.0024987062733237,-0.006525849293951599,0.004534750975746973,-0.011145017976595825,0.0007240497660129003
1993-08-31,0.0379479616287679,0.025663363997460165,0.008232264733075034,0.0343499189458398,0.0024824894659052,0.0354654721628627,0.023180874531554964,0.005749775267169834,0.0318674294799346
1993-09-30,-0.007665876960749829,0.00552828205755751,0.0025469972903380267,0.0089059030375383,0.0024257079041964,-0.01009158486494623,0.0031025741533611097,0.0001212893861416266,0.0064801951333419
1993-10-31,0.02069038208052798,0.005540840432386007,-0.03592998632831179,0.0026783495434128,0.0024824894659052,0.01820789261462278,0.0030583509664808073,-0.03841247579421699,0.00019586007750760012
1993-11-30,-0.009544536378005786,-0.012757717279872516,-0.05015462001843429,-0.0247239441007099,0.0025473393892132,-0.012091875767218985,-0.015305056669085715,-0.05270195940764749,-0.0272712834899231
1993-12-31,0.012094617814621511,0.00630264220606902,-0.01881173390775759,0.0054216068241956,0.0025149201956327,0.009579697618988811,0.00378772201043632,-0.02132665410339029,0.0029066866285628996
1994-01-31,0.03400212409213976,0.016797328479497775,0.08142109997259084,0.0153009823465585,0.0024500471914443,0.03155207690069546,0.014347281288053475,0.07897105278114654,0.0128509351551142
1994-02-28,-0.027148031857292088,-0.02265134963704285,-0.021742550746941536,-0.0279314009104926,0.0026688087676296,-0.029816840624921688,-0.02532015840467245,-0.024411359514571136,-0.0306002096781222
1994-03-31,-0.043599178737208644,-0.02479160056534646,-0.011905115875079586,-0.0388573853772021,0.0028708987190766,-0.046470077456285244,-0.02766249928442306,-0.014776014594156187,-0.0417282840962787
1994-04-30,0.012823467332654825,-0.010426063680326614,0.026189809655987606,-0.0145248637194825,0.0030161266025487,0.009807340730106126,-0.013442190282875313,0.023173683053438907,-0.0175409903220312
1994-05-31,0.016418067580073803,-0.002047404130675168,0.014878702453452908,-0.0015660831895092,0.0033862171355991,0.013031850444474703,-0.005433621266274268,0.011492485317853808,-0.0049523003251083
1994-06-30,-0.02450462554836741,-0.0017071746259940124,0.02459927382711813,-0.0056362890682542,0.0033862171355991,-0.027890842683966507,-0.005093391761593112,0.02121305669151903,-0.0090225062038533
1994-07-31,0.03282562987253623,0.020116106385851262,0.017215771530150636,0.0218816180559038,0.0035386434752657,0.029286986397270533,0.016577462910585563,0.013677128054884937,0.0183429745806381
1994-08-31,0.04100673886365103,0.0016469619434151817,-0.067398968229609,0.0013115698333868,0.0036588004233741,0.03734793844027692,-0.0020118384799589183,-0.0710577686529831,-0.0023472305899873
1994-09-30,-0.02444808490466921,-0.01610487991074039,-0.00941025888514857,-0.0233515956733896,0.0037708043235686,-0.028218889228237808,-0.019875684234308987,-0.01318106320871717,-0.027122399996958202
1994-10-31,0.022455701545499585,-0.0020591175636761605,0.004505823073502446,-0.0063981536869692,0.0040342708735832,0.018421430671916386,-0.006093388437259361,0.00047155219991924617,-0.010432424560552399
1994-11-30,-0.03641737834437375,-0.0007027406886856991,-0.03274475267531418,-0.0002495943537783,0.0043049281853966,-0.04072230652977035,-0.0050076688740822994,-0.03704968086071078,-0.0045545225391749
1994-12-31,0.01484257482318263,0.0090822036687912,0.0338552350598087,0.0112503964580091,0.0045510066248739,0.010291568198308731,0.0045311970439173,0.029304228434934798,0.006699389833135201
1995-01-31,0.025933181820639417,0.019083346925460765,-0.02484949653688473,0.0229785227941326,0.0046381656285388,0.021295016192100617,0.014445181296921964,-0.02948766216542353,0.0183403571655938
1995-02-28,0.038957756323572346,0.023978582237224932,0.00807712179655029,0.0329617420348037,0.0046856718676875,0.034272084455884845,0.019292910369537432,0.003391449928862791,0.028276070167116196
1995-03-31,0.02951191172664691,0.011523814936910348,0.013618799412460803,0.0073871366291592,0.0046540037873179,0.02485790793932901,0.006869811149592448,0.008964795625142902,0.0027331328418413
1995-04-30,0.029441520986486447,0.015396069507072951,0.030621252833890056,0.0153052663554819,0.004590634665871,0.024850886320615447,0.010805434841201951,0.026030618168019055,0.0107146316896109
1995-05-31,0.03997785931732145,0.047369367624475966,-0.008443838512480872,0.0622187827067656,0.004606481068812,0.03537137824850945,0.042762886555663966,-0.013050319581292873,0.0576123016379536
1995-06-30,0.023227308405139313,0.009034831653611741,-0.017841410680548897,0.0119573591374452,0.0044478931673448,0.018779415237794514,0.004586938486266941,-0.022289303847893696,0.0075094659701004
1995-07-31,0.03316140269647572,-0.004895864696102925,0.026115046383013096,-0.0120767215188695,0.0044082031209211,0.028753199575554618,-0.009304067817024024,0.021706843262091997,-0.0164849246397906
1995-08-31,0.002517394959303143,0.014825631108831061,0.02119821957150747,0.0178574121814457,0.0043923222705009,-0.001874927311197757,0.010433308838330161,0.01680589730100657,0.013465089910944798
1995-09-30,0.04220027299868301,0.01151094057865798,0.004223396470117935,0.013359591667112,0.0042969791189388,0.037903293879744206,0.00721396145971918,-7.358264882086508e-05,0.009062612548173199
1995-10-31,-0.003573939368439305,0.015237338527783528,0.010064903225806443,0.0156415345514233,0.0042969791189388,-0.007870918487378104,0.010940359408844729,0.005767924106867643,0.011344555432484502
1995-11-30,0.04388767039048891,0.01776044230696394,0.026996327586146007,0.0253171990231842,0.0043605522809628,0.03952711810952611,0.013399890026001142,0.02263577530518321,0.020956646742221398
1995-12-31,0.019264635826922394,0.016706355112367843,0.10227215857241156,0.0185031074665606,0.0041856194553282,0.015079016371594194,0.012520735657039643,0.09808653911708337,0.0143174880112324
1996-01-31,0.03403871360105204,0.005648063433973727,-0.0016163123072425734,0.0033831902860706,0.0040741237836483,0.02996458981740374,0.001573939650325427,-0.005690436090890873,-0.0006909334975776999
1996-02-29,0.009267432057959324,-0.023375142531356863,0.04008647399493803,-0.0340638533289894,0.0039385528336748,0.005328879224284524,-0.027313695365031664,0.03614792116126323,-0.038002406162664204
1996-03-31,0.00962987778570401,-0.0070176746034703585,0.0650038120914751,-0.0101638297670255,0.0040422428477437,0.005587634937960311,-0.011059917451214058,0.0609615692437314,-0.0142060726147692
1996-04-30,0.014738467405046585,-0.008868486228204131,0.05773160446093151,-0.0175883940079423,0.0040342708735832,0.010704196531463385,-0.012902757101787331,0.05369733358734831,-0.021622664881525498
1996-05-31,0.025789723664286113,-0.0008960460390979863,-0.007896554308901016,-0.0079046965471707,0.0040900600769369,0.021699663587349212,-0.004986106116034886,-0.011986614385837917,-0.011994756624107601
1996-06-30,0.0038218551092887854,0.013856958795442464,0.03879744581507216,0.0144513292848003,0.0041458152037889,-0.00032396009450011507,0.009711143591653565,0.03465163061128326,0.0103055140810114
1996-07-31,-0.04418530620678418,0.0023547587306729234,-0.047324125075627,0.0007772644880172,0.0041935782233755,-0.04837888443015968,-0.0018388194927025769,-0.0515177032990025,-0.0034163137353583
1996-08-31,0.021092308755822353,-0.0030452940884004853,0.03220378952112357,-0.0055427652489235,0.004113959301397,0.016978349454425355,-0.007159253389797485,0.028089830219726573,-0.0096567245503205
1996-09-30,0.05629447193143711,0.020247609310907855,0.0354655870907814,0.0231326915197038,0.0041458152037889,0.05214865672764821,0.016101794107118955,0.031319771886992503,0.0189868763159149
1996-10-31,0.027576047999813058,0.026945778494702477,-0.0024753433244929512,0.031235884782931,0.0040661545935285,0.02350989340628456,0.022879623901173977,-0.006541497918021452,0.0271697301894025
1996-11-30,0.07558240948526596,0.022097672426103054,0.08321784983910963,0.0282853347931714,0.0040980271803598,0.07148438230490615,0.017999645245743254,0.07911982265874982,0.024187307612811598
1996-12-31,-0.01980715426767865,-0.01326068480551379,0.009644282961320583,-0.0216606289722382,0.0040023760123895,-0.02380953028006815,-0.01726306081790329,0.0056419069489310825,-0.025663004984627702
1997-01-31,0.06247044285363512,0.0014158623781768132,-0.014700037386306652,-0.0016701129725083,0.0040980271803598,0.05837241567327532,-0.0026821648021829866,-0.018798064566666453,-0.0057681401528681
1997-02-28,0.00783770360486935,0.0025567311544170135,-0.06893796184666534,0.0033267337922328,0.0040820922780753,0.003755611326794051,-0.0015253611236582861,-0.07302005412474064,-0.0007553584858424997
1997-03-31,-0.041089300080638824,-0.0124925080208248,0.016867592502068707,-0.0200777484138998,0.0041856194553282,-0.045274919535967025,-0.016678127476153,0.012681973046740506,-0.024263367869228
1997-04-30,0.05969995117187499,0.016173180368448614,0.023133895121500325,0.0200770449607452,0.004201536297631,0.055498414874243986,0.011971644070817614,0.018932358823869323,0.0158755086631142
1997-05-31,0.060885177412625335,0.009158302786138384,0.007152377543824251,0.0092289581282949,0.004113959301397,0.05677121811122834,0.005044343484741384,0.003038418242427251,0.0051149988268979
1997-06-30,0.04480439454005114,0.015318734115517207,-0.05410070106777409,0.0170816731554779,0.0040183248361511,0.040786069703900044,0.011300409279366107,-0.05811902590392519,0.0130633483193268
1997-07-31,0.07956826273630013,0.036998937009224075,0.0409693576035719,0.0416144052545175,0.004113959301397,0.07545430343490313,0.03288497770782708,0.0368553983021749,0.0375004459531205
1997-08-31,-0.05602305613106673,-0.01476974626898575,0.02529065969023847,-0.0183215000888027,0.0041856194553282,-0.06020867558639493,-0.01895536572431395,0.02110504023491027,-0.0225071195441309
1997-09-30,0.05476148761776822,0.018235517866332485,0.0252931198632802,0.0214135680183866,0.0040342708735832,0.050727216744185025,0.014201246992749285,0.021258848989697002,0.0173792971448034
1997-10-31,-0.0333924979589848,0.014173332161378172,0.027512472132685595,0.0258298767604033,0.0040502141257032,-0.037442712084688,0.01012311803567497,0.023462258006982394,0.0217796626347001
1997-11-30,0.046288093333574754,0.0030117218815679525,-0.0985948176046606,0.0032581591200681,0.0041856194553282,0.04210247387824655,-0.0011738975737602478,-0.1027804370599888,-0.0009274603352601002
1997-12-31,0.017174487535375427,0.010509375270025156,-0.06757499142759171,0.0130106722177626,0.004201536297631,0.012972951237744427,0.006307838972394156,-0.07177652772522271,0.0088091359201316
1998-01-31,0.011063885458677314,0.013189820109665629,-0.016117084572517593,0.0214012585668514,0.0041059935884708,0.0069578918702065135,0.009083826521194828,-0.020223078160988395,0.017295264978380596
1998-02-28,0.07212215081878459,-0.0015191315631229996,-0.06598435478003162,-0.0023201882561431,0.0041458152037889,0.06797633561499569,-0.0056649467669119,-0.07013016998382052,-0.006466003459932
1998-03-31,0.05121100528138989,0.004965820364089657,-0.005193790259958031,0.0007301223945165,0.0040980271803598,0.04711297810103009,0.0008677931837298572,-0.009291817440317832,-0.0033679047858433
1998-04-30,0.01006082070840364,0.005109496725085982,-0.02726745572459499,0.0037947476959567,0.0040342708735832,0.006026549834820439,0.0010752258515027823,-0.03130172659817819,-0.00023952317762650005
1998-05-31,-0.017191949233958503,0.012646046672175615,-0.047177952112299804,0.0135855556013447,0.0040741237836483,-0.0212660730176068,0.008571922888527315,-0.0512520758959481,0.009511431817696401
1998-06-30,0.04062106064639548,0.008624963847456923,-0.03545563447993916,0.0135163439718593,0.0040581847075893,0.03656287593880618,0.0045667791398676235,-0.03951381918752846,0.009458159264269999
1998-07-31,-0.010648406567510094,-0.0008192776019745329,-0.07860829484240184,-0.0001829455073456,0.0040422428477437,-0.014690649415253793,-0.0048615204497182325,-0.08265053769014553,-0.0042251883550892995
1998-08-31,-0.1445797911846185,0.0014246620271198829,-0.05901707874943085,0.0393472241407729,0.0039944005553169,-0.1485741917399354,-0.0025697385281970167,-0.06301147930474775,0.035352823585456
1998-09-30,0.06406214783555164,0.031062575481546784,0.10220656752211199,0.0528107123465915,0.0037628086026935,0.06029933923285814,0.027299766878853285,0.09844375891941849,0.049047903743898
1998-10-31,0.08134137163763366,-0.011544455584121649,-0.04690982831216872,-0.0117199019723186,0.0032415779026344,0.07809979373499926,-0.01478603348675605,-0.05015140621480312,-0.014961479874953
1998-11-30,0.06061338039105335,0.015425093896242137,-0.12167448838612227,-0.0039237680804579,0.0036027468730472,0.05701063351800615,0.011822347023194936,-0.12527723525916948,-0.0075265149535051
1998-12-31,0.05762434238255354,0.005953676048816137,-0.017211430388506033,0.0108221592213388,0.0035867252456669,0.05403761713688664,0.002366950803149237,-0.02079815563417293,0.0072354339756718995
1999-01-31,0.041814094314613026,0.010214715482323333,0.004365023868211582,0.0029198982517991,0.0035466588636137,0.038267435450999324,0.006668056618709633,0.0008183650045978817,-0.0006267606118145999
1999-02-28,-0.031077540090630795,-0.025604593450440305,-0.04606408175752752,-0.0444965941212143,0.0036267740400885,-0.034704314130719296,-0.029231367490528806,-0.04969085579761602,-0.048123368161302804
1999-03-31,0.04000542222538894,0.009088729974831233,0.16892650987342872,0.0071456656177501,0.0036267740400885,0.03637864818530044,0.005461955934742734,0.16529973583334023,0.0035188915776616
1999-04-30,0.0387289748101558,0.0034740780331372623,0.041326884719759205,-0.0041759620478131,0.0035065748777713,0.035222399932384504,-3.249684463403754e-05,0.037820309841987906,-0.007682536925584399
1999-05-31,-0.023617469626537657,-0.014469596094096815,-0.05456896065485184,-0.0170235776343373,0.0036748094004368,-0.027292279026974457,-0.018144405494533614,-0.05824377005528864,-0.0206983870347741
1999-06-30,0.0554974720577337,-0.004934045917652452,0.0643165593299817,-0.0082812428903909,0.0037308187111868,0.0517666533465469,-0.008664864628839253,0.0605857406187949,-0.012012061601577698
1999-07-31,-0.03122367814617666,-0.005843600704048213,0.035873729500981444,-0.0037485201715958,0.0037148195588312,-0.03493849770500786,-0.009558420262879412,0.032158909942150246,-0.0074633397304269995
1999-08-31,-0.004944566566077002,-0.0025697057990369254,0.0703814544247574,-1.7909028586871044e-05,0.00385072302357,-0.008795289589647003,-0.006420428822606926,0.06653073140118741,-0.003868632052156871
1999-09-30,-0.02741557116296167,0.011339892484024894,0.05304061385074044,0.0104508415856284,0.0038187639418887,-0.031234335104850373,0.007521128542136194,0.049221849908851735,0.0066320776437397005
1999-10-31,0.0632817745889036,0.0031090785092469098,-0.05157126079955199,-0.004354396133237,0.0039624917561102,0.059319282832793405,-0.0008534132468632901,-0.05553375255566219,-0.0083168878893472
1999-11-30,0.020326697001449734,0.0013797516447040525,0.040464111350394294,-0.0069808372139134,0.004129888642202,0.016196808359247736,-0.0027501369974979473,0.036334222708192296,-0.0111107258561154
1999-12-31,0.05889566385872813,-0.0035844083230159862,0.04223760115706976,-0.0146719802208212,0.0042333616592649,0.054662302199463234,-0.007817769982280887,0.03800423949780486,-0.0189053418800861
2000-01-31,-0.05024243463299105,-0.0033467939918033762,0.07230604537919771,-0.0113216805676236,0.0043287712331259,-0.054571205866116954,-0.007675565224929276,0.06797727414607181,-0.0156504518007495
2000-02-29,-0.018928643255316957,0.007741572242944583,0.06247531809151474,0.0238409366331657,0.0045113613804723,-0.023440004635789255,0.0032302108624722835,0.057963956711042444,0.019329575252693403
2000-03-31,0.09782851593608966,0.011084173874871484,-0.011606682546105307,0.0335558891718372,0.0046223247227021,0.09320619121338755,0.006461849152169383,-0.016229007268807407,0.028933564449135103
2000-04-30,-0.03008567756591407,-0.012353962740764168,-0.009109223902702634,-0.0101938597209887,0.004598558211035,-0.03468423577694907,-0.01695252095179917,-0.013707782113737636,-0.0147924179320237
2000-05-31,-0.020518074050611235,-0.005574871118570801,0.11197448858314352,0.0002827219462301,0.0047015017912679,-0.025219575841879133,-0.0102763729098387,0.10727298679187562,-0.0044187798450378
2000-06-30,0.024653803216618586,0.024926155886430656,0.07126656766503636,0.023916288989929,0.0046223247227021,0.020031478493916486,0.020303831163728556,0.06664424294233426,0.0192939642672269
2000-07-31,-0.01563468916411037,0.011821790913101093,-0.07679783052547418,0.00391762452133,0.0048359454901756,-0.02047063465428597,0.006985845422925493,-0.08163377601564978,-0.0009183209688456003
2000-08-31,0.06211387491366227,0.012952790614312981,0.1540870032349817,0.0276525504413822,0.0049386220311968,0.05717525288246547,0.008014168583116182,0.1491483812037849,0.0227139284101854
2000-09-30,-0.05279338309892001,0.007861665295816778,-0.013690258039318892,-0.0007733054198115,0.004867550565343,-0.05766093366426301,0.002994114730473778,-0.018557808604661892,-0.0056408559851545
2000-10-31,-0.004224048231164512,-0.0005314101347503319,0.002252953632032817,0.0068099453467679,0.004954408184481,-0.009178456415645513,-0.005485818319231332,-0.0027014545524481834,0.0018555371622869
2000-11-30,-0.07883984036538372,0.014241768257946985,0.09215368548236169,0.026672700117986,0.0050017502848112,-0.08384159065019492,0.009240017973135785,0.08715193519755049,0.021670949833174802
2000-12-31,0.004894909789198598,0.019555530592376247,-0.020617185528437276,0.0321547491609464,0.0046856718676875,0.00020923792151109847,0.014869858724688746,-0.025302857396124777,0.027469077293258898
2001-01-31,0.035474647939257586,0.026360489565065537,-0.05307477331485899,-0.0009179078117929,0.0041935782233755,0.031281069715882084,0.022166911341690035,-0.057268351538234494,-0.0051114860351684005
2001-02-28,-0.09117767644550867,0.00981356902597863,-0.013958620605374228,0.0252475725266185,0.0039784475501516,-0.09515612399566027,0.00583512147582703,-0.01793706815552583,0.0212691249764669
2001-03-31,-0.06335156255129415,0.007751525943249904,-0.03919310619412819,0.003432577358392,0.0036107566318024,-0.06696231918309654,0.004140769311447504,-0.04280386282593059,-0.0001781792734103999
2001-04-30,0.07770723325789963,-0.005239284081718809,0.053701667287445076,-0.027665250726489,0.0031691721789193,0.07453806107898034,-0.00840845626063811,0.050532495108525775,-0.0308344229054083
2001-05-31,0.0067033448534032924,0.010224460940261748,-0.028484568760890006,-0.0013273658907243,0.0029677430057029,0.0037356018477003924,0.007256717934558848,-0.031452311766592904,-0.0042951088964272004
2001-06-30,-0.024341394216136458,0.004513764357007233,-0.0723415546898506,0.0055296686588857,0.0028628237165644,-0.027204217932700857,0.001650940640442833,-0.075204378406415,0.0026668449423213002
2001-07-31,-0.009840633980667035,0.02800588680954097,0.0023929531265873827,0.0319436197907921,0.0028789730064431,-0.012719606987110135,0.02512691380309787,-0.0004860198798557172,0.029064646784349
2001-08-31,-0.06260561460888525,0.010851426102719941,0.009560819442346657,0.0216253474577229,0.0027577835453318,-0.06536339815421705,0.00809364255738814,0.006803035897014857,0.0188675639123911
2001-09-30,-0.08075145990236865,0.0027570602530797572,-0.10956085112237568,0.0242425682009189,0.0021738205225527,-0.08292528042492135,0.0005832397305270574,-0.11173467164492838,0.0220687476783662
2001-10-31,0.019067619089267573,0.0219624098479847,-0.05042521947166012,0.0284224895307063,0.001782422107218,0.017285196982049573,0.020179987740766698,-0.05220764157887812,0.0266400674234883
2001-11-30,0.0767084566152787,-0.008202016567582793,-0.0537082708141533,-0.0335217781928011,0.0015451345433195,0.0751633220719592,-0.009747151110902293,-0.0552534053574728,-0.035066912736120594
2001-12-31,0.008760521482973349,-0.0058870090036606815,-0.013255974371433443,-0.0179562240524771,0.0013975409693907,0.007362980513582649,-0.007284549973051381,-0.014653515340824144,-0.019353765021867798
2002-01-31,-0.014595612773402378,0.005167122833208859,-0.031198752091002313,0.0047173201306733,0.0013647098773525,-0.01596032265075488,0.003802412955856359,-0.032563461968354815,0.0033526102533208
2002-02-28,-0.01928104192581792,0.007541689701550336,0.04367958170003439,0.0193728912539566,0.0014221565206407,-0.020703198446458623,0.006119533180909636,0.04225742517939369,0.017950734733315897
2002-03-31,0.03760735347665056,-0.018647579581842155,0.13481763346964604,-0.0367181000527807,0.0014795669370546,0.03612778653959596,-0.020127146518896754,0.13333806653259145,-0.0381976669898353
2002-04-30,-0.060630917535338225,0.01296837186013522,0.011070759839313604,0.0288526958373265,0.0014139520764002,-0.062044869611738426,0.01155441978373502,0.009656807762913404,0.027438743760926303
2002-05-31,-0.007363921618852465,0.012892967771699793,-0.0435118809939663,0.0071941820519481,0.0014303602255574,-0.008794281844409864,0.011462607546142393,-0.0449422412195237,0.0057638218263906995
2002-06-30,-0.07123280071195381,0.0001220018056267147,0.03417415987301431,0.0220850732515076,0.0014057468926966,-0.07263854760465041,-0.0012837450870698854,0.03276841298031771,0.020679326358811
2002-07-31,-0.07795494840008121,0.0005448749227414673,0.005781794398538098,0.0326911883394335,0.0013893343063426,-0.07934428270642381,-0.0008444593836011327,0.004392460092195499,0.031301854033090895
2002-08-31,0.006572365086236154,0.026424234542513636,0.06047936201265025,0.0343915002188866,0.001340078785663,0.005232286300573154,0.025084155756850635,0.05913928322698725,0.0330514214332236
2002-09-30,-0.10868594935942699,0.019377266752189648,0.04566563507806354,0.0464745780291576,0.0013482898900922,-0.11003423924951919,0.018028976862097448,0.04431734518797134,0.045126288139065406
2002-10-31,0.08801932150135228,-0.012763246820840735,-0.04718525565260512,-0.0203701817886332,0.0013072269593599,0.08671209454199237,-0.014070473780200635,-0.04849248261196502,-0.0216774087479931
2002-11-30,0.05885837669766247,0.013809546291487784,-0.0021706658782383315,-0.0193066632150348,0.0010192665680117,0.057839110129650775,0.012790279723476084,-0.003189932446250031,-0.020325929783046502
2002-12-31,-0.05874359841255483,0.030976164419711072,0.08530929589691127,0.0365063045046296,0.0009862987191306,-0.05972989713168543,0.029989865700580473,0.08432299717778068,0.035520005785499
2003-01-31,-0.02619771773687818,0.0034630209588051297,0.08991199775388958,-0.0096313425701053,0.000969810314674,-0.02716752805155218,0.0024932106441311296,0.08894218743921559,-0.010601152884779301
2003-02-28,-0.01500647604598504,0.0208564655043062,0.12122635999735332,0.0282773198485517,0.000969810314674,-0.01597628636065904,0.0198866551896322,0.12025654968267932,0.0273075095338777
2003-03-31,0.009713072041577675,0.0009112822623316141,-0.1441112286259275,-0.0056706107898149,0.0009368245400691,0.008776247501508575,-2.5542277737485822e-05,-0.14504805316599662,-0.0066074353298839995
2003-04-30,0.08236863144850193,0.019009368850773756,-0.06137152485533448,-0.0006003860106767,0.0009368245400691,0.08143180690843282,0.018072544310704656,-0.062308349395403584,-0.0015372105507457999
2003-05-31,0.05268255632734431,0.03187664372950971,0.0958768383037385,0.0479387754839625,0.0008873234469353,0.05179523288040901,0.030989320282574413,0.0949895148568032,0.0470514520370272
2003-06-30,0.01276119488078642,-0.001640958319658603,0.0021945903879139195,-0.0101580412709732,0.0007634527638813,0.01199774211690512,-0.002404411083539903,0.0014311376240326195,-0.0109214940348545
2003-07-31,0.017630598469141168,-0.042217466112719704,0.007121631858834077,-0.0713639348927201,0.0007469239231387,0.016883674546002467,-0.042964390035858405,0.0063747079356953765,-0.0721108588158588
2003-08-31,0.019500459190277875,0.007850268004498284,0.040864217562884164,0.007882591750949,0.0007882403958696,0.018712218794408274,0.007062027608628684,0.04007597716701457,0.0070943513550794
2003-09-30,-0.010620275441637683,0.03569228985675266,-0.04083942637375526,0.0448161040583909,0.0007799786022335,-0.011400254043871183,0.03491231125451916,-0.04161940497598876,0.0440361254561574
2003-10-31,0.05657428235377493,-0.011235562022960943,0.021908432976714964,-0.0251472499263736,0.0007634527638813,0.055810829589893626,-0.011999014786842243,0.021144980212833665,-0.0259107026902549
2003-11-30,0.008798753918460855,0.00487501149766878,0.025589793605825584,0.003776079455595,0.0007717160582849,0.008027037860175956,0.00410329543938388,0.024818077547540684,0.0030043633973101
2003-12-31,0.052442494785530425,0.013012068552759493,0.062449720476355886,0.0103140428280157,0.0007469239231387,0.051695570862391724,0.012265144629620793,0.061702796553217185,0.009567118904877001
2004-01-31,0.018355601647641606,0.010766664349760147,0.0039182719543593425,0.0134727671263416,0.0007303920788652,0.017625209568776407,0.010036272270894946,0.0031878798754941427,0.0127423750474764
2004-02-29,0.013898199327521343,0.011628466706551377,0.07420395798347013,0.0184101333083144,0.0007717160582849,0.013126483269236443,0.010856750648266477,0.07343224192518523,0.0176384172500295
2004-03-31,-0.015086177694809466,0.010250832710216873,0.02009604822847222,0.0151378115972859,0.0007799786022335,-0.015866156297042966,0.009470854107983373,0.01931606962623872,0.0143578329950524
2004-04-30,-0.015699054476913554,-0.031072952132312426,0.027579846660355622,-0.0489667891695191,0.0007799786022335,-0.016479033079147054,-0.031852930734545926,0.026799868058122123,-0.0497467677717526
2004-05-31,0.01372108446762721,-0.00708333333333333,0.04626878809647472,-0.0056215134176764,0.0008460519545316,0.01287503251309561,-0.00792938528786493,0.04542273614194312,-0.006467565372208
2004-06-30,0.019449785205772452,0.004860819695062357,-0.04699984022629944,0.0078343693165339,0.0010522224777222,0.01839756272805025,0.0038085972173401575,-0.04805206270402164,0.006782146838811701
2004-07-31,-0.033100401913040645,0.012082825822167909,0.0775265626937125,0.0141491662277788,0.0011016339761076,-0.03420203588914825,0.010981191846060308,0.0764249287176049,0.0130475322516712
2004-08-31,0.0040473776533256345,0.023450770574440893,-0.038830021166113116,0.0344208022835618,0.001225045484541,0.0028223321687846346,0.022225725089899895,-0.040055066650654114,0.0331957567990208
2004-09-30,0.010829365571846328,0.005227756835392894,0.12613930474998658,0.0033900046522481,0.0013647098773525,0.009464655694493828,0.0038630469580403937,0.12477459487263408,0.0020252947748956
2004-10-31,0.015277905797769442,0.010107019431947917,0.04148297003983026,0.0115032558414218,0.001454966905757,0.013822938892012443,0.008652052526190918,0.04002800313407326,0.010048288935664802
2004-11-30,0.04046269730832286,-0.01039633117377281,-0.04837338256898238,-0.0207650585619973,0.0017088472872288,0.038753850021094056,-0.01210517846100161,-0.050082229856211184,-0.022473905849226098
2004-12-31,0.034028083334087356,0.014176808880566938,-0.09988568720300284,0.0139077921830967,0.0018069338440696,0.03222114949001775,0.012369875036497339,-0.10169262104707244,0.0121008583390271
2005-01-31,-0.02437831342660124,0.008090465514967615,0.06761554241256307,0.0120646077032836,0.0019212348036832,-0.02629954823028444,0.006169230711284415,0.06569430760887987,0.010143372899600399
2005-02-28,0.021045948032373474,-0.006436126027719813,0.06226204852519146,-0.0137458600197429,0.0020924177544194,0.018953530277954073,-0.008528543782139212,0.06016963077077206,-0.0158382777741623
2005-03-31,-0.01770582337008797,-0.010770030874966197,0.0755926959442823,-0.0071287397311201,0.0022551506231971,-0.01996097399328507,-0.013025181498163296,0.0733375453210852,-0.0093838903543172
2005-04-30,-0.018967694822626835,0.01391523088901736,-0.09050865721302626,0.027438306736296,0.0022876623469241,-0.021255357169550935,0.01162756854209326,-0.09279631955995035,0.0251506443893719
2005-05-31,0.031820717349376304,0.01232623163864055,-0.0073283438303904935,0.0208506989503209,0.0023364081918575,0.029484309157518804,0.00998982344678305,-0.009664752022247994,0.0185142907584634
2005-06-30,0.0014194031576137967,0.008059078295598932,0.05795197507050265,0.0085100735905237,0.0024419348179574,-0.0010225316603436033,0.005617143477641532,0.055510040252545245,0.0060681387725663
2005-07-31,0.037187886344447474,-0.010355096186623225,0.054953039036215845,-0.0237900923089644,0.0026445278387947,0.03454335850565277,-0.012999624025417926,0.052308511197421144,-0.026434620147759103
2005-08-31,-0.009122981734058233,0.01629308047754896,0.15143472261871138,0.0248345761592737,0.0028224379721812,-0.011945419706239434,0.01347064250536776,0.14861228464653017,0.0220121381870925
2005-09-30,0.00809492376261467,-0.015820842072952424,0.00017946395369849988,-0.0220055190930611,0.0028062786637694,0.00528864509884527,-0.018627120736721823,-0.0026268147100709,-0.0248117977568305
2005-10-31,-0.016670879068254152,-0.010285766266845076,-0.1032510094708865,-0.014419784071114,0.0030403087768253,-0.019711187845079452,-0.013326075043670376,-0.1062913182477118,-0.0174600928479393
2005-11-30,0.03782239719377234,0.005363743196843407,-0.03847788175327105,0.0102078453870326,0.0031772200986699,0.03464517709510244,0.0021865230981735068,-0.04165510185194095,0.0070306252883627005
2005-12-31,0.0003496630596047101,0.009893166858217617,0.028685383919458296,0.0117450818214423,0.0031852673082803,-0.00283560424867559,0.006707899549937317,0.025500116611177997,0.008559814513162001
2006-01-31,0.026478656025176184,-0.0021015059715100426,0.04334105938377775,-0.0073730803538126,0.0034664732719604,0.023012182753215784,-0.005567979243470442,0.03987458611181735,-0.010839553625773
2006-02-28,0.0027141782982520457,0.003978590775371771,-0.10104391870058826,0.0021137602105054,0.00361876568744,-0.0009045873891879541,0.00035982508793177105,-0.10466268438802827,-0.0015050054769345997
2006-03-31,0.012448635597123614,-0.012598425196850394,0.05130409866935559,-0.0203476597349916,0.0036828128357737,0.008765822761349913,-0.016281238032624094,0.04762128583358189,-0.0240304725707653
2006-04-30,0.013423961875255852,-0.003974167908594284,0.06333438198506092,-0.0120106750837599,0.0037548121811461,0.009669149694109752,-0.007728980089740383,0.059579569803914816,-0.015765487264906
2006-05-31,-0.02877936179769114,-0.0008006300039375969,-0.007696297031783095,0.0004582728689609,0.00385072302357,-0.03263008482126114,-0.004651353027507597,-0.011547020055353095,-0.0033924501546091
2006-06-30,0.0013530167014950134,0.0007487291308174715,0.011624398609114017,0.0019999191678056,0.00390662449984,-0.0025536077983449867,-0.0031578953690225287,0.007717774109274017,-0.0019067053320344003
2006-07-31,0.006173174485320176,0.014818995615992314,0.020052176861302895,0.0167744519301174,0.0040342708735832,0.0021389036117369763,0.010784724742409114,0.016017905987719697,0.012740181056534199
2006-08-31,0.023792949228760962,0.01870917674448691,-0.07257490887489448,0.0238047596653862,0.0040422428477437,0.019750706381017263,0.014666933896743211,-0.07661715172263818,0.0197625168176425
2006-09-30,0.02576816468265175,0.010861905880411138,-0.10706430583186377,0.011876887678905,0.0039225900629809,0.02184557461967085,0.006939315817430238,-0.11098689589484467,0.0079542976159241
2006-10-31,0.032583502904404815,0.008622530364118308,-0.025682593581549118,0.0062841558875044,0.0040103507726252,0.028573152131779616,0.004612179591493108,-0.029692944354174317,0.0022738051148792
2006-11-30,0.01902015555116021,0.014165011487668577,0.05528091628559384,0.0157446759263797,0.0040262982030947,0.014993857348065512,0.010138713284573877,0.05125461808249914,0.011718377723284998
2006-12-31,0.014026685842574382,-0.008981962402229815,-0.07117885878826458,-0.0159242441608283,0.0039545128129423,0.010072173029632082,-0.012936475215172116,-0.07513337160120688,-0.0198787569737706
2007-01-31,0.015122641547361981,0.00032833805190213283,-0.022898795020883544,-0.0054599641006862,0.0040581847075893,0.011064456839772682,-0.003729846655687167,-0.026956979728472844,-0.0095181488082755
2007-02-28,-0.01956115215710974,0.020294540229885083,0.04297015322449371,0.0254014383306709,0.0040980271803598,-0.02365917933746954,0.016196513049525282,0.03887212604413391,0.021303411150311098
2007-03-31,0.011186833026724186,-0.004874081178034451,0.03234296789425728,-0.0031694220300903,0.0040262982030947,0.0071605348236294854,-0.00890037938112915,0.02831666969116258,-0.007195720233185
2007-04-30,0.04429756365397308,0.007398777646298038,-0.002750370915903022,0.0055895255212237,0.0039704700018041,0.04032709365216898,0.0034283076444939385,-0.006720840917707122,0.0016190555194196005
2007-05-31,0.03489320030160803,-0.00989955134143461,-0.015533911157619151,-0.0171242959294173,0.0038587110455146,0.03103448925609343,-0.013758262386949209,-0.01939262220313375,-0.0209830069749319
2007-06-30,-0.01661234360214492,-0.004806633888603473,0.032212608899551354,-0.0058626993378808,0.0037628086026935,-0.020375152204838418,-0.008569442491296974,0.028449800296857855,-0.0096255079405743
2007-07-31,-0.031006094301293752,0.002857353537587981,0.055459761369417215,0.0239543356184005,0.0039305717973199,-0.03493666609861365,-0.001073218259731919,0.05152918957209732,0.0200237638210806
2007-08-31,0.014988397191879166,0.009846632721212112,-0.041868394860393066,0.0233399536768577,0.0034343792900468,0.011554017901832365,0.0064122534311653115,-0.045302774150439866,0.019905574386810898
2007-09-30,0.037400372754206934,0.005606455918937048,0.10225816902497864,0.0002596750899522,0.0031852673082803,0.03421510544592663,0.0024211886106567477,0.09907290171669834,-0.0029255922183281
2007-10-31,0.015907127256301612,0.010866810672523375,0.09606931470792457,0.0129410969276264,0.0031933138078821,0.012713813448419512,0.007673496864641275,0.09287600090004247,0.0097477831197443
2007-11-30,-0.04180842988140243,0.008792192676157162,-0.036972662231671505,0.0459389244782133,0.0026849924609559,-0.044493422342358334,0.006107200215201262,-0.03965765469262741,0.0432539320172574
2007-12-31,-0.006937014740380998,-0.0005561866893873946,0.057652465615280146,-0.0016290908249294,0.0024662697723036,-0.009403284512684598,-0.0030224564616909947,0.05518619584297654,-0.004095360597233
2008-01-31,-0.05998104234898716,0.011816664101258478,-0.0002548518075847772,0.034986335167476,0.00226327964177,-0.062244321990757155,0.009553384459488478,-0.002518131449354777,0.032723055525706
2008-02-29,-0.03248301353714156,0.0007196770229944693,0.11258476739648238,0.015989455703105,0.0017497295255153,-0.03423274306265686,-0.0010300525025208306,0.11083503787096707,0.014239726177589701
2008-03-31,-0.004319497052708621,-0.013272292481567805,-0.011741763870190325,0.010917681081016,0.0010439846190974,-0.00536348167180602,-0.014316277100665204,-0.012785748489287724,0.0098736964619186
2008-04-30,0.04870187258421854,0.005724003484175899,0.07964567524391253,-0.0224539769747474,0.0010686959582126,0.04763317662600594,0.004655307525963299,0.07857697928569993,-0.023522672932960002
2008-05-31,0.012953623166434225,-0.009102746142379936,0.09103952759114131,-0.0195220296547282,0.0014303602255574,0.011523262940876825,-0.010533106367937336,0.08960916736558391,-0.0209523898802856
2008-06-30,-0.08430472359561636,-0.0038350853826759623,0.0921653506822806,0.009903254317038,0.0015369411743291,-0.08584166476994547,-0.005372026557005062,0.0906284095079515,0.0083663131427089
2008-07-31,-0.008407683254493814,-0.008612919976841216,-0.12226322030701964,0.0042686947030954,0.0013482898900922,-0.009755973144586014,-0.009961209866933416,-0.12361151019711183,0.0029204048130031996
2008-08-31,0.014465924888693138,0.007020036605336566,-0.07102244114995415,0.017268642724893,0.0014221565206407,0.013043768368052438,0.005597880084695866,-0.07244459767059486,0.0158464862042523
2008-09-30,-0.08910565799381842,-0.07337590128062543,-0.12441975724490384,0.0025981243020227,0.0009368245400691,-0.09004248253388752,-0.07431272582069454,-0.12535658178497294,0.0016612997619536002
2008-10-31,-0.16795056120710483,-0.07381168986186126,-0.2819855956802827,-0.0081915985308815,0.0005566260882747,-0.16850718729537953,-0.07436831595013596,-0.2825422217685574,-0.0087482246191562
2008-11-30,-0.07175186154441271,0.038781182732028796,-0.14840794663753776,0.0971359633898583,0.0001581956185308,-0.0719100571629435,0.03862298711349799,-0.14856614225606857,0.09697776777132751
2008-12-31,0.010642094336859032,0.05554065291450949,-0.133196281141315,0.0635344976651285,2.4996563158685703e-05,0.010617097773700346,0.055515656351350806,-0.13322127770447367,0.06350950110196982
2009-01-31,-0.08428882183470598,0.003329140141552056,-0.08938874860367274,-0.0499279612549456,0.0001082688382827,-0.08439709067298869,0.003220871303269356,-0.08949701744195544,-0.0500362300932283
2009-02-28,-0.1064779993427244,-0.015577310317751891,-0.061004345771825896,-0.0096198256817142,0.0002496569074161,-0.1067276562501405,-0.015826967225167993,-0.061254002679242,-0.009869482589130299
2009-03-31,0.08759800952399832,-0.002071245706346092,0.04505459122442401,0.0303510264681195,0.0001748317881415,0.08742317773585682,-0.002246077494487592,0.044879759436282515,0.030176194679978
2009-04-30,0.09570913847802687,0.030843109449529393,-0.009186520718611146,-0.0347530450684044,0.0001332356553898,0.09557590282263707,0.030709873794139593,-0.009319756374000947,-0.034886280723794204
2009-05-31,0.055931611052769004,0.04334531811786779,0.1966516520604087,-0.0222736405240831,0.0001498763921259,0.0557817346606431,0.04319544172574189,0.19650177566828278,-0.022423516916209002
2009-06-30,0.0019853143855079747,0.03035533420833403,0.005710948717500441,-0.0013303283866657,0.0001498763921259,0.0018354379933820746,0.030205457816208127,0.005561072325374542,-0.0014802047787916002
2009-07-31,0.07563352877310114,0.03947720477891137,0.004430878733360455,0.004629409153831,0.0001498763921259,0.07548365238097525,0.039327328386785466,0.004281002341234555,0.0044795327617051005
2009-08-31,0.03610345331981035,0.021627338298574772,-0.0236428281929133,0.013807356615182,0.0001415564044608,0.03596189691534955,0.021485781894113973,-0.0237843845973741,0.013665800210721201
2009-09-30,0.03731770053124239,0.020030234315948636,0.001726466652343328,0.0112599948493014,9.994504212973432e-05,0.03721775548911266,0.019930289273818902,0.0016265216102135938,0.011160049807171666
2009-10-31,-0.018576192928662527,0.008167276124812828,0.058727528920721195,-0.0046216945732744,5.831462642125196e-05,-0.01863450755508378,0.008108961498391576,0.05866921429429994,-0.004680009199695652
2009-11-30,0.05998224648502415,0.01415164685329584,0.015243416184190783,0.0209260145062214,4.165712110459907e-05,0.05994058936391955,0.014109989732191242,0.015201759063086184,0.020884357385116802
2009-12-31,0.01931565516431144,-0.010025786596221775,0.008643220967679,-0.0486765168410974,4.165712110459907e-05,0.01927399804320684,-0.010067443717326374,0.0086015638465744,-0.048718173962202
2010-01-31,-0.03597277582908165,0.02008488063660474,-0.07894386113406571,0.0226465099602194,4.99862552685304e-05,-0.03602276208435018,0.02003489438133621,-0.07899384738933424,0.02259652370495087
2010-02-28,0.030975496421446147,0.0037496229574696116,0.05558415794784555,0.0059466149964475,9.162048384192544e-05,0.03088387593760422,0.003658002473627686,0.05549253746400362,0.005854994512605575
2010-03-31,0.06034702413052129,0.0034661955265871125,0.01935388158306628,-0.0145757667901769,0.0001249141447667,0.060222109985754585,0.0033412813818204127,0.01922896743829958,-0.0147006809349436
2010-04-30,0.015786410738919843,0.017580908321113586,0.02774993864709563,0.016854142138724,0.0001332356553898,0.015653175083530042,0.017447672665723786,0.02761670299170583,0.0167209064833342
2010-05-31,-0.07985057037717469,-0.005713386881535998,-0.1318920685072278,0.0362860028392596,0.0001332356553898,-0.07998380603256448,-0.005846622536925798,-0.1320253041626176,0.0361527671838698
2010-06-30,-0.05234864530129313,0.02057615268811719,0.004171805723822919,0.033088401204893,9.994504212973432e-05,-0.05244859034342286,0.020476207645987454,0.004071860681693185,0.03298845616276327
2010-07-31,0.07006060138505243,0.02046633031147027,0.05630147187528256,0.0065476197962823,0.0001332356553898,0.06992736572966264,0.02033309465608047,0.05616823621989276,0.0064143841408924995
2010-08-31,-0.0451400100707674,0.021888475107800787,-0.055247831753307386,0.0449215794714325,0.0001332356553898,-0.0452732457261572,0.021755239452410986,-0.055381067408697186,0.0447883438160427
2010-09-30,0.08924133290705716,0.00590274614355546,0.08488189450266215,-0.0016866366513872,0.0001249141447667,0.08911641876229046,0.00577783199878876,0.08475698035789545,-0.0018115507961539
2010-10-31,0.0380523410809408,0.0021022223493407655,0.025567797270447112,-0.0048051026099494,0.0001082688382827,0.0379440722426581,0.0019939535110580654,0.025459528432164414,-0.0049133714482321005
2010-11-30,0.00012616131707976486,-0.008552985220175113,0.01082459142831027,-0.0117647297695734,0.0001165918724463,9.569444633464856e-06,-0.008669577092621414,0.01070799955586397,-0.0118813216420197
2010-12-31,0.06683187115331202,-0.009480810474952195,0.09402620990203103,-0.0374847543986706,0.0001165918724463,0.06671527928086572,-0.009597402347398495,0.09390961802958474,-0.0376013462711169
2011-01-31,0.023700562531841385,0.0023686696214488823,0.030517532407410508,-0.0056507530581517,0.0001249141447667,0.023575648387074686,0.0022437554766821825,0.03039261826264381,-0.0057756672029184
2011-02-28,0.034258986245601086,0.007084384393091447,0.03745539919724372,0.0042228363798048,0.0001082688382827,0.034150717407318384,0.006976115554808747,0.03734713035896102,0.0041145675415221
2011-03-31,0.00039753079391324775,0.00027351247600782,0.04351437810910452,-1.8581379475222093e-05,8.329516327321151e-05,0.00031423563064003623,0.0001902173127346085,0.04343108294583131,-0.00010187654274843361
2011-04-30,0.02961457779382526,0.016981919532565337,0.04411719828764871,0.0170092366378892,4.99862552685304e-05,0.029564591538556728,0.016931933277296807,0.044067212032380176,0.01695925038262067
2011-05-31,-0.011319520481623324,0.014316240324155682,-0.06888427836277466,0.0273334334740853,3.3327223783574667e-05,-0.011352847705406899,0.014282913100372108,-0.06891760558655824,0.027300106250301725
2011-06-30,-0.016669153060132724,-0.008328992894081066,-0.05305380300456497,-0.0068705067120068,3.3327223783574667e-05,-0.0167024802839163,-0.008362320117864641,-0.053087130228348545,-0.006903833935790375
2011-07-31,-0.020333072710161826,0.022945868758822208,0.0243488156676972,0.0353648787562652,3.3327223783574667e-05,-0.0203663999339454,0.022912541535038633,0.024315488443913624,0.035331551532481624
2011-08-31,-0.05432408864160487,0.0010268917271034628,-0.018446130400390337,0.0562676743784766,1.6665139084048874e-05,-0.05434075378068892,0.001010226588019414,-0.018462795539474386,0.05625100923939255
2011-09-30,-0.07029631842319006,-0.0013372535011312303,-0.12168786378992258,0.0309655798463877,8.332951413336787e-06,-0.0703046513746034,-0.001345586452544567,-0.12169619674133592,0.030957246894974363
2011-10-31,0.1092920593446356,0.017545146882136597,0.09746200093716628,-0.01916678869152,1.6665139084048874e-05,0.10927539420555155,0.01752848174305255,0.09744533579808223,-0.01918345383060405
2011-11-30,-0.0022084033314586637,-0.018662232076866125,0.014165522288577925,0.0111975673485954,8.332951413336787e-06,-0.0022167362828720005,-0.018670565028279462,0.014157189337164588,0.011189234397182063
2011-12-31,0.010228846127483093,0.019260531524539326,-0.021074530138384118,0.0201990137665129,8.332951413336787e-06,0.010220513176069757,0.01925219857312599,-0.021082863089797454,0.020190680815099563
2012-01-31,0.044813659770906344,0.021829732591407858,0.02232251538757679,0.008473645425893,2.4996563158685703e-05,0.04478866320774766,0.021804736028249172,0.022297518824418106,0.008448648862734314
2012-02-29,0.043241775951570416,0.008488028572688489,0.06063457731704158,-0.0104675396909104,7.496908027748717e-05,0.04316680687129293,0.008413059492411001,0.060559608236764095,-0.010542508771187887
2012-03-31,0.03290793592168351,-0.005902542465513805,-0.02350244135754298,-0.0189823391932822,6.66422347088691e-05,0.03284129368697464,-0.005969184700222674,-0.02356908359225185,-0.01904898142799107
2012-04-30,-0.006273990500625604,0.012759219756778739,-0.0051328343179242175,0.0285560391123036,6.66422347088691e-05,-0.006340632735334473,0.01269257752206987,-0.005199476552633087,0.02848939687759473
2012-05-31,-0.06010131843340516,0.005788957119157834,-0.12977989944946344,0.0359757016119321,7.496908027748717e-05,-0.06017628751368265,0.0057139880388803466,-0.12985486852974093,0.035900732531654614
2012-06-30,0.041202527942957756,0.004991385973169393,0.01201363038521941,-0.004551248320028,7.496908027748717e-05,0.04112755886268027,0.004916416892891906,0.011938661304941922,-0.004626217400305487
2012-07-31,0.013888745439514905,0.028072436682348156,0.06373503987109697,0.0174349873798037,8.329516327321151e-05,0.013805450276241693,0.027989141519074945,0.06365174470782375,0.01735169221653049
2012-08-31,0.02252337785268077,0.003995169021559608,0.06365185817050922,-0.0028156236604,8.329516327321151e-05,0.02244008268940756,0.0039118738582863966,0.06356856300723601,-0.0028989188236732116
2012-09-30,0.02584258200468681,0.007388291119482249,-0.014222395346032535,-0.004447443028546,9.162048384192544e-05,0.025750961520844884,0.007296670635640323,-0.01431401582987446,-0.004539063512387926
2012-10-31,-0.018465081819009077,0.013160069415750986,-0.040657745246550525,-0.0035276203955496,8.329516327321151e-05,-0.01854837698228229,0.013076774252477774,-0.04074104040982374,-0.0036109155588228115
2012-11-30,0.005799392317403118,-0.0008197222732000409,0.014769994211524917,0.0120347206637515,7.496908027748717e-05,0.005724423237125631,-0.000894691353477528,0.01469502513124743,0.011959751583474013
2012-12-31,0.009114227632879057,-0.0001959151687319638,-0.0064835909581856255,-0.0116431319147481,5.831462642125196e-05,0.009055913006457805,-0.00025422979515321575,-0.006541905584606877,-0.011701446541169351
2013-01-31,0.05179599979957472,-0.0071727167328010655,0.04357448823277066,-0.0184200829160371,5.831462642125196e-05,0.05173768517315347,-0.0072310313592223174,0.043516173606349406,-0.018478397542458353
2013-02-28,0.013575489324408219,0.007068285642621852,-0.04385256510530411,0.0149695946367926,8.329516327321151e-05,0.013492194161135007,0.006984990479348641,-0.04393586026857732,0.014886299473519389
2013-03-31,0.037503044991254564,0.0006614458716796001,0.007696705339295784,0.0049518668637452,7.496908027748717e-05,0.03742807591097708,0.000586476791402113,0.007621736259018297,0.004876897783467712
2013-04-30,0.01926675406801892,0.016998531091888314,-0.04730080525157865,0.0185103825528403,4.99862552685304e-05,0.01921676781275039,0.016948544836619783,-0.04735079150684718,0.01846039629757177
2013-05-31,0.023390087514379987,-0.02280879131460478,-0.014891174360915915,-0.0379820833384781,3.3327223783574667e-05,0.023356760290596412,-0.022842118538388356,-0.01492450158469949,-0.038015410562261674
2013-06-30,-0.01342813167604373,-0.02759883560997045,0.002335794496555632,-0.0282899100347835,4.165712110459907e-05,-0.01346978879714833,-0.02764049273107505,0.002294137375451033,-0.0283315671558881
2013-07-31,0.0508864835042393,0.007388985766702216,0.04913731764207663,-0.003420651955394,3.3327223783574667e-05,0.050853156280455725,0.007355658542918642,0.04910399041829305,-0.0034539791791775745
2013-08-31,-0.02896132169031196,-0.00768266768375736,0.03376022926227873,-0.0120713817672945,3.3327223783574667e-05,-0.028994648914095533,-0.007715994907540935,0.033726902038495155,-0.012104708991078074
2013-09-30,0.031358276472711166,0.009250029566304496,-0.03391642423938879,0.0159544611161565,1.6665139084048874e-05,0.03134161133362712,0.009233364427220447,-0.033933089378472836,0.015937795977072452
2013-10-31,0.045967295093059635,0.014965724473311903,-0.014428692217618999,0.0097874036721432,4.165712110459907e-05,0.045925637971955036,0.014924067352207304,-0.014470349338723598,0.009745746551038601
2013-11-30,0.030473912518165225,-0.002878089410445206,-0.007795643820090792,-0.0118553714996858,5.831462642125196e-05,0.030415597891743973,-0.002936404036866458,-0.007853958446512044,-0.011913686126107052
2013-12-31,0.025317627354634054,-0.001794693661505753,0.01927374531594106,-0.0210151345843674,5.831462642125196e-05,0.0252593127282128,-0.001853008287927005,0.019215430689519808,-0.02107344921078865
2014-01-31,-0.03457608862369477,0.017842495546625647,-0.016364477337332706,0.0358928654813105,3.3327223783574667e-05,-0.03460941584747834,0.017809168322842073,-0.01639780456111628,0.03585953825752693
2014-02-28,0.04574577355919507,0.010972864951545924,0.04508241781894884,0.0043568902569373,4.165712110459907e-05,0.04570411643809047,0.010931207830441325,0.04504076069784424,0.004315233135832701
2014-03-31,0.008403625503505596,0.0007125804672434288,0.0013976967552769004,-0.0028126819514676,4.165712110459907e-05,0.008361968382400997,0.0006709233461388298,0.0013560396341723013,-0.002854339072572199
2014-04-30,0.007391461171702307,0.01165868769360734,0.007416139787162823,0.008473852182545,2.4996563158685703e-05,0.007366464608543621,0.011633691130448653,0.0073911432240041375,0.008448855619386315
2014-05-31,0.02347625881264337,0.01529021585251411,-0.0017543709725700296,0.0198568214935295,2.4996563158685703e-05,0.023451262249484683,0.015265219289355425,-0.0017793675357287153,0.019831824930370813
2014-06-30,0.020656293518999336,0.001676373705999934,0.021170756598973828,-0.0013378677087737,3.3327223783574667e-05,0.02062296629521576,0.0016430464822163593,0.021137429375190253,-0.0013711949325572747
2014-07-31,-0.013791528350802995,-0.0011769720146553864,-0.05297203257083061,-0.0014330689074867,2.4996563158685703e-05,-0.01381652491396168,-0.001201968577814072,-0.05299702913398929,-0.0014580654706453857
2014-08-31,0.04000357932704479,0.014269495772001095,-0.01639539185911043,0.0231218545127552,2.4996563158685703e-05,0.039978582763886106,0.01424449920884241,-0.016420388422269117,0.023096857949596514
2014-09-30,-0.014020162057698515,-0.012432213366269762,-0.060238299987945165,-0.0121652671200145,1.6665139084048874e-05,-0.014036827196782564,-0.012448878505353811,-0.060254965127029214,-0.01218193225909855
2014-10-31,0.024424800677674163,0.009333083200450343,-0.05983737244077436,0.017789847218016,1.6665139084048874e-05,0.024408135538590114,0.009316418061366294,-0.05985403757985841,0.01777318207893195
2014-11-30,0.02689408693115003,0.006350386444248235,-0.10920409376097073,0.0177578530762168,1.6665139084048874e-05,0.02687742179206598,0.006333721305164186,-0.10922075890005478,0.017741187937132752
2014-12-31,-0.002519216829407256,-0.0014005817801240328,-0.13630366713153697,0.0031901146592909,2.4996563158685703e-05,-0.0025442133925659416,-0.0014255783432827185,-0.13632866369469565,0.0031651180961322144
2015-01-31,-0.03002035152924043,0.027403594217194183,-0.07496484237602097,0.0468821153579636,2.4996563158685703e-05,-0.030045348092399116,0.027378597654035497,-0.07498983893917965,0.04685711879480491
2015-02-28,0.057473686614352815,-0.008359585958595872,0.06465246941440528,-0.0268203371798168,1.6665139084048874e-05,0.057457021475268766,-0.008376251097679921,0.06463580427532123,-0.02683700231890085
2015-03-31,-0.015815639164743267,0.0037139150791758446,-0.06805435154055295,0.0076247243788176,2.4996563158685703e-05,-0.015840635727901953,0.003688918516017159,-0.06807934810371163,0.007599727815658914
2015-04-30,0.009594591074544079,-0.005339251600456563,0.11057785946114573,-0.007574039294918,1.6665139084048874e-05,0.00957792593546003,-0.0053559167395406115,0.11056119432206168,-0.007590704434002049
2015-05-31,0.012858597308287534,-0.00505348971118591,-0.0198700298826876,-0.0038891929709355,1.6665139084048874e-05,0.012841932169203485,-0.005070154850269959,-0.01988669502177165,-0.003905858110019549
2015-06-30,-0.019359123789635224,-0.016394940641633826,-0.0011226899825370618,-0.0178052407165185,1.6665139084048874e-05,-0.019375788928719273,-0.016411605780717875,-0.0011393551216211106,-0.01782190585560255
2015-07-31,0.02095206811739847,0.005388331475288055,-0.14102089728986578,0.015918486919575,2.4996563158685703e-05,0.020927071554239784,0.005363334912129369,-0.14104589385302446,0.015893490356416313
2015-08-31,-0.06033421784540227,-0.006707016571182223,0.002995488904133037,0.0016033566887725,5.831462642125196e-05,-0.06039253247182352,-0.006765331197603475,0.002937174277711785,0.001545042062351248
2015-09-30,-0.02474358481868466,0.005240594450861558,-0.06326602788735103,0.0160006979337393,1.6665139084048874e-05,-0.02476024995776871,0.005223929311777509,-0.06328269302643508,0.01598403279465525
2015-10-31,0.08435457214648068,0.005359800723380381,0.0022944189942157855,-0.0064867981058937,1.6665139084048874e-05,0.08433790700739663,0.005343135584296332,0.0022777538551317367,-0.006503463244977749
2015-11-30,0.0029731408930131487,-0.00223988217606097,-0.08965939898970565,-0.0020986114530309,9.994504212973432e-05,0.0028731958508834143,-0.0023398272181907043,-0.08975934403183539,-0.0021985564951606342
2015-12-31,-0.015771957857693808,-0.008668276031736366,-0.0862957901830389,-0.003027489222369,0.0001914649144576,-0.015963422772151407,-0.008859740946193967,-0.0864872550974965,-0.0032189541368266
2016-01-31,-0.04962322898072313,0.0043856077614787825,-0.05170751146564445,0.0322085829828806,0.0002164089003005,-0.049839637881023635,0.004169198861178282,-0.05192392036594495,0.0319921740825801
2016-02-29,-0.0013491069275127776,0.007346923017527596,-0.020107532246629645,0.0203153253695393,0.0002579670100431,-0.0016070739375558776,0.007088956007484496,-0.020365499256672744,0.0200573583594962
2016-03-31,0.06783732412843513,0.027142107058404363,0.04930468138398392,-0.0015743235671833,0.0002413460452737,0.06759597808316142,0.026900761013130662,0.04906333533871022,-0.001815669612457
2016-04-30,0.0038779624059339657,0.013604223801794824,0.1014010818186799,-0.0024621727538487,0.0001914649144576,0.0036864974914763656,0.013412758887337223,0.10120961690422231,-0.0026536376683063
2016-05-31,0.01795723663142401,-0.0006515713176098448,0.022181511819013178,0.0010677518944392,0.0002247220418609,0.01773251458956311,-0.0008762933594707448,0.021956789777152277,0.0008430298525783
2016-06-30,0.0025922535383720025,0.021795825751268927,0.0008015524912168281,0.034203038611966,0.0002247220418609,0.0023675314965111026,0.021571103709408027,0.0005768304493559281,0.0339783165701051
2016-07-31,0.03686795964116185,0.01450299396880217,-0.0956793898872581,0.0044334854723325,0.0002496569074161,0.03661830273374575,0.01425333706138607,-0.0959290467946742,0.004183828564916401
2016-08-31,0.0014048510677484582,0.002739735762968376,0.01769067256264556,-0.0094335790233392,0.0002496569074161,0.0011551941603323583,0.002490078855552276,0.017441015655229458,-0.0096832359307553
2016-09-30,0.00018688478819450793,-0.0028810886475184594,0.04144628393465766,-5.847394497934033e-05,0.0002413460452737,-5.446125707919206e-05,-0.0031224346927921595,0.04120493788938396,-0.0002998199902530403
2016-10-31,-0.01824049272440731,-0.008277298380791276,-0.014971946850551143,-0.0197907662538671,0.0002745849373302,-0.01851507766173751,-0.008551883318121475,-0.015246531787881342,-0.0200653511911973
2016-11-30,0.037035137353959025,-0.026791569758065847,0.025349740930916465,-0.0446166094692276,0.0003742287788621,0.03666090857509693,-0.027165798536927948,0.024975512152054364,-0.0449908382480897
2016-12-31,0.019765374837583005,0.0062562829798906705,0.047153080408584236,-0.0045555952109147,0.000424009787461,0.019341365050122006,0.00583227319242967,0.046729070621123234,-0.0049796049983757
2017-01-31,0.01896619487883644,0.004102230061551859,-0.014128922592086868,0.0025422979357725,0.000424009787461,0.01854218509137544,0.0036782202740908592,-0.014552932379547868,0.0021182881483115
2017-02-28,0.039708178764865654,0.01131248929431794,0.0023238502540956496,0.0103651996246193,0.0004323039737159,0.03927587479114975,0.01088018532060204,0.0018915462803797496,0.0099328956509034
2017-03-31,0.0011647620747521348,-0.0012324724045104096,-0.03914610114953554,-0.00111625119057,0.0006145849741192,0.0005501771006329348,-0.0018470573786296095,-0.03976068612365474,-0.0017308361646892001
2017-04-30,0.010270539195507356,0.00997658299326365,-0.021061943972321306,0.0121680357018551,0.0006642346436225,0.009606304551884855,0.00931234834964115,-0.021726178615943805,0.0115038010582326
2017-05-31,0.014072531092810037,0.011624999106868428,-0.015362869344977992,0.0094585122768008,0.0007386583765147,0.013333872716295337,0.010886340730353728,-0.016101527721492693,0.0087198539002861
2017-06-30,0.006241750550943559,0.002454373375522678,-0.019217268832527057,-0.0065702922788594,0.0008130212763268,0.005428729274616759,0.001641352099195878,-0.020030290108853856,-0.0073833135551862
2017-07-31,0.02056280365850882,0.0074719142685026885,0.045847683648314375,0.0032640155204323,0.0008873234469353,0.01967548021157352,0.006584590821567388,0.04496036020137908,0.002376692073497
2017-08-31,0.0030620867698973875,0.00846900525903549,-0.007768451675651211,0.0183548384292505,0.000837795409097,0.0022242913608003876,0.007631209849938489,-0.008606247084748211,0.0175170430201535
2017-09-30,0.020627755782101964,-0.002281505932608896,0.033215909116142806,-0.0163286714668791,0.0008543077507923,0.019773448031309666,-0.003135813683401196,0.032361601365350504,-0.0171829792176714
2017-10-31,0.023334751501988382,0.0040347804328788595,0.038180776331863786,-0.0020960964113257,0.0008873234469353,0.022447428055053082,0.0031474569859435593,0.03729345288492849,-0.002983419858261
2017-11-30,0.030669580718061917,-0.0014018254883025882,0.013820787800348011,-0.001266964226082,0.0010192665680117,0.029650314150050216,-0.002421092056314288,0.012801521232336311,-0.0022862307940937
2017-12-31,0.011118318682830974,0.008526744863156077,0.044124036499753716,0.0039332057424857,0.0010934005891671,0.010024918093663874,0.007433344273988977,0.04303063591058662,0.0028398051533186
2018-01-31,0.05725377894461947,-0.009241693130421558,0.03419201567015073,-0.0255197906850328,0.0011674742711142,0.05608630467350527,-0.010409167401535758,0.03302454139903653,-0.026687264956146997
2018-02-28,-0.03685581181395381,-0.01496487728731244,-0.0333962778641117,-0.0104471077573001,0.0012990121499387,-0.03815482396389251,-0.016263889437251138,-0.0346952900140504,-0.0117461199072388
2018-03-31,-0.025414020168213147,0.0021517039311735875,0.022215935923575403,0.0137448303682671,0.0014057468926966,-0.026819767060909747,0.0007459570384769874,0.020810189030878803,0.0123390834755705
2018-04-30,0.003837109768069835,-0.008518055184628115,0.05037079877807682,-0.0155784075813858,0.001454966905757,0.002382142862312835,-0.009973022090385114,0.04891583187231982,-0.0170333744871428
2018-05-31,0.024082244244804096,0.004501183775890594,0.014472732491002338,0.012877002741045,0.0015369411743291,0.022545303070474997,0.002964242601561494,0.012935791316673238,0.0113400615667159
2018-06-30,0.006154449872648016,-0.005394858477584363,0.013552123302482455,0.0007226252357733,0.0015697102274137,0.004584739645234316,-0.006964568704998063,0.011982413075068754,-0.0008470849916404
2018-07-31,0.03721476479445185,0.007407170907697713,-0.03530602350542922,-0.0069386151657731,0.0016188417051281,0.03559592308932375,0.005788329202569613,-0.036924865210557316,-0.0085574568709012
2018-08-31,0.032583990699538656,0.005440581455540272,0.010773303359568942,0.0111533710248383,0.0016761282769228,0.030907862422615857,0.003764453178617472,0.009097175082646142,0.0094772427479155
2018-09-30,0.0056920706182788106,-0.0032536897331904013,0.03928725755402773,-0.0136919089354404,0.0017579037712718,0.003934166847007011,-0.005011593504462201,0.03752935378275593,-0.0154498127067122
2018-10-31,-0.06834998886769361,-0.013510522043760687,-0.05843344111306137,-0.0057483432106788,0.0018559375353361,-0.07020592640302971,-0.015366459579096787,-0.060289378648397465,-0.007604280746014901
2018-11-30,0.020378083784286183,-0.001909185461695273,-0.11280933873529364,0.0147492803567848,0.0019212348036832,0.018456848980602982,-0.003830420265378473,-0.11473057353897684,0.012828045553101599
2018-12-31,-0.0902898436547529,0.01501006380883041,-0.0775188537745709,0.0304297758091752,0.0019538658918776,-0.0922437095466305,0.013056197916952809,-0.0794727196664485,0.028475909917297603
2019-01-31,0.08013483569189983,0.02093397745571668,0.08988821717028928,0.0077271715977239,0.0019538658918776,0.07818096980002223,0.01898011156383908,0.08793435127841168,0.005773305705846299
2019-02-28,0.03210851327546971,0.003595387985067422,0.0381335703262109,-0.0062184010636846,0.0019701770533127,0.030138336222157006,0.0016252109317547218,0.0361633932728982,-0.008188578116997301
2019-03-31,0.019431281619924246,0.02489911329508332,0.01609188348386792,0.0305880329206711,0.0019783315388433,0.017452950081080946,0.02292078175624002,0.01411355194502462,0.0286097013818278
2019-04-30,0.04048931393952193,0.005567980928911975,0.02849165585998814,-0.0064431196602677,0.0019620218377029,0.03852729210181903,0.003605959091209075,0.02652963402228524,-0.0084051414979706
2019-05-31,-0.0635480335027736,0.014343982552815993,-0.0821344780084231,0.0352612166716753,0.0019375518090325,-0.06548558531180611,0.012406430743783493,-0.08407202981745561,0.03332366486264279
2019-06-30,0.07047670780596915,0.023000692613977636,0.04430431355494546,0.014638317426511,0.0017905934192179,0.06868611438675125,0.021210099194759736,0.04251372013572756,0.0128477240072931
2019-07-31,0.014373109105911164,0.006552222043959555,-0.0021178722373381698,0.0001188220330969,0.0017333788325151,0.012639730273396065,0.0048188432114444546,-0.00385125106985327,-0.0016145567994182
2019-08-31,-0.015841356518145777,0.030360991035792928,-0.05622822322546439,0.0495578228766942,0.0016106549662961,-0.01745201148444188,0.028750336069496826,-0.05783887819176049,0.047947167910398096
2019-09-30,0.018710674837483898,-0.006184718578288173,0.017491521612972516,-0.01498325575761,0.0015615190697231,0.0171491557677608,-0.007746237648011273,0.015930002543249416,-0.0165447748273331
2019-10-31,0.02165901486088595,0.006117359915571052,0.012446627061806215,0.0007128937816261,0.0013647098773525,0.020294304983533448,0.004752650038218552,0.011081917184453715,-0.0006518160957264001
2019-11-30,0.03629905189411575,0.0021659622132421674,-0.00012505798893558406,-0.0066202275293871,0.0012743632726075,0.03502468862150825,0.0008915989406346673,-0.0013994212615430842,-0.007894590801994601
2019-12-31,0.030182811111814756,0.0031492951136524727,0.06987946286861124,-0.0108862547471096,0.0012743632726075,0.028908447839207256,0.0018749318410449726,0.06860509959600374,-0.0121606180197171
2020-01-31,-0.00039212586234349533,0.02375793316138397,-0.10824931937903615,0.0394583378450749,0.0012579269787644,-0.0016500528411078953,0.02250000618261957,-0.10950724635780054,0.0382004108663105
2020-02-29,-0.08231873294630587,0.012903574939646001,-0.0838923600326208,0.0370741905065702,0.0012579269787644,-0.08357665992507027,0.0116456479608816,-0.08515028701138519,0.0358162635278058
2020-03-31,-0.12351349571065617,-0.07474036323917443,-0.29425369109386335,0.042473538150475,0.0002413460452737,-0.12375484175592988,-0.07498170928444814,-0.29449503713913705,0.0422321921052013
2020-04-30,0.12819402479140174,0.052727984294201447,-0.09671541272652939,0.0066328533667154,0.0001165918724463,0.12807743291895543,0.052611392421755145,-0.09683200459897569,0.0065162614942691
2020-05-31,0.04762743737938613,0.01748184624385596,0.16373108354688082,-2.684589810584725e-05,0.0001082688382827,0.047519168541103426,0.01737357740557326,0.16362281470859813,-0.00013511473638854723
2020-06-30,0.01988818896464828,0.020152378214227884,0.05090703987206702,3.499341761667552e-05,0.0001332356553898,0.01975495330925848,0.020019142558838084,0.05077380421667722,-9.824223777312447e-05
2020-07-31,0.05638519336235093,0.03150586404802791,0.03796606473264319,0.0115822768692532,0.0001082688382827,0.056276924524068225,0.03139759520974521,0.03785779589436049,0.0114740080309705
2020-08-31,0.07187979994601834,-0.011540639843810041,0.045850977902074375,-0.0152057562553861,8.329516327321151e-05,0.07179650478274513,-0.011623935007083253,0.04576768273880116,-0.015289051418659312
2020-09-30,-0.03799716499763972,-0.002640277329893581,-0.036393348764639843,0.004055725694173,9.162048384192544e-05,-0.038088785481481646,-0.0027318978137355066,-0.03648496924848177,0.0039641052103310745
2020-10-31,-0.026592680019229653,-0.0017176922299686481,-0.0357468953882073,-0.0168052750663358,8.329516327321151e-05,-0.026675975182502865,-0.0018009873932418596,-0.03583019055148051,-0.01688857022960901
2020-11-30,0.10946365941098035,0.026659919028340084,0.1204054815318405,0.0051120339413668,7.496908027748717e-05,0.10938869033070286,0.026584949948062597,0.12033051245156301,0.005037064861089313
2020-12-31,0.03844857198813356,0.004912413138451699,0.059707316863988114,-0.0070762073046041,7.496908027748717e-05,0.038373602907856075,0.004837444058174212,0.059632347783710626,-0.007151176384881587
2021-01-31,-0.01009624917619234,-0.01219857440373584,0.04944118606645054,-0.0152599515820377,6.66422347088691e-05,-0.01016289141090121,-0.01226521663844471,0.04937454383174167,-0.01532659381674657
2021-02-28,0.027574537649545094,-0.019556710772365204,0.10582407656439652,-0.0287420052550783,3.3327223783574667e-05,0.02754121042576152,-0.01959003799614878,0.10579074934061294,-0.028775332478861874
2021-03-31,0.04379560734264487,-0.013868991285573284,-0.021540363281960184,-0.0251764734360239,2.4996563158685703e-05,0.043770610779486185,-0.01389398784873197,-0.02156535984511887,-0.025201469999182585
2021-04-30,0.053369027112194045,0.011898088499003645,0.08230593647987905,0.0104865976418102,1.6665139084048874e-05,0.053352361973109996,0.011881423359919596,0.082289271340795,0.010469932502726152
2021-05-31,0.006984127269920037,0.007021848651752816,0.025217001187440635,0.0086395639877923,1.6665139084048874e-05,0.0069674621308359885,0.007005183512668767,0.025200336048356586,0.008622898848708252
2021-06-30,0.023345476895568984,0.016647369542802215,0.04292927336282504,0.013898070012855,3.3327223783574667e-05,0.02331214967178541,0.01661404231901864,0.04289594613904146,0.013864742789071426
2021-07-31,0.023754322593721122,0.01209410111563769,0.015742593809437322,0.0213709913282484,4.165712110459907e-05,0.023712665472616523,0.01205244399453309,0.015700936688332723,0.0213293342071438
2021-08-31,0.03040565081251234,-0.0019790007585703817,-0.02301752878039043,-0.003969640221522,4.165712110459907e-05,0.030363993691407742,-0.002020657879674981,-0.023059185901495027,-0.0040112973426265994
2021-09-30,-0.046509384175090984,-0.010570925327589298,0.06033318141692967,-0.0185970082390242,3.3327223783574667e-05,-0.04654271139887456,-0.010604252551372872,0.060299854193146096,-0.018630335462807776
2021-10-31,0.07006129606134426,0.002497342498759769,0.05797056435932246,-0.0012057073770507,4.165712110459907e-05,0.07001963894023966,0.00245568537765517,0.057928907238217864,-0.001247364498155299
2021-11-30,-0.006928760290665026,0.0009161445020020587,-0.10823589708940073,0.012526123348103,4.165712110459907e-05,-0.006970417411769625,0.0008744873808974596,-0.10827755421050533,0.0124844662269984
2021-12-31,0.04481641810716064,-0.0017147861461099811,0.07591811047803398,-0.006865020461615,4.99862552685304e-05,0.04476643185189211,-0.0017647724013785115,0.07586812422276545,-0.00691500671688353
2022-01-31,-0.05174684964309462,-0.03124743542941877,0.1163368881706921,-0.0230722534089767,0.0001249141447667,-0.05187176378786132,-0.03137234957418547,0.1162119740259254,-0.0231971675537434
2022-02-28,-0.029942154424401735,-0.021809301523963653,0.08773828791471239,-0.0020764229867648,0.0002745849373302,-0.030216739361731935,-0.022083886461293854,0.0874637029773822,-0.002351007924095
2022-03-31,0.037129991432832465,-0.02638973914861209,0.09633333442159064,-0.0418581586741655,0.0003659292942366,0.036764062138595864,-0.02675566844284869,0.09596740512735405,-0.0422240879684021
2022-04-30,-0.08720158087452601,-0.04971658875924767,0.05119661537187081,-0.047036443617533,0.0006311378751067,-0.08783271874963271,-0.05034772663435437,0.050565477496764114,-0.0476675814926397
2022-05-31,0.001833949628145648,0.005351511689082988,0.05069723313806307,0.0057806433505946,0.0008130212763268,0.0010209283518188479,0.004538490412756189,0.04988421186173627,0.0049676220742678
2022-06-30,-0.0825436110733131,-0.023500932653133244,-0.0764319669858281,-0.0088714169241359,0.0012332669717645,-0.0837768780450776,-0.024734199624897743,-0.0776652339575926,-0.0101046838959004
2022-07-31,0.0922044440182046,0.029488060442468766,-0.00042276878202063273,0.0292486068377897,0.0018396059010297,0.0903648381171749,0.027648454541439067,-0.0022623746830503326,0.02740900093676
2022-08-31,-0.04078136096557594,-0.026612290260150995,-0.02678561875174912,-0.0386299249618372,0.0021656835180154,-0.042947044483591344,-0.028777973778166394,-0.028951302269764518,-0.040795608479852606
2022-09-30,-0.09209948776769283,-0.053081927734560774,-0.07801228419914674,-0.0533725369955641,0.0025716462189622,-0.09467113398665504,-0.055653573953522974,-0.08058393041810895,-0.0559441832145263
2022-10-31,0.08096129329787738,-0.011146375435703071,0.06704910854188406,-0.018832137815942,0.0030483680766628,0.07791292522121458,-0.014194743512365871,0.06400074046522126,-0.0218805058926048
2022-11-30,0.05588472553719126,0.04917360729089659,-0.017054616534564637,0.0378367626332283,0.0033942459274463,0.05249047960974496,0.045779361363450295,-0.020448862462010938,0.034442516705782
2022-12-31,-0.05761465550458056,-0.0021173492390568205,-0.013798746684112517,-0.0134714965205935,0.0034744950034975,-0.06108915050807806,-0.005591844242554321,-0.017273241687610016,-0.016945991524091
2023-01-31,0.06283426331239328,0.03888927934350095,-0.000874458119308863,0.0329611796055392,0.0037068189305531,0.05912744438184018,0.03518246041294785,-0.0045812770498619634,0.029254360674986102
2023-02-28,-0.024399793943813197,-0.029128559325036996,-0.03825911012314798,-0.0300286061879199,0.0037947872834442,-0.028194581227257397,-0.032923346608481195,-0.042053897406592176,-0.0338233934713641
2023-03-31,0.03671431935844782,0.02562919950228104,-0.01073722534928534,0.039712386479882,0.0038267547616503,0.03288756459679752,0.02180244474063074,-0.01456398011093564,0.0358856317182317
2023-04-30,0.015608883999174816,0.008479483919391573,-0.007585585960259267,0.0061002128444501,0.0040103507726252,0.011598533226549617,0.004469133146766373,-0.011595936732884466,0.0020898620718249
2023-05-31,0.004346889243029617,-0.013284357756961351,-0.06107333363676737,-0.0137922101897022,0.0041856194553282,0.0001612697877014166,-0.01746997721228955,-0.06525895309209556,-0.017977829645030398
2023-06-30,0.06607551948450796,0.0028447975967149652,0.04390520998609371,-0.0112822553357948,0.004201536297631,0.06187398318687696,-0.001356738700916035,0.039703673688462705,-0.0154837916334258
2023-07-31,0.03212449926459038,0.004334519895997424,0.10735608463190771,-0.0101083384834265,0.004273127766158,0.02785137149843238,6.139212983942433e-05,0.10308295686574971,-0.0143814662495845
2023-08-31,-0.015921101962751427,-0.006827183488222532,0.005968668291036261,-0.0066450422383138,0.0043128765598297,-0.020233978522581127,-0.011140060048052233,0.0016557917312065608,-0.0109579187981435
2023-09-30,-0.04767813851995306,-0.02449654831706094,0.04115846880593588,-0.036142807955284,0.0043287712331259,-0.052006909753078964,-0.02882531955018684,0.036829697572809975,-0.0404715791884099
2023-10-31,-0.021026941293289414,-0.018201566607471742,-0.04184749531071874,-0.0188198619719374,0.0043446631398347,-0.025371604433124112,-0.02254622974730644,-0.04619215845055344,-0.023164525111772097
2023-11-30,0.09132586049075653,0.05640771559271873,-0.036448684536869336,0.0446953134825545,0.0042890293603305,0.08703683113042603,0.05211868623238823,-0.04073771389719984,0.040406284122223995
2023-12-31,0.045430677149214116,0.04044677447333411,-0.033090502075343475,0.0436306890597751,0.0042651759303415,0.041165501218872615,0.03618159854299261,-0.03735567800568498,0.0393655131294336
2024-01-31,0.01680409179611586,0.0014819892000037527,0.04466432039357149,-0.0056398044951843,0.0042492701806178,0.012554821615498061,-0.002767280980614047,0.04041505021295369,-0.0098890746758021
2024-02-29,0.05339588463681255,-0.013971742059198045,0.008719280284025022,-0.0176317238330149,0.0042651759303415,0.04913070870647105,-0.018236917989539546,0.004454104353683521,-0.0218968997633564
2024-03-31,0.032174685531384695,0.01185603916995226,0.047295054075666254,0.0075324925914229,0.0042651759303415,0.027909509601043193,0.007590863239610759,0.04302987814532475,0.0032673166610814
2024-04-30,-0.040845058737709494,-0.023279743162695654,0.011591172286652407,-0.0350806470650448,0.0042651759303415,-0.045110234668050996,-0.027544919093037155,0.0073259963563109065,-0.039345822995386304
2024-05-31,0.04958517990102096,0.018532403233205264,-0.019015063657045528,0.0181152515149288,0.004273127766158,0.04531205213486296,0.014259275467047264,-0.023288191423203528,0.0138421237487708
2024-06-30,0.035881770581602135,0.006382919245976781,0.014269234494603822,0.0157643549461782,0.0042651759303415,0.031616594651260634,0.002117743315635281,0.01000405856426232,0.011499179015836698
2024-07-31,0.012172471865234513,0.0236352188834843,-0.03522931163777099,0.0256375854807802,0.0042333616592649,0.007939110205969612,0.019401857224219398,-0.039462673297035886,0.0214042238215153
2024-08-31,0.024256361140686522,0.015322643864610797,-0.017232447659190187,0.0183116713303701,0.004113959301397,0.020142401839289524,0.011208684563213797,-0.021346406960587185,0.014197712028973101
2024-09-30,0.02135705185853687,0.017229500991839508,-0.000811120853035141,0.0117475399285092,0.00385072302357,0.017506328834966868,0.013378777968269508,-0.0046618438766051415,0.0078968169049392
2024-10-31,-0.009068007656306443,-0.022495985987447065,0.004549956413962386,-0.0343581592106494,0.0036828128357737,-0.012750820492080144,-0.026178798823220766,0.0008671435781886861,-0.0380409720464231
2024-11-30,0.05870056801882817,0.011957807217689354,0.0006102673194161579,0.011766311572324,0.0036107566318024,0.05508981138702577,0.008347050585886953,-0.003000489312386242,0.0081555549405216
2024-12-31,-0.02383809436408557,-0.01776017565398047,0.03277927793898039,-0.027930014218592,0.0034905363507502,-0.02732863071483577,-0.02125071200473067,0.02928874158823019,-0.031420550569342204
2025-01-31,0.027847318318425573,0.006063155364600448,0.03316201630748439,0.0040221667658076,0.0034424038441496,0.024404914474275972,0.0026207515204508475,0.029719612463334787,0.0005797629216580001
2025-02-28,-0.013047637681915525,0.020250979548929626,-0.01344209910437022,0.0313036179102661,0.0034504276924163,-0.016498065374331825,0.016800551856513326,-0.01689252679678652,0.027853190217849797
2025-03-31,-0.056344280446628536,-0.002751522850811927,0.029042284974187593,0.0046182925065555,0.0034343792900468,-0.05977865973667534,-0.0061859021408587275,0.025607905684140793,0.0011839132165087003
2025-04-30,-0.006781463483622074,-0.00024949440692245695,-0.0843467575098622,0.0088660955854911,0.0034424038441496,-0.010223867327771675,-0.003691898251072057,-0.0877891613540118,0.005423691741341499
2025-05-31,0.06294523524457785,2.642364740279568e-05,0.015903536017780606,-0.0151642559312679,0.0034744950034975,0.059470740241080344,-0.003448071356094704,0.012429041014283106,-0.0186387509347654
2025-06-30,0.05085243875141643,0.018167245524979947,0.04479152144397358,0.0178744607673057,0.0034584508349766,0.047393987916439825,0.014708794690003347,0.04133307060899698,0.0144160099323291
2025-07-31,0.022442682801333103,0.0014878849830306518,0.03615303953414872,-0.0063630754980289,0.0034744950034975,0.018968187797835604,-0.001986610020466848,0.03267854453065122,-0.0098375705015264
2025-08-31,0.020271783333383198,0.010615662348805177,-0.002040894490356604,0.0155504274849649,0.0033701574315379,0.016901625901845296,0.007245504917267278,-0.0054110519218945035,0.012180270053427
2025-09-30,0.03649995166573006,0.014190721473259504,0.006479963463779104,0.0096523348591875,0.0032094046775821,0.03329054698814796,0.010981316795677404,0.0032705587861970036,0.006442930181605399
2025-10-31,0.023413709984486886,0.004472098543478076,0.013499946979410815,0.0079710802741749,0.0031289219234786,0.020284788061008287,0.001343176619999476,0.010371025055932216,0.0048421583506963
2025-11-30,0.0024508748642451117,0.00635946942896215,-0.0007494192573123115,0.0112411264986792,0.0030967089232298,-0.0006458340589846883,0.00326276050573235,-0.0038461281805421115,0.0081444175754494
