,ERC_US_Stock_XR,ERC_US_Bond_10Y_XR,ERC_US_Credit_XR,ERC_Commodities_XR,Naive_US_Stock_XR,Naive_US_Bond_10Y_XR,Naive_US_Credit_XR,Naive_Commodities_XR
1991-01-31,0.16847542136423874,0.25275697835966343,0.38472650115788587,0.19404109911821196,0.14807897541783197,0.3048836772599303,0.4470747702771343,0.09996257704510333
1991-02-28,0.16847542136423874,0.25275697835966343,0.38472650115788587,0.19404109911821196,0.14506676388429376,0.3053216683314278,0.4493471556093906,0.10026441217488777
1991-03-31,0.16990740201963553,0.25411544168894934,0.3856358284918842,0.19034132779953097,0.14416322981162258,0.3070803260671079,0.45028455700657044,0.09847188711469923
1991-04-30,0.16170779768979401,0.2612698861670475,0.3903613133352404,0.18666100280791825,0.14204466986519937,0.3072648733342842,0.45354081824049514,0.09714963856002136
1991-05-31,0.161707797689794,0.26126988616704744,0.39036131333524027,0.18666100280791822,0.1389615292925589,0.30853285847343326,0.456811257710608,0.09569435452339983
1991-06-30,0.1511572681368065,0.27184363730208255,0.3993982826102806,0.17760081195083022,0.13433460895417637,0.3095267763115089,0.4617300037417245,0.09440861099259014
1991-07-31,0.15115726813680652,0.2718436373020826,0.39939828261028065,0.17760081195083025,0.1325296302377736,0.31291759410468556,0.4609810192603085,0.09357175639723231
1991-08-31,0.15115726813680652,0.2718436373020826,0.39939828261028065,0.17760081195083025,0.13699952158458553,0.3104762180873252,0.45720474211733597,0.09531951821075334
1991-09-30,0.15115726813680652,0.2718436373020826,0.39939828261028065,0.17760081195083025,0.13680050657204604,0.3101766968218947,0.45687862670208046,0.09614416990397884
1991-10-31,0.15115726813680652,0.2718436373020826,0.39939828261028065,0.17760081195083025,0.13646245757171266,0.3108866775864408,0.4566761985355412,0.09597466630630544
1991-11-30,0.15376559818040858,0.273965862606192,0.40085927670714844,0.1714092625062511,0.13158384768904657,0.3158410283870913,0.45950810344639564,0.09306702047746655
1991-12-31,0.14463981430302633,0.2714406128490184,0.39912444825532317,0.1847951245926322,0.1299071306712185,0.309350894724371,0.4631959337949834,0.09754604080942697
1992-01-31,0.15137980671728973,0.26292574707524946,0.3956117046793603,0.1900827415281006,0.136620889117067,0.2984026694894365,0.46413489460548574,0.10084154678801077
1992-02-29,0.15306655318179693,0.26381866450692093,0.39638964626416645,0.1867251360471156,0.13543418722935627,0.2985869004918252,0.4670973514295703,0.09888156084924836
1992-03-31,0.15158471468049936,0.2631452042097598,0.3961340472926314,0.1891360338171095,0.1353596213220215,0.29603507734385537,0.46814842147052027,0.10045687986360269
1992-04-30,0.15158471468049936,0.2631452042097598,0.3961340472926314,0.1891360338171095,0.1357897746485719,0.29638311638489967,0.46785093760390095,0.0999761713626275
1992-05-31,0.15372574895749797,0.263720478987487,0.39670628006629,0.18584749198872486,0.13503665898819936,0.2952725870254831,0.4705640287860093,0.09912672520030828
1992-06-30,0.153725748957498,0.2637204789874871,0.39670628006629005,0.18584749198872488,0.13185731709330392,0.2965460079346209,0.4746149112287403,0.09698176374333484
1992-07-31,0.153725748957498,0.2637204789874871,0.39670628006629005,0.18584749198872488,0.13907875000510858,0.2937433270451263,0.4682983792641625,0.09887954368560259
1992-08-31,0.14512285652606655,0.2705132418442749,0.4035331508619181,0.18083075076774063,0.13340300796694005,0.2950832518193269,0.47608594201790566,0.09542779819582746
1992-09-30,0.14512285652606652,0.27051324184427483,0.403533150861918,0.1808307507677406,0.13366572784776,0.29310155618559397,0.4769360719755292,0.09629664399111683
1992-10-31,0.15486080607085956,0.2615802207275642,0.40016429652503316,0.18339467667654324,0.1378430331172151,0.2935182887101592,0.47043885069440955,0.09819982747821601
1992-11-30,0.15486080607085953,0.26158022072756415,0.40016429652503305,0.18339467667654322,0.13757369540397726,0.2930608262524431,0.471062029656902,0.09830344868667772
1992-12-31,0.15340245999115093,0.25989098994514814,0.3991557306511455,0.1875508194125555,0.13779560157135792,0.29133495321776826,0.4698760852247806,0.10099335998609334
1993-01-31,0.1583061891810667,0.26035020138176573,0.39967539237501687,0.18166821706215056,0.1395105170275759,0.2909167250763873,0.47247320304725715,0.09709955484877976
1993-02-28,0.1699982507084649,0.24931259968416758,0.3939448696661222,0.18674427994124534,0.1407774166138192,0.2892298490270794,0.47192606414253313,0.09806667021656834
1993-03-31,0.1699982507084649,0.24931259968416758,0.3939448696661222,0.18674427994124534,0.13987005409415784,0.28993820728115705,0.4728550519529873,0.09733668667169772
1993-04-30,0.1702751322210285,0.25080467516780847,0.39515550748907746,0.18376468512208555,0.13444974991897377,0.2892653235589376,0.4829402717948396,0.09334465472724919
1993-05-31,0.17453368721926107,0.25241411522114365,0.3965126266851439,0.17653957087445132,0.140537384984797,0.28720962807926437,0.4811258634860622,0.09112712344987652
1993-06-30,0.17453368721926107,0.25241411522114365,0.3965126266851439,0.17653957087445132,0.14300483291006683,0.28563141095301375,0.4792432201351028,0.09212053600181652
1993-07-31,0.17260459483829405,0.2510212741595225,0.3958038699332235,0.18057026106895993,0.14293002727665705,0.28471251585191437,0.47831467174825876,0.0940427851231699
1993-08-31,0.18009137574666897,0.2534107345626644,0.39804090999120423,0.1684569796994624,0.14715838380443946,0.2738427635110159,0.48099034306752125,0.09800850961702343
1993-09-30,0.16009977938870368,0.23198693719844643,0.3852736992984678,0.22263958411438217,0.145005491941024,0.25671058544712205,0.4549505827440755,0.14333333986777844
1993-10-31,0.16009977938870368,0.23198693719844643,0.3852736992984678,0.22263958411438217,0.1450476586127977,0.254418805946016,0.45287270754771974,0.14766082789346655
1993-11-30,0.16009977938870368,0.23198693719844643,0.3852736992984678,0.22263958411438217,0.15338529014679383,0.25192279890540714,0.43780941772900284,0.15688249321879624
1993-12-31,0.17435876887459012,0.22496903558198825,0.37824128217252667,0.22243091337089507,0.1535478937004364,0.2516703088143814,0.4378198262173534,0.1569619712678289
1994-01-31,0.17435876887459012,0.22496903558198825,0.37824128217252667,0.22243091337089507,0.15390102151420418,0.25068169942360496,0.4339045019663158,0.1615127770958751
1994-02-28,0.17624943275968497,0.2226239151549914,0.36677824665436526,0.23434840543095847,0.168256792474264,0.25134191019695223,0.4103959916652691,0.1700053056635148
1994-03-31,0.18430444383997852,0.22061896597821135,0.3423767635816682,0.25269982660014206,0.17209584939552672,0.24778652967603915,0.3955085874166398,0.1846090335117943
1994-04-30,0.1843044438399785,0.2206189659782113,0.34237676358166813,0.252699826600142,0.1747380785969641,0.2474588813812018,0.3912496092470271,0.186553430774807
1994-05-31,0.18430444383997852,0.22061896597821132,0.3423767635816682,0.25269982660014206,0.17791655502044523,0.24726564251168026,0.38875848274592645,0.18605931972194803
1994-06-30,0.1859668934734931,0.21609175948922146,0.3363810560776665,0.26156029095961886,0.1824982800916316,0.2459224023784513,0.3864947535131202,0.18508456401679682
1994-07-31,0.1887932988735398,0.20944079766815094,0.3288332506288945,0.2729326528294148,0.18404196166932238,0.24347557285524404,0.3811208708935721,0.19136159458186144
1994-08-31,0.1991914893257474,0.21359233663511024,0.32866358346754315,0.25855259057159924,0.18276947516223682,0.24900199906694323,0.38886131876961,0.17936720700120995
1994-09-30,0.19576033472884385,0.21343298776502442,0.3261953856460077,0.26461129186012394,0.18428874127313066,0.2495682066274308,0.38391423271378716,0.18222881938565136
1994-10-31,0.19576033472884385,0.21343298776502442,0.3261953856460077,0.26461129186012394,0.1840192663761085,0.24854385941954774,0.3822923272041462,0.1851445470001975
1994-11-30,0.19576033472884385,0.21343298776502442,0.3261953856460077,0.26461129186012394,0.1847810755224909,0.24828890828627637,0.38048777922305066,0.18644223696818202
1994-12-31,0.21976717192656217,0.22339729286505974,0.3293809540142794,0.22745458119409853,0.21183417669801977,0.24326785000780485,0.36478923345654274,0.18010873983763262
1995-01-31,0.2197671719265622,0.22339729286505977,0.32938095401427947,0.22745458119409856,0.2094104266540929,0.250904564659346,0.3623068857989138,0.17737812288764723
1995-02-28,0.2197671719265622,0.22339729286505977,0.32938095401427947,0.22745458119409856,0.2083979792287958,0.24956163945151968,0.36134767072796925,0.18069271059171527
1995-03-31,0.2197671719265622,0.22339729286505977,0.32938095401427947,0.22745458119409856,0.20905842330534155,0.2512648919002713,0.3602334937496212,0.17944319104476603
1995-04-30,0.2197671719265622,0.22339729286505977,0.32938095401427947,0.22745458119409856,0.2096101081154976,0.2513484253968489,0.35921030508270385,0.17983116140494984
1995-05-31,0.22096706995695503,0.2153517115373229,0.3175918621425424,0.24608935636317966,0.2166716357907872,0.2439699062192248,0.346559626162019,0.19279883182796898
1995-06-30,0.22096706995695503,0.2153517115373229,0.3175918621425424,0.24608935636317966,0.2183659401700949,0.24400866409598168,0.34665718147247343,0.19096821426144997
1995-07-31,0.22679464309506175,0.22135087632786254,0.31696684516886175,0.23488763540821392,0.21906904813201067,0.2455199953025475,0.348478739556226,0.18693221700921578
1995-08-31,0.22679464309506175,0.22135087632786254,0.31696684516886175,0.23488763540821392,0.22359614878681383,0.2446275546003196,0.3468436630988517,0.18493263351401504
1995-09-30,0.22679464309506175,0.22135087632786254,0.31696684516886175,0.23488763540821392,0.21867180834190292,0.24754521819472403,0.34805231868623954,0.18573065477713363
1995-10-31,0.22679464309506175,0.22135087632786254,0.31696684516886175,0.23488763540821392,0.21400764579767934,0.2510470847722791,0.35110867090248044,0.1838365985275611
1995-11-30,0.22679464309506175,0.22135087632786254,0.31696684516886175,0.23488763540821392,0.21304119542479508,0.2514640841994629,0.352277658833692,0.18321706154204995
1995-12-31,0.2329956399667118,0.2357872194903282,0.32555950588830274,0.20565763465465725,0.2181984267468713,0.2595402148470894,0.3617745591906493,0.16048679921539014
1996-01-31,0.2329956399667118,0.2357872194903282,0.32555950588830274,0.20565763465465725,0.21420172922474812,0.2618311120316661,0.36459405439894677,0.15937310434463917
1996-02-29,0.22499305045172138,0.23656429314762806,0.32462800119337626,0.21381465520727438,0.22027209544869264,0.26042620090934515,0.3580414274032909,0.1612602762386712
1996-03-31,0.22499305045172138,0.23656429314762806,0.32462800119337626,0.21381465520727438,0.2234956320869765,0.2614320790515098,0.35846835344635547,0.15660393541515819
1996-04-30,0.22499305045172138,0.23656429314762806,0.32462800119337626,0.21381465520727438,0.2324320980659295,0.2585011911866657,0.3558920965779695,0.15317461416943529
1996-05-31,0.22499305045172138,0.23656429314762806,0.32462800119337626,0.21381465520727438,0.23282371268770843,0.25735268429876906,0.3550544846952319,0.15476911831829054
1996-06-30,0.22800702413732346,0.2384300294795456,0.325039649452323,0.20852329693080782,0.2295434380629419,0.26053677676672427,0.35619074314827626,0.15372904202205764
1996-07-31,0.2222183992811147,0.24731438936009154,0.33082828139169107,0.1996389299671027,0.2175976825994789,0.2662621393777765,0.36420842445176366,0.15193175357098093
1996-08-31,0.21944283982122248,0.2518695669884723,0.33427150267998046,0.19441609051032482,0.2160816623191693,0.2694514227355704,0.3667519341357271,0.14771498080953327
1996-09-30,0.21253748678821494,0.25315068869255686,0.3356613973319616,0.19865042718726666,0.21255357840349387,0.2708264282454698,0.36733353133686725,0.14928646201416898
1996-10-31,0.21078377300508008,0.2508400238975646,0.3339845920821619,0.2043916110151935,0.21535495620143202,0.2679341077298813,0.36193841214546085,0.15477252392322585
1996-11-30,0.1981478786847473,0.2601114452952722,0.34031192270304417,0.20142875331693633,0.2047194972354542,0.27351420458358977,0.3670285871474545,0.15473771103350156
1996-12-31,0.1951713566628135,0.25731371661671804,0.3386976916551053,0.2088172350653632,0.203430459763719,0.27181945859519047,0.36547180754707753,0.15927827409401293
1997-01-31,0.19101222596518805,0.2529501503929442,0.3362697790618395,0.21976784458002835,0.19599043149532275,0.27134282664993464,0.36679201543997686,0.1658747264147659
1997-02-28,0.1956043103774547,0.2582711572148798,0.34098730354116497,0.20513722886650057,0.19781249797223854,0.2745152600271079,0.37535476296923953,0.15231747903141396
1997-03-31,0.1956043103774547,0.2582711572148798,0.34098730354116497,0.20513722886650057,0.19301972076920604,0.2792000571556396,0.3787571119169797,0.14902311015817474
1997-04-30,0.18603917719919122,0.26435277298508514,0.34685907080704903,0.2027489790086747,0.18704923803824505,0.28100301048044074,0.38283947092460285,0.14910828055671138
1997-05-31,0.18603917719919122,0.26435277298508514,0.34685907080704903,0.2027489790086747,0.18221977666961,0.28240529079411336,0.3858245960655738,0.14955033647070276
1997-06-30,0.18603917719919122,0.26435277298508514,0.34685907080704903,0.2027489790086747,0.1867578522398764,0.28321572049952365,0.3864480070375373,0.14357842022306264
1997-07-31,0.18603917719919122,0.26435277298508514,0.34685907080704903,0.2027489790086747,0.18454006992693012,0.28430231068249284,0.383157060921626,0.14800055846895113
1997-08-31,0.16726206413716443,0.2625310514897034,0.34571502817558036,0.22449185619755185,0.17425425544379516,0.2843032402496279,0.3801021374309621,0.1613403668756148
1997-09-30,0.16726206413716443,0.2625310514897034,0.34571502817558036,0.22449185619755185,0.17259293950207003,0.2859529881390745,0.38300934644249435,0.15844472591636122
1997-10-31,0.16419191799701327,0.2670123630994279,0.3487887002700843,0.22000701863347466,0.16681211400427762,0.2869069455665139,0.38717989864616276,0.15910104178304568
1997-11-30,0.17635807423777322,0.2691025640361514,0.3506838892956835,0.2038554724303919,0.1744032843289462,0.2897143088656393,0.39173373748118245,0.14414866932423206
1997-12-31,0.18059610525271785,0.27030674094028295,0.35177139785674144,0.19732575595025773,0.17574136763939194,0.2916762782153487,0.39448570287374757,0.13809665127151172
1998-01-31,0.18059610525271785,0.27030674094028295,0.35177139785674144,0.19732575595025773,0.17496401096530603,0.2912035507219334,0.3954361915554612,0.13839624675729945
1998-02-28,0.18645109526645146,0.2719583371657116,0.3529717388816412,0.1886188286861958,0.17068773658173295,0.2967086177373105,0.39987962744684047,0.13272401823411614
1998-03-31,0.18645109526645146,0.2719583371657116,0.3529717388816412,0.1886188286861958,0.16957463910886736,0.2967613475349991,0.4007640966330198,0.13289991672311371
1998-04-30,0.18645109526645146,0.2719583371657116,0.3529717388816412,0.1886188286861958,0.16914022323043196,0.2968964356756495,0.40172504926767544,0.13223829182624314
1998-05-31,0.17025578238132535,0.2916844243298653,0.3697577028727672,0.16830209041604208,0.15322132363194738,0.3099315977983302,0.41735327911023806,0.11949379945948448
1998-06-30,0.17025578238132538,0.29168442432986535,0.36975770287276727,0.1683020904160421,0.15290836115348058,0.3101710375512966,0.418136930699699,0.11878367059552394
1998-07-31,0.17240365972652671,0.2951442469914268,0.3729272807098587,0.15952481257218787,0.1509206759593787,0.3146812004812676,0.42071046834410963,0.11368765521524427
1998-08-31,0.13736866110945534,0.322100317656886,0.3889918561424867,0.15153916509117193,0.12447271774661095,0.315859942261882,0.44273061534373354,0.11693672464777352
1998-09-30,0.1460030666334439,0.3207613016407979,0.38905592487471974,0.14417970685103848,0.13031682741631032,0.3074294670500575,0.4458610598549723,0.11639264567865987
1998-10-31,0.15212218126440688,0.31742662293270163,0.38736556557844914,0.1430856302244424,0.12947831157186168,0.3087435643634788,0.44479802707205923,0.11698009699260015
1998-11-30,0.15476841077510134,0.31758730636787885,0.3883281172756976,0.13931616558132234,0.12924715680026982,0.31251942451878384,0.44842703500584286,0.10980638367510348
1998-12-31,0.1488786581040993,0.316214068271334,0.3878821821140208,0.14702509151054596,0.12678826537808593,0.31054860256651706,0.44755074450631727,0.11511238754907971
1999-01-31,0.1488786581040993,0.316214068271334,0.3878821821140208,0.14702509151054596,0.12669826450342342,0.3108687219634332,0.4472726111177646,0.11516040241537881
1999-02-28,0.151824629044151,0.3136299350396182,0.3889447355594132,0.14560070035681758,0.12669948522257404,0.3051612727765878,0.45048953993137714,0.1176497020694611
1999-03-31,0.15164042729359545,0.32105053692145974,0.39882574274146676,0.12848329304347805,0.12707790011942066,0.3098524441442309,0.45868919395638635,0.10438046177996213
1999-04-30,0.15210616020507442,0.32180362034912874,0.4006625842662288,0.12542763517956806,0.12492812047764298,0.3109433168454906,0.46058479255054385,0.10354377012632274
1999-05-31,0.15210616020507442,0.32180362034912874,0.4006625842662288,0.12542763517956806,0.12597447460069544,0.3133303412640854,0.45594568000805286,0.10474950412716634
1999-06-30,0.14866060169974507,0.32256307647374277,0.4021077237951653,0.12666859803134686,0.1261769680699176,0.3132621504865999,0.456469440295324,0.1040914411481585
1999-07-31,0.14937223092265492,0.32031372961032545,0.4011837864558774,0.12913025301114234,0.1279112516094115,0.313670419685274,0.453972710356675,0.1044456183486396
1999-08-31,0.14937223092265492,0.32031372961032545,0.4011837864558774,0.12913025301114234,0.12740334695274316,0.3151602412138555,0.45471152801658565,0.10272488381681562
1999-09-30,0.15088441012660944,0.3202127899944123,0.4015832101400412,0.12731958973893712,0.12558413313710912,0.31572686496750063,0.4574227209494737,0.10126628094591646
1999-10-31,0.15075693846331836,0.3216306534807642,0.4034583030654546,0.12415410499046288,0.1215980508967745,0.3152560527626029,0.46490819998909294,0.09823769635152968
1999-11-30,0.1489375057885588,0.3209636248565418,0.40323468815554203,0.1268641811993574,0.12125305783357926,0.31350182573558455,0.4668618745633347,0.09838324186750132
1999-12-31,0.15029334505924427,0.3225005434246415,0.40476720841138475,0.1224389031047295,0.11969721750023085,0.3131009953821425,0.4709732461321787,0.096228540985448
2000-01-31,0.14707059638878284,0.32234514202466763,0.40482499812942724,0.12575926345712232,0.11857600052246826,0.3132816654673822,0.4730543020204997,0.09508803198964984
2000-02-29,0.14707059638878284,0.32234514202466763,0.40482499812942724,0.12575926345712232,0.11827346873144344,0.31055213195444326,0.47535534085850284,0.09581905845561046
2000-03-31,0.14707059638878284,0.32234514202466763,0.40482499812942724,0.12575926345712232,0.11549247148871096,0.30650895750296053,0.4831742800648912,0.09482429094343726
2000-04-30,0.14707059638878284,0.32234514202466763,0.40482499812942724,0.12575926345712232,0.11605043627831525,0.3086926801674315,0.47922838944166846,0.09602849411258473
2000-05-31,0.14707059638878284,0.32234514202466763,0.40482499812942724,0.12575926345712232,0.1172071648281296,0.31099262552864065,0.47917740933146763,0.09262280031176216
2000-06-30,0.15076591987073704,0.3217392042595592,0.40529079127288037,0.12220408459682343,0.11938308286410836,0.31321362330707075,0.4738112721046285,0.09359202172419238
2000-07-31,0.14680546784114834,0.3264513551059791,0.41436939441214743,0.11237378264072516,0.11378689259952499,0.3094688000739487,0.4907030645555662,0.08604124277096005
2000-08-31,0.14620816719168814,0.3074109862056772,0.44912681634288776,0.09725403025974677,0.11421548674600038,0.3063930718588626,0.5001216841140738,0.07926975728106336
2000-09-30,0.1427920999164571,0.3099803459997301,0.4520725616415575,0.0951549924422553,0.11073996293283286,0.3055197700991727,0.5053969186091949,0.07834334835879951
2000-10-31,0.14063770684641935,0.3104385224620627,0.45270833918180065,0.09621543150971727,0.11063014308905926,0.3078366206454141,0.5040193081347121,0.07751392813081447
2000-11-30,0.14063770684641935,0.3104385224620627,0.45270833918180065,0.09621543150971727,0.10761466968414954,0.3065511453345602,0.5062065908661946,0.07962759411509576
2000-12-31,0.14351572421951722,0.3062996066763084,0.4506464607319231,0.09953820837225133,0.10953636930412396,0.303777272989696,0.504376133537226,0.0823102241689542
2001-01-31,0.14351572421951722,0.3062996066763084,0.4506464607319231,0.09953820837225133,0.11145608999501565,0.31284642275854646,0.49252636516876225,0.08317112207767556
2001-02-28,0.13870441196046537,0.3083990566503778,0.45181591509127256,0.10108061629788435,0.10854044679251414,0.3103410601210146,0.49610467381131745,0.08501381927515378
2001-03-31,0.13603617683572602,0.3118830288344807,0.454840200995093,0.0972405933347003,0.10738058332822506,0.31133883999243894,0.4966519186115046,0.08462865806783143
2001-04-30,0.13603617683572602,0.3118830288344807,0.454840200995093,0.0972405933347003,0.10674466036079805,0.30470008014517164,0.5023033881266299,0.08625187136740058
2001-05-31,0.13603617683572602,0.3118830288344807,0.454840200995093,0.0972405933347003,0.10676672391474432,0.30452884761141025,0.50212690270543,0.08657752576841538
2001-06-30,0.13603617683572602,0.3118830288344807,0.454840200995093,0.0972405933347003,0.10690587305799357,0.30521032687314614,0.5025948365089726,0.08528896355988773
2001-07-31,0.1371699940713605,0.3085890391874733,0.4522506052119042,0.10199036152926201,0.11058984223287498,0.30675050070339027,0.492151789672253,0.0905078673914819
2001-08-31,0.15305133589986145,0.29480801939014184,0.4467638327069309,0.10537681200306591,0.11899460540214023,0.31015050246935877,0.4806563585106863,0.09019853361781477
2001-09-30,0.139114452626726,0.30905098965700517,0.45666798104799694,0.09516657666827194,0.11057378095341565,0.3182939153255834,0.4874520151111316,0.08368028860986934
2001-10-31,0.13641016804452302,0.30785733013798217,0.455176110665091,0.10055639115240386,0.11520874436321644,0.3145082879446055,0.486103652465369,0.08417931522680908
2001-11-30,0.14332492111025794,0.30416391581588764,0.45273278188056004,0.0997783811932943,0.11525814231645275,0.3032324234749958,0.4921318705368705,0.0893775636716809
2001-12-31,0.1472927929022685,0.3021572408558064,0.45126448998349755,0.09928547625842755,0.11801407321246495,0.30085285878316853,0.49117738066769845,0.08995568733666814
2002-01-31,0.1472927929022685,0.3021572408558064,0.45126448998349755,0.09928547625842755,0.11898795270408302,0.30018227083073407,0.4915242085165799,0.08930556794860312
2002-02-28,0.14220928937830485,0.31030799003574,0.4577032361904392,0.08977948439551597,0.11019005562656409,0.3028017656782646,0.5039791737213408,0.08302900497383033
2002-03-31,0.14064992303898396,0.3033527460768873,0.45244961446620086,0.10354771641792788,0.11528087334831306,0.2961943382337134,0.4988403327607931,0.08968445565718056
2002-04-30,0.1454863277867775,0.29989837503173283,0.4507717546783061,0.10384354250318352,0.11582756502038448,0.29309419078370047,0.49988238602539997,0.09119585817051512
2002-05-31,0.14086299305303687,0.30173427329923214,0.4529168495252176,0.10448588412251351,0.11325011937725371,0.291578846378664,0.505688587506052,0.0894824467380304
2002-06-30,0.14086299305303684,0.3017342732992321,0.4529168495252175,0.10448588412251349,0.11223369925245794,0.2886943566183294,0.509408648640566,0.0896632954886467
2002-07-31,0.14086299305303687,0.30173427329923214,0.45291684952521755,0.1044858841225135,0.10961018840909002,0.2819086227100665,0.5185691274673724,0.08991206141347106
2002-08-31,0.1455629673182866,0.2987037677693399,0.45141790997334186,0.10431535493903175,0.11293475024663065,0.2833294254461523,0.5106590604334293,0.09307676387378769
2002-09-30,0.1506908615463079,0.2953061645253985,0.4497830735294754,0.10421990039881811,0.11081920213104086,0.27739375691244644,0.5156224391940591,0.09616460176245346
2002-10-31,0.1544511513878108,0.2930888359875262,0.4485464784927339,0.10391353413192912,0.11083836176184493,0.2790119693887123,0.5113386595054179,0.0988110093440248
2002-11-30,0.15184688096685917,0.2942499688752222,0.44874748592990926,0.10515566422800948,0.10946851991142369,0.2775963007949238,0.5130904990918456,0.09984468020180708
2002-12-31,0.1614483481774621,0.2908045117995767,0.44612529438108406,0.10162184564187708,0.11375159296545463,0.2836075342904519,0.5020525637911231,0.10058830895297059
2003-01-31,0.16350764342779375,0.2919335717051907,0.44592621664801846,0.09863256821899713,0.11352099830171768,0.2827915205061394,0.5051241277987272,0.09856335339341574
2003-02-28,0.1673435797680679,0.2925286726902425,0.44535182193416645,0.09477592560752315,0.11530203097356698,0.284932976502596,0.5032237250130625,0.09654126751077459
2003-03-31,0.18051781259637026,0.2928919969876966,0.44536526649468816,0.08122492392124503,0.1220493207897222,0.28707721417306487,0.5012033711986769,0.08967009383853601
2003-04-30,0.1811252854150546,0.33823262966459233,0.397408554287819,0.08323353063253405,0.11467527395933072,0.28597990773809423,0.5122014194699487,0.08714339883262637
2003-05-31,0.18015464685467023,0.33662485401494274,0.3973535007662241,0.0858669983641629,0.11553336304212701,0.2816426948860677,0.5127242240762989,0.09009971799550624
2003-06-30,0.18292411126301716,0.3341668961159834,0.39721810546522685,0.08569088715577258,0.11545961201797976,0.27896848123750834,0.5146348677842947,0.09093703896021722
2003-07-31,0.2030903022039859,0.3075255873677845,0.3839013653746545,0.10548274505357513,0.13196029952503374,0.2752537097793859,0.48617068298174004,0.10661530771384035
2003-08-31,0.20776083284150842,0.30036524176821905,0.377441842573158,0.11443208281711456,0.13284301667654314,0.2737736391013698,0.48066794455687156,0.11271539966521538
2003-09-30,0.213907847962406,0.29500158880505584,0.371035415498904,0.12005514773363428,0.13856549861259326,0.27473199386161323,0.47107758842803454,0.11562491909775896
2003-10-31,0.213907847962406,0.29500158880505584,0.371035415498904,0.12005514773363428,0.13762549682078343,0.27306866227600096,0.47219846209066213,0.11710737881255351
2003-11-30,0.213907847962406,0.29500158880505584,0.371035415498904,0.12005514773363428,0.14053089845933717,0.2720913782226306,0.46830561135866616,0.1190721119593662
2003-12-31,0.2093961083938608,0.30180862197066133,0.37323889039744784,0.11555637923803003,0.13827653329867665,0.2746552307632032,0.46929909414220694,0.1177691417959133
2004-01-31,0.2093961083938608,0.30180862197066133,0.37323889039744784,0.11555637923803003,0.13755230458328715,0.27240135407729693,0.4717483542278634,0.11829798711155268
2004-02-29,0.21817773437258345,0.29809414418206326,0.3715230287297082,0.11220509271564492,0.14316597304581774,0.27178051691342336,0.46903639174518075,0.11601711829557815
2004-03-31,0.22507832545834575,0.2941960966615479,0.3687653855580844,0.11196019232202206,0.14604309384678496,0.2704345642088542,0.4669432556160034,0.11657908632835762
2004-04-30,0.2334530507446726,0.28182588383542767,0.3585196155829043,0.12620144983699552,0.15625708001660726,0.2707483486122957,0.4516462121531177,0.12134835921797928
2004-05-31,0.2334530507446726,0.28182588383542767,0.3585196155829043,0.12620144983699552,0.15674340258740413,0.2716797235250838,0.4495748004037451,0.12200207348376699
2004-06-30,0.23492609622167882,0.27934932659660555,0.3550723431129422,0.13065223406877344,0.1566479548330515,0.2710547081939963,0.44874983778226146,0.12354749919069075
2004-07-31,0.23547438875493518,0.28147865018050733,0.3554750751289225,0.1275718859356349,0.15438558415545123,0.2713732558251159,0.4536218817859853,0.12061927823344765
2004-08-31,0.2405422485761863,0.278068185443448,0.352564828896931,0.12882473708343462,0.15967431623544845,0.27016479167743357,0.44992062020487567,0.12024027188224239
2004-09-30,0.25658485124778807,0.2634630059301455,0.3438148495211814,0.13613729330088511,0.1657266361011101,0.2684854145676601,0.44517894538275826,0.12060900394847167
2004-10-31,0.2572429261930226,0.2645799141708272,0.3441730795051822,0.13400408013096787,0.16423115035758554,0.2682510767044371,0.44587863983988685,0.12163913309809045
2004-11-30,0.2572429261930226,0.2645799141708272,0.3441730795051822,0.13400408013096787,0.16779250473887247,0.2705122074774824,0.44064576188294835,0.12104952590069665
2004-12-31,0.2564183239915654,0.2675089899158098,0.345124378108182,0.130948307984443,0.1669963309554001,0.27393740810424305,0.4438326167264658,0.11523364421389112
2005-01-31,0.25641391764340216,0.26750265004602997,0.34510873487286553,0.1309746974377025,0.16644873175622713,0.2739507966618761,0.44406270957340166,0.11553776200849508
2005-02-28,0.2561976199021756,0.2667985328598528,0.3436878795859534,0.13331596765201809,0.16783959778111038,0.27408833923799164,0.442284285594135,0.11578777738676291
2005-03-31,0.2587186928756074,0.2638287256498402,0.339236818260095,0.13821576321445742,0.16496506067651417,0.2775814153177185,0.43991851819220473,0.11753500581356256
2005-04-30,0.2617247229339041,0.26508787892333346,0.3399485218813828,0.1332388762613798,0.1696587991818712,0.2781368007766628,0.4398719760625948,0.1123324239788712
2005-05-31,0.2600457951494677,0.2651339290023281,0.33900279132644257,0.13581748452176168,0.1689772697758024,0.27714523479275693,0.44027039419085756,0.1136071012405832
2005-06-30,0.2711963231565355,0.2597904294593328,0.33536164242113053,0.13365160496300124,0.17582222904322684,0.27557881751702884,0.4366599267204281,0.11193902671931628
2005-07-31,0.28866814251446693,0.24739849045927104,0.329826254172272,0.13410711285399,0.18694310763943137,0.2733169555713608,0.4284870503012671,0.11125288648794056
2005-08-31,0.29182367424066097,0.2488056051407321,0.33141180580300367,0.1279589148156034,0.1852852923127224,0.2751835112592711,0.4341694257798994,0.10536177064810705
2005-09-30,0.31987648288548237,0.23049596334875633,0.3228718274505651,0.1267557263151962,0.21244124223326635,0.27285755775658666,0.4127590909722224,0.10194210903792465
2005-10-31,0.32283951278093453,0.2337451784685101,0.3252705730878382,0.11814473566271719,0.22527353516743437,0.27013710791926704,0.40752933884124465,0.09706001807205403
2005-11-30,0.32449731385077163,0.23375417720016156,0.32557134230410756,0.11617716664495935,0.22945097037883025,0.27031326205643874,0.40507891917409816,0.09515684839063299
2005-12-31,0.32449731385077163,0.23375417720016156,0.32557134230410756,0.11617716664495935,0.23917545707447493,0.26554031804868516,0.40304162367312146,0.09224260120371837
2006-01-31,0.32449731385077163,0.23375417720016156,0.32557134230410756,0.11617716664495935,0.2441542313885351,0.2638605204769918,0.3989802396487337,0.09300500848573937
2006-02-28,0.31400645734589294,0.24174681908095888,0.33070077215008803,0.11354595142306015,0.24389409423817018,0.2646367560058479,0.4003575182649037,0.0911116314910783
2006-03-31,0.3106819589774539,0.23734606252720897,0.32713610756587813,0.12483587092945904,0.24483692880877378,0.2619536398940372,0.39441242861660053,0.09879700268058855
2006-04-30,0.3337814372900965,0.22530061271873245,0.32515943097414635,0.1157585190170246,0.26708140182550383,0.2511538776447931,0.3849500684333412,0.09681465209636188
2006-05-31,0.33378143729009657,0.22530061271873247,0.3251594309741464,0.11575851901702461,0.2576688978720529,0.2562448319393465,0.3911682784418934,0.0949179917467072
2006-06-30,0.33378143729009657,0.22530061271873247,0.3251594309741464,0.11575851901702461,0.25710221184068704,0.2568865131064279,0.3910489123538628,0.0949623626990224
2006-07-31,0.2987986827526536,0.25349044755715017,0.3412112275507456,0.10649964213945075,0.2336804823081943,0.27497356373930354,0.4051914480015863,0.08615450595091585
2006-08-31,0.29879868275265353,0.2534904475571501,0.34121122755074557,0.10649964213945072,0.23601527606883113,0.2746405078312646,0.40466974566204617,0.08467447043785813
2006-09-30,0.29885442279625857,0.2562402530005998,0.3433128322448268,0.10159249195831482,0.22317592632771258,0.2786470184392832,0.4217121215593107,0.07646493367369352
2006-10-31,0.29885442279625857,0.2562402530005998,0.3433128322448268,0.10159249195831482,0.22965095221742174,0.2798093909054216,0.41657090725220325,0.0739687496249534
2006-11-30,0.29885442279625857,0.2562402530005998,0.3433128322448268,0.10159249195831482,0.23039386387201716,0.2798912857007154,0.41573010157140355,0.07398474885586384
2006-12-31,0.3250783587515431,0.23987999784115266,0.3364766411472411,0.0985650022600632,0.24490094634613163,0.27310083830430165,0.40951254237234125,0.07248567297722547
2007-01-31,0.3250783587515431,0.23987999784115266,0.3364766411472411,0.0985650022600632,0.24480330663264904,0.2725780751606831,0.41069416640313244,0.07192445180353535
2007-02-28,0.3250783587515431,0.23987999784115266,0.3364766411472411,0.0985650022600632,0.24135265418607513,0.27451449710467674,0.41039347450252706,0.07373937420672096
2007-03-31,0.3250783587515431,0.23987999784115266,0.3364766411472411,0.0985650022600632,0.24369360921099606,0.2749537050710208,0.4081145547375741,0.07323813098040896
2007-04-30,0.32668991511961004,0.2443501769823496,0.339951111044173,0.08900879685386741,0.2199411795577959,0.2888721817545509,0.42347566162324485,0.06771097706440823
2007-05-31,0.32668991511961004,0.2443501769823496,0.339951111044173,0.08900879685386741,0.21991984667291173,0.28703336873915275,0.42380940307017917,0.0692373815177564
2007-06-30,0.321298998992068,0.2455047198602155,0.3397936288608678,0.0934026522868488,0.21746749095425735,0.28860547038626044,0.4236449412660741,0.07028209739340813
2007-07-31,0.321298998992068,0.2455047198602155,0.3397936288608678,0.0934026522868488,0.2165067575654393,0.2842864475968949,0.4283905125207487,0.07081628231691706
2007-08-31,0.2970320100289658,0.2648061456433857,0.34938539606193336,0.08877644826571515,0.20856142106123599,0.28507363239117584,0.43823243453450345,0.06813251201308469
2007-09-30,0.2970320100289658,0.2648061456433857,0.34938539606193336,0.08877644826571515,0.20445460332181153,0.28581797976374285,0.4400720796754315,0.06965533723901408
2007-10-31,0.2970320100289658,0.2648061456433857,0.34938539606193336,0.08877644826571515,0.20461187893467217,0.2860261754931925,0.4412637944665401,0.06809815110559529
2007-11-30,0.27427429734900016,0.282643003143236,0.35765146181849444,0.08543123768926943,0.200157534497912,0.2724586473764504,0.4575801886402575,0.06980362948538016
2007-12-31,0.27427429734900016,0.282643003143236,0.35765146181849444,0.08543123768926943,0.20011354487270505,0.2691355198669065,0.4598657552753736,0.07088517998501485
2008-01-31,0.27427429734900016,0.282643003143236,0.35765146181849444,0.08543123768926943,0.1890033037650711,0.2658464654832125,0.47105589139415316,0.07409433935756311
2008-02-29,0.27427429734900016,0.282643003143236,0.35765146181849444,0.08543123768926943,0.18435729568785963,0.2679641043783243,0.47571030609605935,0.0719682938377567
2008-03-31,0.27334256122656625,0.28679737730782,0.360073457228027,0.07978660423758678,0.1858263408492221,0.26886034372613554,0.47242074008888335,0.07289257533575906
2008-04-30,0.2590335059027129,0.29632910103652055,0.36198638550814544,0.08265100755262117,0.17958712978763428,0.2662929097316162,0.4799876983163875,0.07413226216436207
2008-05-31,0.26158359548030635,0.2986776910688155,0.36334624604465815,0.07639246740621994,0.18218521713441468,0.264041647789592,0.48108661942020475,0.07268651565578851
2008-06-30,0.23873663546774054,0.310981180266872,0.366023216337122,0.0842589679282655,0.16109470370065923,0.2703646006499359,0.49509755528357613,0.07344314036582866
2008-07-31,0.2403472041880586,0.313686946215521,0.3674924898427777,0.07847335975364257,0.16175948769929013,0.27659182036699254,0.49306185711848366,0.06858683481523359
2008-08-31,0.23130195691995403,0.3147416814918136,0.36603322628526397,0.08792313530296839,0.15850155061220125,0.27415092386184386,0.496929728960198,0.07041779656575697
2008-09-30,0.21199239333283393,0.4575307532456021,0.24162240767885562,0.08885444574270836,0.17661620742742018,0.35779167276530605,0.3815617835720448,0.08403033623522901
2008-10-31,0.15739343291771796,0.5326680160635887,0.23212431997425828,0.07781423104443512,0.15497647443379128,0.41843587212158934,0.34518629505496634,0.08140135838965307
2008-11-30,0.18795433369875555,0.4716105913887373,0.24647815056794944,0.09395692434455769,0.17912826660078446,0.3482784537092398,0.38053333001112166,0.09205994967885402
2008-12-31,0.1937140562687378,0.4580967247723509,0.2400709078231018,0.1081183111358096,0.1919090175618286,0.34273628887211666,0.3690762978646958,0.09627839570135902
2009-01-31,0.18654652708097047,0.41695308487383675,0.2859898065273792,0.11051058151781352,0.19128075355812613,0.3306338503245403,0.3795328663800354,0.09855252973729818
2009-02-28,0.17605550887862667,0.420272565983685,0.28954875819411435,0.11412316694357402,0.18299798820125376,0.33360042245579263,0.3824675220300375,0.10093406731291611
2009-03-31,0.16524552651121044,0.41171808023249346,0.3091503658273222,0.113886027428974,0.17369564561240206,0.33776777688486503,0.38692762458359853,0.10160895291913444
2009-04-30,0.16119838090827315,0.4210870399279115,0.303057039356074,0.11465753980774136,0.16842827689513756,0.33866259687533623,0.3872695203950823,0.10563960583444384
2009-05-31,0.16013604607772097,0.4464164099555142,0.2872869162387464,0.10616062772801854,0.1711927245865108,0.34554819104251816,0.38240021815474057,0.10085886621623037
2009-06-30,0.16013604607772097,0.4464164099555142,0.2872869162387464,0.10616062772801854,0.17243243292699942,0.3482045161624911,0.37772793498183926,0.10163511592867033
2009-07-31,0.15613144857185063,0.4570166476883143,0.27846578538430045,0.1083861183555345,0.16982801296094405,0.35422140327272605,0.37257668590351484,0.10337389786281509
2009-08-31,0.15613144857185066,0.45701664768831435,0.2784657853843005,0.10838611835553451,0.1691445174449817,0.35550773701512695,0.37115870653648214,0.10418903900340933
2009-09-30,0.15362401741941795,0.4582920711506797,0.27811733817989404,0.1099665732500084,0.16856954285191864,0.3557953595566013,0.36941676206833357,0.10621833552314654
2009-10-31,0.15362401741941795,0.4582920711506797,0.27811733817989404,0.1099665732500084,0.16944778675289698,0.3554351800192125,0.3694929835723171,0.10562404965557344
2009-11-30,0.15242038759976997,0.4579057956972089,0.27794122043173475,0.11173259627128651,0.16730490417971602,0.35556241062199834,0.37052983445286786,0.1066028507454178
2009-12-31,0.15275341860383326,0.4493583374938237,0.282816097480163,0.11507214642217996,0.16932478876013665,0.3454376247442409,0.3762544332650878,0.10898315323053467
2010-01-31,0.15205746022911612,0.4501038178138422,0.28307371392985986,0.11476500802718191,0.1695010372372659,0.3461619882888787,0.37590882608556364,0.10842814838829183
2010-02-28,0.14895032080007858,0.4522482313417473,0.28413279529118635,0.11466865256698774,0.16848185721038098,0.34713144636770005,0.3764873385343518,0.10789935788756702
2010-03-31,0.1484887256260804,0.4529587464059692,0.2844579242942356,0.11409460367371473,0.16618162750847024,0.3466648765514972,0.37883952956695527,0.1083139663730772
2010-04-30,0.1484887256260804,0.4529587464059692,0.2844579242942356,0.11409460367371473,0.16748551532908323,0.34636061402180474,0.3778802418736747,0.10827362877543747
2010-05-31,0.1430447538312812,0.45941964746707226,0.2859112551390165,0.11162434356263012,0.16543083206209142,0.34701030553287215,0.38162231136035935,0.1059365510446771
2010-06-30,0.14598602655195922,0.458825927647664,0.2843129248805138,0.11087512091986305,0.16483548689748037,0.34610825612055757,0.38250713524414126,0.1065491217378209
2010-07-31,0.14189150460992378,0.46255836565110364,0.28449729747062463,0.11105283226834792,0.16228809773875863,0.34834820819359646,0.38250454480249424,0.10685914926515064
2010-08-31,0.14441894826328971,0.46077026111211455,0.2829118923226241,0.11189889830197164,0.16316192084556308,0.3446356164116511,0.38439830395129926,0.10780415879148651
2010-09-30,0.14138046836556908,0.4627446158003251,0.2838431654465465,0.11203175038755947,0.15935834024789902,0.34602537566849473,0.385906496821675,0.10870978726193128
2010-10-31,0.14087976548693623,0.46220483489612973,0.2832295036127764,0.11368589600415772,0.1585428156466015,0.3451369318954362,0.38587819543729807,0.11044205702066413
2010-11-30,0.14022792661168168,0.4653896451677199,0.28028725954521067,0.11409516867538778,0.1587010343439245,0.34901235571868017,0.3822884642651138,0.10999814567228151
2010-12-31,0.14059253217785572,0.4646834133951344,0.27995185515371496,0.11477219927329493,0.15855822336851758,0.3439291342922567,0.3870067395305618,0.11050590280866401
2011-01-31,0.13992024656936475,0.465578443740492,0.28037854020458125,0.11412276948556203,0.15958063080851687,0.34580614720593295,0.38496317054722484,0.1096500514383253
2011-02-28,0.1365479158872166,0.4672041232586816,0.28006901897880093,0.11617894187530088,0.1592433696033074,0.3452248741394409,0.38397854803329035,0.11155320822396135
2011-03-31,0.13654791588721663,0.46720412325868166,0.280069018978801,0.1161789418753009,0.1588659574490153,0.3444300003159896,0.3859454048027971,0.11075863743219802
2011-04-30,0.13752722941188686,0.4663240134277534,0.27986686560851287,0.1162818915518469,0.15890185967575987,0.3465591181983592,0.38333991889926566,0.11119910322661522
2011-05-31,0.13766047499697592,0.4665592588961066,0.2802274356413663,0.11555283046555119,0.1581168512830485,0.34639514876972466,0.3834959055976943,0.11199209434953245
2011-06-30,0.13931884811533018,0.465509019817138,0.2803623782224142,0.11480975384511766,0.1618207885169607,0.3437663534863998,0.3809915220466093,0.11342133595003022
2011-07-31,0.14064917646177902,0.45852068199671775,0.2838102596758343,0.117019881865669,0.16194793282596742,0.3397594695024193,0.3823195061351655,0.11597309153644773
2011-08-31,0.14306375692012696,0.45164704520269683,0.2878632188831327,0.11742597899404353,0.16226308162963632,0.331918650215002,0.38736770963765804,0.11845055851770368
2011-09-30,0.13875332993590453,0.42765660342000217,0.3205567651862734,0.11303330145782006,0.15338843217758538,0.3077187571848664,0.4281008285508598,0.11079198208668832
2011-10-31,0.12567922046214158,0.36953952844196597,0.37913327086600673,0.12564798022988583,0.1428198564987879,0.2618531958127932,0.4847938087891409,0.11053313889927788
2011-11-30,0.12100376135532033,0.3889169842169406,0.3702502357475979,0.11982901868014108,0.14076914609315985,0.2873342368061683,0.4592669997739419,0.11262961732672995
2011-12-31,0.11750254111447316,0.3995097698251832,0.3770185584568025,0.10596913060354116,0.13018209449139528,0.2841269186205293,0.4750518927368619,0.11063909415121365
2012-01-31,0.1223685865307552,0.44438924836668514,0.3263914287460072,0.10685073635655248,0.13216946529317525,0.2977909909026696,0.45880541507138467,0.11123412873277033
2012-02-29,0.13544191757599003,0.44022043098988695,0.32411769183045075,0.10021995960367233,0.13911098140938705,0.2878621836011834,0.46419493661515476,0.10883189837427486
2012-03-31,0.14986683862553057,0.44301605650500964,0.3128176717854982,0.09429943308396148,0.14304885006365903,0.2876692016528967,0.4606091777126532,0.1086727705707911
2012-04-30,0.14986683862553057,0.44301605650500964,0.3128176717854982,0.09429943308396148,0.14451441889799624,0.28879604470435194,0.4609050811053519,0.10578445529229999
2012-05-31,0.13988494067639212,0.4406741347862685,0.31095172647150476,0.10848919806583472,0.13460767438959978,0.2768992408581153,0.48031489056639604,0.10817819418588877
2012-06-30,0.13988494067639212,0.4406741347862685,0.31095172647150476,0.10848919806583472,0.13165660670175347,0.2714570064076896,0.49065134627686674,0.10623504061369007
2012-07-31,0.1525516258784165,0.43488663329568805,0.31281781527898045,0.09974392554691504,0.13131388996677232,0.2631806776588858,0.5038682812436927,0.10163715113064928
2012-08-31,0.1525516258784165,0.43488663329568805,0.31281781527898045,0.09974392554691504,0.13074538900677948,0.26043524503622295,0.5089486100166521,0.09987075594034545
2012-09-30,0.1525516258784165,0.43488663329568805,0.31281781527898045,0.09974392554691504,0.13015405850578418,0.25736207528108734,0.5135603362643691,0.09892352994875932
2012-10-31,0.1596667686522272,0.4300866271797423,0.3191667707756315,0.09107983339239889,0.13033386673358605,0.2578905248059352,0.5124456916352655,0.09932991682521321
2012-11-30,0.15966676865222723,0.43008662717974233,0.31916677077563155,0.0910798333923989,0.13230370946094405,0.25839345809234027,0.5102037144742769,0.09909911797243884
2012-12-31,0.15261387310058772,0.44142267115124373,0.3254004819448557,0.08056297380331286,0.12763763484083043,0.2715199183750684,0.5053378336840997,0.09550461310000151
2013-01-31,0.15484793157266125,0.43841868528604844,0.32329794823024394,0.08343543491104644,0.12851348308606497,0.2680412582763742,0.5053258802813174,0.09811937835624343
2013-02-28,0.15484793157266125,0.43841868528604844,0.32329794823024394,0.08343543491104644,0.12880931594453815,0.26750481418209704,0.5056060780446061,0.09807979182875869
2013-03-31,0.15484793157266125,0.43841868528604844,0.32329794823024394,0.08343543491104644,0.1298681930770904,0.270657318774125,0.5017670034676976,0.09770748468108675
2013-04-30,0.15484793157266125,0.43841868528604844,0.32329794823024394,0.08343543491104644,0.12989111314596058,0.27051222763969845,0.5026421840261854,0.09695447518815553
2013-05-31,0.16930248016999552,0.41696757148849006,0.3130568129238439,0.10067313541767052,0.1431822738491883,0.26790673214496763,0.4804599254667632,0.10845106853908097
2013-06-30,0.17220965307921923,0.41134678198359625,0.30992047863750466,0.10652308629967988,0.15329523993367122,0.27430957127109257,0.4600843903908062,0.11231079840443
2013-07-31,0.17220965307921923,0.41134678198359625,0.30992047863750466,0.10652308629967988,0.15399241786670323,0.2705670160787205,0.46409590682819546,0.11134465922638076
2013-08-31,0.17220965307921923,0.41134678198359625,0.30992047863750466,0.10652308629967988,0.15282032704920143,0.27641448591133777,0.4603703105137641,0.11039487652569675
2013-09-30,0.17501265193472465,0.40513708315568703,0.3064923804339017,0.11335788447568661,0.16019111662036098,0.27260474549128416,0.45507158174323314,0.1121325561451217
2013-10-31,0.17501265193472465,0.40513708315568703,0.3064923804339017,0.11335788447568661,0.1602302774629935,0.27431061815495905,0.4526375724685987,0.11282153191344878
2013-11-30,0.17501265193472465,0.40513708315568703,0.3064923804339017,0.11335788447568661,0.15938239913900965,0.2731011993564447,0.4552203211569962,0.11229608034754937
2013-12-31,0.17501265193472465,0.40513708315568703,0.3064923804339017,0.11335788447568661,0.15997788483948258,0.27587259177955825,0.44953550548971527,0.11461401789124391
2014-01-31,0.17783199371821945,0.40082782175726167,0.3045188450365475,0.1168213394879714,0.15911338901213756,0.2728538800032767,0.45083185402623027,0.11720087695835549
2014-02-28,0.17783199371821945,0.40082782175726167,0.3045188450365475,0.1168213394879714,0.1584254728405003,0.27365123219637305,0.4508376881845361,0.11708560677859052
2014-03-31,0.17783199371821945,0.40082782175726167,0.3045188450365475,0.1168213394879714,0.15840441558585827,0.27291883381981913,0.450344928575967,0.11833182201835565
2014-04-30,0.17783199371821945,0.40082782175726167,0.3045188450365475,0.1168213394879714,0.157779062997677,0.2721105736382718,0.45112069305168045,0.11898967031237068
2014-05-31,0.17783199371821945,0.40082782175726167,0.3045188450365475,0.1168213394879714,0.15755246308197893,0.2730256154037187,0.44763336193872605,0.12178855957557627
2014-06-30,0.17783199371821945,0.40082782175726167,0.3045188450365475,0.1168213394879714,0.1572456313583617,0.2708876248646293,0.44946145294939605,0.12240529082761302
2014-07-31,0.17125613484018207,0.4068081709856173,0.3074847466809698,0.11445094749323087,0.15477046919337517,0.27414523438935634,0.4529638694243323,0.11812042699293626
2014-08-31,0.1569790687420712,0.4120352082280814,0.308792658198315,0.12219306483153249,0.1577330152859986,0.29227898064089464,0.43548114492858764,0.11450685914451919
2014-09-30,0.16609832382058803,0.3964771038507097,0.3012470707859177,0.13617750154278452,0.16925303583320042,0.2937296390458098,0.41558302897665966,0.1214342961443301
2014-10-31,0.1971838168509419,0.365655651678465,0.2973122539544535,0.13984827751613974,0.18882600449647122,0.2844389817422958,0.4039906750425098,0.12274433871872305
2014-11-30,0.19718381685094186,0.3656556516784649,0.29731225395445343,0.1398482775161397,0.18750901078827661,0.27925308776966856,0.4216455751618653,0.11159232628018956
2014-12-31,0.19984210713260941,0.375209447372078,0.3056885542961959,0.11925989119911667,0.18637344581422252,0.28343760712365745,0.4299249533020635,0.1002639937600566
2015-01-31,0.20393719959091347,0.36723572656871256,0.30385588306247324,0.1249711907779008,0.18955134066284232,0.2712882166856625,0.43660012127848247,0.10256032137301274
2015-02-28,0.20393719959091347,0.36723572656871256,0.30385588306247324,0.1249711907779008,0.18920367706592522,0.26860805512149627,0.43810672139145695,0.10408154642112155
2015-03-31,0.2036227626303263,0.3687356435442636,0.30701757174961064,0.12062402207579959,0.18627292584430205,0.2720268444464769,0.43995385392374503,0.1017463757854761
2015-04-30,0.20300581734698506,0.371377136355469,0.31025405015301905,0.11536299614452677,0.18778323769724445,0.2781272344966211,0.43982257300815264,0.09426695479798172
2015-05-31,0.22273728088988295,0.3457513983271057,0.31074300919216596,0.12076831159084535,0.20291965008925197,0.28020478815493227,0.4193755685617765,0.09749999319403922
2015-06-30,0.22047307675630146,0.3417217075914926,0.31024850722188607,0.12755670843031983,0.20526684474843787,0.2820990970492559,0.4127881971615029,0.09984586104080327
2015-07-31,0.2166763846165999,0.3454273815390328,0.3152386069868389,0.12265762685752837,0.20061327816277824,0.2765843164172787,0.4307188917542248,0.09208351366571826
2015-08-31,0.18680827151157323,0.35032556148527316,0.326110667000551,0.13675550000260267,0.1836987522931344,0.2828503656057479,0.4365404530039103,0.09691042909720732
2015-09-30,0.18680827151157323,0.35032556148527316,0.326110667000551,0.13675550000260267,0.18125576424548723,0.28244027008334344,0.4399319360433263,0.09637202962784303
2015-10-31,0.1805172472300877,0.3552430230455716,0.3308582642620383,0.13338146546230234,0.1697201796617844,0.28415687343153295,0.44886771328320174,0.09725523362348092
2015-11-30,0.18051724723008772,0.35524302304557165,0.33085826426203835,0.13338146546230237,0.16984961562383638,0.28571831924320895,0.4490842334372485,0.09534783169570618
2015-12-31,0.1792884066806699,0.35875269386077197,0.33391522548352603,0.12804367397503214,0.16897431894957124,0.2897457772956373,0.4472043645937531,0.09407553916103838
2016-01-31,0.1792884066806699,0.35875269386077197,0.33391522548352603,0.12804367397503214,0.1649447085545633,0.2858100236652249,0.45309696601548327,0.09614830176472863
2016-02-29,0.1792884066806699,0.35875269386077197,0.33391522548352603,0.12804367397503214,0.16502383943699134,0.2845504963882906,0.45389670481509975,0.09652895935961826
2016-03-31,0.17400776694385342,0.3650766905269253,0.33629127561383815,0.12462426691538314,0.16503605500754104,0.2946726216469922,0.44222258093055805,0.09806874241490879
2016-04-30,0.17504233733061655,0.3694529686032041,0.3381711893338762,0.1173335047323032,0.16501493410516455,0.29713108357626783,0.4456713848670239,0.0921825974515438
2016-05-31,0.15958338383415788,0.38554751980165464,0.3421818796041994,0.1126872167599882,0.156746108006228,0.3047538868890555,0.4516291810396318,0.08687082406508469
2016-06-30,0.16189827850107785,0.3886931434127274,0.3438638511097822,0.10554472697641258,0.15145168850078472,0.2956452463504059,0.46947972934286425,0.0834233358059451
2016-07-31,0.16189827850107785,0.3886931434127274,0.3438638511097822,0.10554472697641258,0.15387301590070884,0.2975713670898691,0.4654016839718397,0.08315393303758237
2016-08-31,0.16189827850107785,0.3886931434127274,0.3438638511097822,0.10554472697641258,0.15484182813040503,0.29468461922909067,0.46796062199052996,0.08251293064997436
2016-09-30,0.16189827850107785,0.3886931434127274,0.3438638511097822,0.10554472697641258,0.155933855982381,0.29638298133098867,0.466220064682915,0.08146309800371544
2016-10-31,0.17806874476917958,0.37883019145370517,0.3388807614961103,0.10422030228100498,0.15913744457337656,0.2904793303275528,0.4680885945878242,0.08229463051124636
2016-11-30,0.19290674653260562,0.36475153872185817,0.3312529298892977,0.11108878485623848,0.17112068999049443,0.28501746800186395,0.4555669195492209,0.08829492245842065
2016-12-31,0.19290674653260562,0.36475153872185817,0.3312529298892977,0.11108878485623848,0.17038260754949477,0.28949122717074055,0.45338587060832414,0.0867402946714405
2017-01-31,0.1903506908667003,0.3697933028475231,0.3340935331590059,0.10576247312677067,0.16998194731323138,0.294946183179841,0.4507856890064083,0.08428618050051923
2017-02-28,0.18791983237662632,0.36865580512378343,0.3327835222293829,0.11064084027020733,0.17084776985924888,0.2937911797045957,0.45004173100155026,0.08531931943460518
2017-03-31,0.18791983237662632,0.36865580512378343,0.3327835222293829,0.11064084027020733,0.17082459251484014,0.2942237806073638,0.4495602375514398,0.08539138932635615
2017-04-30,0.18791983237662632,0.36865580512378343,0.3327835222293829,0.11064084027020733,0.17058308009597417,0.2932313824633489,0.45066203490284806,0.08552350253782878
2017-05-31,0.18791983237662632,0.36865580512378343,0.3327835222293829,0.11064084027020733,0.1696532815348389,0.2941644382607325,0.4512831881436391,0.08489909206078944
2017-06-30,0.18791983237662632,0.36865580512378343,0.3327835222293829,0.11064084027020733,0.17009029994095387,0.29300958374534575,0.45136647680414194,0.08553363950955861
2017-07-31,0.18791983237662632,0.36865580512378343,0.3327835222293829,0.11064084027020733,0.17104317228316596,0.29317388620990414,0.45137601704192293,0.08440692446500714
2017-08-31,0.18865492925867677,0.3709773960817871,0.3338929800638527,0.10647469459568353,0.1718932977203862,0.29272495243612273,0.45192862275790363,0.08345312708558732
2017-09-30,0.18865492925867677,0.3709773960817871,0.3338929800638527,0.10647469459568353,0.17137209759425906,0.28765146100159505,0.4585116633283022,0.0824647780758437
2017-10-31,0.18865492925867677,0.3709773960817871,0.3338929800638527,0.10647469459568353,0.17065664040175527,0.2891404816983143,0.4583995512675798,0.08180332663235058
2017-11-30,0.18863069207772476,0.37359383725010104,0.33506694174974483,0.10270852892242938,0.16943573592017375,0.29106172326291,0.4551797215828454,0.08432281923407077
2017-12-31,0.18733988292452328,0.37073058061701203,0.33211847860454735,0.10981105785391747,0.16887482600136938,0.2894740640524736,0.4524297161590497,0.08922139378710738
2018-01-31,0.18395388833490112,0.37803061989324466,0.3359560522579285,0.10205943951392564,0.15934845148275026,0.2973655332572592,0.4568984004896529,0.08638761477033766
2018-02-28,0.17635323314019852,0.3792236942917853,0.3341999420763268,0.11022313049168937,0.15934248639109133,0.30821627202136126,0.4442920497613152,0.08814919182623214
2018-03-31,0.17635323314019852,0.3792236942917853,0.3341999420763268,0.11022313049168937,0.15789098572344076,0.30690969066049817,0.44527388603905793,0.08992543757700319
2018-04-30,0.1740531713045144,0.3765062908330826,0.33045435041800947,0.11898618744439357,0.1583997877856,0.3038360174306513,0.44215681394629985,0.09560738083744885
2018-05-31,0.1740531713045144,0.3765062908330826,0.33045435041800947,0.11898618744439357,0.1579828906216388,0.30178942362794425,0.44461002438276614,0.09561766136765075
2018-06-30,0.1740531713045144,0.3765062908330826,0.33045435041800947,0.11898618744439357,0.15640293924110565,0.3008279456834411,0.4494407627612563,0.09332835231419694
2018-07-31,0.1740531713045144,0.3765062908330826,0.33045435041800947,0.11898618744439357,0.15290667934109234,0.2999438836331932,0.44321204203244446,0.1039373949932699
2018-08-31,0.1740531713045144,0.3765062908330826,0.33045435041800947,0.11898618744439357,0.16350701201367016,0.29355976495329494,0.4407047897161208,0.10222843331691413
2018-09-30,0.1823152416912699,0.3660999486251586,0.3245862607712786,0.12699854891229304,0.16701221925159676,0.29285401002857236,0.4361296736064673,0.1040040971133634
2018-10-31,0.1818195689678676,0.37074835779037146,0.32750587709773926,0.1199261961440216,0.16698700961128632,0.2994303892925783,0.4302520343106215,0.10333056678551389
2018-11-30,0.18181956896786763,0.3707483577903715,0.3275058770977393,0.11992619614402161,0.16814102328261302,0.29851224435146545,0.43295195376597484,0.10039477859994676
2018-12-31,0.16391020961567576,0.38296836607625667,0.3340137482679461,0.11910767604012147,0.149541120075469,0.29629802981102127,0.4489162352026945,0.1052446149108152
2019-01-31,0.16391020961567576,0.38296836607625667,0.3340137482679461,0.11910767604012147,0.1472226960280777,0.31506460518564694,0.4351764815268388,0.10253621725943653
2019-02-28,0.155181988109752,0.3917542226650297,0.3386642531210273,0.11439953610419107,0.14562036138225268,0.3200342547683283,0.43284436945053517,0.10150101439888377
2019-03-31,0.1610028375762828,0.38064553441465665,0.3334395682579483,0.12491205975111229,0.15215964029291626,0.3031784957740728,0.4420424309936742,0.10261943293933669
2019-04-30,0.1610028375762828,0.38064553441465665,0.3334395682579483,0.12491205975111229,0.14882459619509406,0.29869112384653845,0.44429374438439456,0.10819053557397293
2019-05-31,0.1610028375762828,0.38064553441465665,0.3334395682579483,0.12491205975111229,0.14366574436608787,0.2926370686300226,0.45658993788432,0.10710724911956959
2019-06-30,0.1457506393626929,0.392871180028691,0.342503549587273,0.11887463102134327,0.13654569153269003,0.3057018471705256,0.4529536791683747,0.10479878212840961
2019-07-31,0.14575063936269286,0.39287118002869087,0.34250354958727297,0.11887463102134324,0.1352960458352631,0.30077681657117145,0.4534579007222837,0.11046923687128173
2019-08-31,0.150281084251378,0.3802522801383732,0.33536413265938675,0.13410250295086204,0.14468789266996512,0.29030487193905413,0.44902870155943225,0.11597853383154849
2019-09-30,0.150281084251378,0.3802522801383732,0.33536413265938675,0.13410250295086204,0.14568950630095817,0.28806918232483375,0.44830196854997506,0.11793934282423306
2019-10-31,0.150281084251378,0.3802522801383732,0.33536413265938675,0.13410250295086204,0.14499208747564882,0.29016596926782884,0.44831149253556785,0.1165304507209544
2019-11-30,0.1393755151462156,0.3946759579115563,0.3450816913089776,0.12086683563325039,0.1332595108424544,0.29746240678807717,0.4618290570064451,0.10744902536302328
2019-12-31,0.13937551514621563,0.39467595791155635,0.34508169130897764,0.1208668356332504,0.1335252952300684,0.29621473795479863,0.46425738878576756,0.10600257802936539
2020-01-31,0.13808270509988885,0.3917561889225475,0.34287469595036496,0.1272864100271987,0.1402323087886466,0.29122984371863847,0.46566120945755557,0.10287663803515924
2020-02-29,0.1337374360112428,0.39761081808334015,0.3464651885474273,0.12218655735798967,0.13313986930658447,0.28609663307094013,0.47904829820328004,0.10171519941919527
2020-03-31,0.134381820336636,0.5554007927137619,0.2151048965069309,0.09511249044267127,0.1523115174997665,0.3557458007195324,0.39562839323917126,0.09631428854152994
2020-04-30,0.11837478028654194,0.5624358526794588,0.2133787254219631,0.10581064161203624,0.14606251873001727,0.377935820731708,0.3759438611941103,0.1000577993441644
2020-05-31,0.11894476919783935,0.567587821114407,0.21582300820235395,0.09764440148539975,0.1463446600609706,0.3820632378057497,0.3781110856699745,0.09348101646330512
2020-06-30,0.11963457156065607,0.5693136319948403,0.21561162252073707,0.09544017392376664,0.14663482875100264,0.3850991637365935,0.37523344825203864,0.09303255926036527
2020-07-31,0.11963457156065607,0.5693136319948403,0.21561162252073707,0.09544017392376664,0.1466324857043823,0.38944032105607745,0.36957249276485515,0.09435470047468514
2020-08-31,0.11963457156065607,0.5693136319948403,0.21561162252073707,0.09544017392376664,0.14513907570571694,0.38977904656701956,0.3702850970320259,0.09479678069523771
2020-09-30,0.11856908727019405,0.5724470460433411,0.215623654598991,0.09336021208747405,0.14246858562659753,0.3950826417506384,0.3681230504077309,0.09432572221503326
2020-10-31,0.11904968789422128,0.5702398673828041,0.21382365030095749,0.09688679442201714,0.142714623558299,0.3914695478097482,0.3704996882990108,0.09531614033294203
2020-11-30,0.11356928584749566,0.5764797714323204,0.21640699680450312,0.09354394591568081,0.1380169079829592,0.3983428295864943,0.3703033994085161,0.09333686302203043
2020-12-31,0.11356928584749566,0.5764797714323204,0.21640699680450312,0.09354394591568081,0.13792617539752663,0.39734140976683635,0.37150484592839805,0.093227568907239
2021-01-31,0.1107520609597214,0.5792457851841838,0.2172494431090764,0.09275271074701846,0.1377125691287904,0.4030764785134645,0.3671810560659609,0.09202989629178428
2021-02-28,0.11112103699289305,0.5767354654391051,0.21513940843612914,0.09700408913187274,0.14142135703150518,0.395858040070624,0.3712924580856714,0.09142814481219948
2021-03-31,0.11782683971408835,0.5719697974664731,0.21211384837402142,0.09808951444541697,0.14398196770357488,0.39027535872511343,0.3728996822656584,0.09284299130565322
2021-04-30,0.11759036912499722,0.5743469697437013,0.2137719150375879,0.09429074609371366,0.142152105692187,0.393695793545321,0.37268964574389163,0.09146245501860041
2021-05-31,0.11759036912499722,0.5743469697437013,0.2137719150375879,0.09429074609371366,0.14210408815512215,0.3940299536101917,0.37252874086509175,0.09133721736959438
2021-06-30,0.11759036912499722,0.5743469697437013,0.2137719150375879,0.09429074609371366,0.14227573611898361,0.3934556329939155,0.37314794527207223,0.09112068561502859
2021-07-31,0.11759036912499722,0.5743469697437013,0.2137719150375879,0.09429074609371366,0.14273066408480983,0.3926436576782363,0.37314512965781815,0.09148054857913562
2021-08-31,0.11880844969128951,0.5728473681321044,0.21333649060468912,0.09500769157191709,0.14298819865082874,0.39238380612741713,0.37309163101000065,0.09153636421175333
2021-09-30,0.11824901518723906,0.5715282762629994,0.21306380381840154,0.0971589047313601,0.1414864663918827,0.39300491956686906,0.3737551687968166,0.09175344524443169
2021-10-31,0.11843767760720239,0.5721672901085935,0.21352645161399378,0.09586858067021038,0.14296999549030748,0.39067054141749225,0.3753599657779761,0.09099949731422408
2021-11-30,0.11843767760720239,0.5721672901085935,0.21352645161399378,0.09586858067021038,0.14245173344813805,0.3904082564878153,0.3759403651019336,0.09119964496211307
2021-12-31,0.1193316262649586,0.5706960929909172,0.21284515889793124,0.09712712184619297,0.1489875880830959,0.39081279493997295,0.3699267590699637,0.09027285790696753
2022-01-31,0.11923615477252054,0.5651811929797917,0.20949387279352316,0.10608877945416459,0.15183381361130063,0.39059038075458835,0.3658803773980228,0.09169542823608817
2022-02-28,0.11841137237397713,0.565037137785066,0.20921850312357504,0.10733298671738177,0.15158804156724745,0.39547548880686095,0.3613987822225183,0.09153768740337308
2022-03-31,0.11862520895028332,0.5620745108736146,0.20734026826339388,0.11196001191270817,0.1550045732064951,0.3872249092900375,0.365195899394678,0.09257461810878938
2022-04-30,0.11624663730063997,0.5389717676738586,0.2184463572351884,0.12633523779031314,0.15699674948103076,0.3838391565303788,0.36084414729226794,0.09831994669632264
2022-05-31,0.11624663730063997,0.5389717676738586,0.2184463572351884,0.12633523779031314,0.15853812503149353,0.38872384175724806,0.3546997463553675,0.09803828685589094
2022-06-30,0.11636344876222336,0.5407573696296344,0.21988842979747578,0.12299075181066647,0.15491301510680916,0.3923991626343262,0.35560974860520445,0.09707807365366021
2022-07-31,0.11341995311929913,0.531885994036787,0.22666830346753886,0.128025749376375,0.1534868377957963,0.39114049130694806,0.35621146461991576,0.09916120627733975
2022-08-31,0.1122725248917941,0.525688307787039,0.23692294492440782,0.1251162223967589,0.15029936035491437,0.39778803337631796,0.3532200100326603,0.09869259623610734
2022-09-30,0.11977326328477741,0.49628766827644866,0.2550555689917806,0.12888349944699337,0.15265049290790733,0.3921878454300882,0.3519609904302992,0.10320067123170519
2022-10-31,0.11956030363924354,0.4967601074094082,0.25538539063565535,0.12829419831569297,0.15082780140602958,0.39171996601715725,0.3540230962659575,0.10342913631085576
2022-11-30,0.12222390753988129,0.4911064309047264,0.2516785153770915,0.13499114617830085,0.15514167499799147,0.3899123742780559,0.348246304809397,0.10669964591455558
2022-12-31,0.12069454720805109,0.4863330087362813,0.25717212039885806,0.13580032365680944,0.15298238322574256,0.39011419003935455,0.34942256438987734,0.10748086234502549
2023-01-31,0.12047958063118497,0.4852389419437168,0.25642957594842214,0.13785190147667617,0.15111043329991325,0.39557674329270437,0.34304970755213615,0.11026311585524624
2023-02-28,0.12499458753678758,0.4760721680237582,0.26021571272459626,0.138717531714858,0.15391897949473032,0.3999766147850577,0.3353806215700235,0.11072378415018848
2023-03-31,0.13657886957551327,0.3723292207635585,0.30665814376616635,0.18443376589476196,0.15331666603706565,0.3743475924793419,0.340754888431276,0.13158085305231645
2023-04-30,0.14006268086455892,0.36899346278400863,0.31460005236372607,0.1763438039877063,0.15689384807002302,0.3599397192132987,0.35076585358844337,0.1324005791282349
2023-05-31,0.14035419315163633,0.3631262110645054,0.311923396513536,0.1845961992703223,0.15663339209958976,0.3560307752198275,0.3496137357890089,0.1377220968915738
2023-06-30,0.13733430031417085,0.3634822091050445,0.31405129146233224,0.18513219911845263,0.15410132995743475,0.3545867975120748,0.35368994063432097,0.1376219318961696
2023-07-31,0.13636439124937966,0.365200367824377,0.3201489097293724,0.17828633119687115,0.1534602838970078,0.3527703397789325,0.3615147859344918,0.13225459038956783
2023-08-31,0.138409993233508,0.36306515366552283,0.3197855410084592,0.17873931209250998,0.155456773736699,0.35212586296280585,0.3604337313256,0.13198363197489507
2023-09-30,0.13946768875946927,0.3561773367605078,0.31850070200614145,0.18585427247388156,0.1564184869469218,0.348429604746279,0.3596657794845823,0.13548612882221703
2023-10-31,0.14033470596920272,0.35611964628517173,0.31870877528396907,0.1848368724616566,0.15722837535807627,0.3487587593963595,0.35859608010896854,0.13541678513659575
2023-11-30,0.14448209008780855,0.33550895534649106,0.31126652642508446,0.208742428140616,0.1661439508051715,0.3411553871398846,0.3489284921422236,0.14377216991272035
2023-12-31,0.14665185790085958,0.3284064369557396,0.30650713906750837,0.21843456607589234,0.171091721417917,0.3348907286416528,0.34636633290823426,0.147651217032196
2024-01-31,0.14665185790085958,0.3284064369557396,0.30650713906750837,0.21843456607589234,0.17109714654475566,0.3348325078278514,0.34631662630139426,0.14775371932599868
2024-02-29,0.14844556987021476,0.32479486041087163,0.3045822588321307,0.22217731088678294,0.16874509189755535,0.3345216011811901,0.34436256784521024,0.15237073907604434
2024-03-31,0.14620337727407345,0.32580838942721296,0.30548706295952655,0.2225011703391871,0.1690758105468326,0.3356897238957171,0.3431728113901843,0.15206165416726597
2024-04-30,0.1454940455309441,0.3211942661447149,0.3025287044619963,0.23078298386234472,0.1695004351059965,0.3315009216127052,0.3426120724497873,0.15638657083151092
2024-05-31,0.14410588682801373,0.32068722169788566,0.30223882304136795,0.23296806843273257,0.1689189399391586,0.3318840003164398,0.34268065985362134,0.15651639989078026
2024-06-30,0.14215356210578514,0.32043970116103215,0.30253582017511005,0.23487091655807277,0.16787567782659155,0.3311027925993342,0.3443416551109396,0.1566798744631347
2024-07-31,0.14065060821834155,0.32125426956620634,0.3031333513173263,0.23496177089812592,0.16877191510316678,0.3323021879392525,0.34327697259267315,0.15564892436490768
2024-08-31,0.1403094308104073,0.32079586369129853,0.30272226175002115,0.23617244374827304,0.16986729884139928,0.330796938159479,0.3429395142826192,0.15639624871650243
2024-09-30,0.14057684599561812,0.32025869760879144,0.3021264229047331,0.2370380334908573,0.17202595985919464,0.3297577643738411,0.340164513728053,0.15805176203891133
2024-10-31,0.14535380901603107,0.3141757060994639,0.29776771502830207,0.24270276985620304,0.17644224968030436,0.3244599304125962,0.338197583390724,0.16090023651637547
2024-11-30,0.1434099196009659,0.30679581033626846,0.29411907342752525,0.2556751966352404,0.17263999425264587,0.32252471014420897,0.33424812901410583,0.17058716658903922
2024-12-31,0.1433373764954364,0.3007231286803164,0.2909716877801301,0.26496780704411704,0.17320845956391187,0.3190874071945898,0.33262439121994253,0.17507974202155568
2025-01-31,0.14097682727687047,0.2993382998382323,0.2900242104919733,0.26966066239292386,0.17233351903344626,0.3131182095983636,0.3300215787133434,0.18452669265484675
2025-02-28,0.13851299599257189,0.2963247329568023,0.2868573359066235,0.27830493514400234,0.1726385340498269,0.30523702876577125,0.32866352376556657,0.1934609134188353
2025-03-31,0.14009007850682892,0.2908298429531187,0.28131025304064605,0.2877698254994062,0.1653766611320277,0.3061872220653795,0.32549469921815716,0.20294141758443562
2025-04-30,0.14613603461139593,0.302468042648352,0.29092078350153433,0.26047513923871773,0.16871395105710185,0.30789495085654606,0.33364364425822074,0.18974745382813135
2025-05-31,0.14211842889408266,0.3023921392574422,0.29045660451071587,0.2650328273377593,0.16580434165667102,0.3065957374447334,0.3335477937765425,0.1940521271220531
2025-06-30,0.14732472110499878,0.29327852765634643,0.28599837128678346,0.27339837995187133,0.17159013691473865,0.30026096591783696,0.3316396094692779,0.19650928769814657
2025-07-31,0.15243448010318866,0.29502947701557425,0.2883052263433142,0.2642308165379229,0.17614250533512257,0.3007451776573536,0.3323194162272111,0.19079290078031275
2025-08-31,0.15243448010318866,0.29502947701557425,0.2883052263433142,0.2642308165379229,0.17656409275820922,0.30256680602844094,0.332645691760953,0.1882234094523968
2025-09-30,0.1490029506575855,0.29182381952417635,0.28586422263537115,0.2733090071828671,0.17944009776428674,0.299055611845326,0.3373413579652071,0.18416293242518014
2025-10-31,0.1547561066904374,0.2839935753470315,0.27927692454156966,0.2819733934209615,0.18268036652937092,0.29605403190802326,0.3332773424239119,0.18798825913869383
2025-11-30,0.1565529338546162,0.2885185646083441,0.2837639416949473,0.27116455984209253,0.1785769397738712,0.2947138995914667,0.3447597861776477,0.1819493744570144
