,Naive_Gross,Naive_Net,ERC_Gross,ERC_Net,Trend_Gross,Trend_Net,Risk_Free,Bench_6040_XR
1991-01-31,,,,,,,,
1991-02-28,0.0305805766097765,0.030574552186709424,0.034966564675437,0.034966564675437,0.0288050774659895,0.028799354878052207,0.0048201388511142,0.0410957345025823
1991-03-31,0.0197737122252853,0.01976832010701958,0.0266904197578647,0.026683020215227338,0.0130298846696208,0.013026285076415269,0.0047964237628919,0.0116140979170077
1991-04-30,0.0139529911622117,0.013946109545209499,0.0158305430167105,0.01580678315806759,0.0103515307926224,0.010345971424174875,0.004590634665871,0.0003894321985598
1991-05-31,0.0138985727635825,0.013889495914363977,0.0143074279155452,0.0143074279155452,0.0149921436071537,0.014984522041971798,0.004439956538087,0.02310501016213
1991-06-30,-0.0326458569030594,-0.032657682230797784,-0.0393415121002979,-0.03938073354111805,-0.0268167939232386,-0.026827333507446174,0.0045272215436409,-0.0341159654852016
1991-07-31,0.0331866344371827,0.03317985280159635,0.0414190599902662,0.0414190599902662,0.0238389570222415,0.023739440484853273,0.0045351505923962,0.0273310808528716
1991-08-31,0.0458565650067772,0.04584412970045653,0.0433108594111061,0.0433108594111061,0.0458565650067772,0.04584412970045653,0.0043367175322408,0.0230289249372765
1991-09-30,0.0280230019773239,0.02802135267393745,0.0239865972863727,0.0239865972863727,0.0280230019773239,0.02802135267393745,0.0042492701806178,-0.0018951192755811
1991-10-31,0.0146131789872418,0.014611759025712708,0.0182517767976661,0.0182517767976661,0.0146131789872418,0.014611759025712708,0.0040661545935285,0.0066993383999722
1991-11-30,-0.0108135671592978,-0.01082913967072081,-0.02136716731834,-0.021379550417229158,-0.0108135671592978,-0.010960723518409857,0.0037228194856664,-0.022642381707267
1991-12-31,0.0812228683018452,0.0812065346004841,0.0644115532279215,0.06438478150374874,0.0497223978514326,0.04948924573627261,0.003329995796502,0.0871635935812421
1992-01-31,-0.0435919399462487,-0.04361383639671857,-0.0345175432679245,-0.03454159848662396,-0.0487939583439263,-0.04881255928841759,0.003112816845733,-0.0285085905767668
1992-02-29,0.0068143955629239,0.006808102187270954,0.0034743386886989,0.0034676234777369303,0.0099573154546674,0.009952982064953217,0.003145024157517,0.0083839963542792
1992-03-31,-0.0195655465307928,-0.01957079930890341,-0.0172433793423001,-0.017248201137840088,-0.0211569920618926,-0.021160669520988856,0.0033058903246372,-0.0198138911287095
1992-04-30,0.0156287288123657,0.015627172427630513,0.0214255041585118,0.0214255041585118,0.0098821836903083,0.009781131842711458,0.0030725417032555,0.015364158061032
1992-05-31,0.0386393069673311,0.038633880784966886,0.0391749822435345,0.03916840515987773,0.0386393069673311,0.038633880784966886,0.0029758087216387,0.0105080943232804
1992-06-30,0.0163406410403972,0.01632999243369346,0.0108467235988338,0.0108467235988338,0.0163406410403972,0.01632999243369346,0.0030000015894111,-0.0038779727846267
1992-07-31,0.0542004566826635,0.05418221825695536,0.0461404244515615,0.0461404244515615,0.0542004566826635,0.05418221825695536,0.0026364327582906,0.0366037727770166
1992-08-31,0.0061858034012412,0.006167548426185313,0.0034733562653371,0.0034461169980322683,0.0061858034012412,0.006167548426185313,0.0025716462189622,-0.0094072934468467
1992-09-30,0.0288753069777447,0.028871343586477236,0.0281103564329465,0.0281103564329465,0.0288753069777447,0.028871343586477236,0.0023932454057613,0.0144587805303873
1992-10-31,-0.0395397830337202,-0.03955277747628244,-0.0401038041613803,-0.040128407912287486,-0.0395397830337202,-0.039647170936786456,0.0023526510136486,-0.0101027821485228
1992-11-30,-0.0006432100560473,-0.0006446636563892082,-0.0015068725378352,-0.0015068725378352002,0.0025784472854328,0.0025770973062993535,0.0025716462189622,0.0161089401976155
1992-12-31,0.0289428840349045,0.028937060399970908,0.025642416311857,0.025634104026384975,0.0291083772777117,0.029105243554077523,0.0026445278387947,0.0143847580282024
1993-01-31,0.0379898596475281,0.03798123558097071,0.0353929989192677,0.03538123371456689,0.0360534284502857,0.03604869818886563,0.0024662697723036,0.0140726741729787
1993-02-28,0.0422499146652067,0.04224544663529864,0.0396913264172538,0.039657790168440815,0.0404561293510241,0.040354561766267255,0.0024094781004899,0.0188107717179212
1993-03-31,0.015166566093575,0.015163291401445936,0.0187024542316038,0.0187024542316038,0.015166566093575,0.015163291401445936,0.0024257079041964,0.0124714269264517
1993-04-30,-0.0049905091288264,-0.005010679568510104,-0.0100507737404204,-0.010056732930058718,-0.0049905091288264,-0.005010679568510104,0.002360771338929,-0.0151225998880981
1993-05-31,-0.003831312867101,-0.0038434881372326466,-0.0072438649586128,-0.007258315187108069,-0.003831312867101,-0.003934615260682523,0.002433821722253,0.0126676470994176
1993-06-30,0.0317344289618503,0.03172750724089588,0.0197704516178872,0.0197704516178872,0.0383521427901127,0.038346214481710224,0.0025230260752062,0.0122935539721989
1993-07-31,0.0004239956722703,0.00042015117402759334,-0.0028452961823541,-0.0028533575627431172,0.0026668545211447,0.0026649322720233466,0.0024987062733237,-0.0036258896699657
1993-08-31,0.0539213219525957,0.0538995824479139,0.0512034555882815,0.051179229025542505,0.0528629169274535,0.05284514314726556,0.0024824894659052,0.0340262550896914
1993-09-30,0.0030971126504197,0.0030064629899181896,0.0016584803992037,0.0015501151903738607,0.0031534643481075,0.003108139517856745,0.0024257079041964,-0.0034628728656309
1993-10-31,-0.0031531007239518,-0.0031618400333467233,-0.0088334390605919,-0.0088334390605919,0.0076413707110955,0.007636958889726264,0.0024824894659052,0.0110030795997766
1993-11-30,-0.0463161438625454,-0.04635126245626405,-0.0509925322529697,-0.0509925322529697,-0.0309291747168547,-0.030955071645248022,0.0025473393892132,-0.0181636388563005
1993-12-31,0.0005890939300024,0.0005885889498203485,-0.0022088172324389,-0.002237335211410673,0.0066216318001796,0.006621206298046581,0.0025149201956327,0.0069104932228184
1994-01-31,0.046741733559276,0.046731925691992374,0.0539659547034717,0.0539659547034717,0.0250558404507168,0.02505058338926122,0.0024500471914443,0.0240716202024629
1994-02-28,-0.0467205847821087,-0.04676760180271079,-0.0454546252679423,-0.04548224157983261,-0.0398733598957548,-0.04016190587643951,0.0026688087676296,-0.0301301882462018
1994-03-31,-0.051033053496949,-0.05106993906648808,-0.0488884698916582,-0.04894128275615715,-0.0302676109140413,-0.030846263698180835,0.0028708987190766,-0.0445733601122826
1994-04-30,-0.0059712026805782,-0.0059803759335071,-0.0014756464572916,-0.0014756464572916001,0.0,-0.000186553430774807,0.0030161266025487,-0.0011319916907488
1994-05-31,0.0014280326037991,0.0014216756509521375,0.0034121396988158,0.0034121396988158,0.0033202447827571,0.003319750671704241,0.0033862171355991,0.0058381901366415
1994-06-30,-0.0082297230206937,-0.008238886470836072,-0.0056139879371586,-0.0056350337651445825,0.0060474665442926,0.006046491788587449,0.0033862171355991,-0.0203435080919212
1994-07-31,0.0286480485547072,0.02863240713042169,0.0285177511925966,0.028489353658056913,0.003888728743599,0.003698409751364613,0.0035386434752657,0.0249093816706175
1994-08-31,-0.0126347852863108,-0.012661319034486274,-0.0213140339011263,-0.021343133359964635,-0.010350186979649,-0.010542821060737947,0.0036588004233741,0.0214698708281712
1994-09-30,-0.0342521806647671,-0.03426207483687875,-0.0334819057721628,-0.033494023174739845,-0.0079749914174583,-0.007976510683569193,0.0037708043235686,-0.0277802935357259
1994-10-31,-0.002465306641588,-0.0024711380968170924,-0.0009784815299857,-0.0009784815299857,0.0052074884978021,0.005207219022905077,0.0040342708735832,0.0068798885789288
1994-11-30,-0.0270207846971072,-0.027024903695335934,-0.032012849972981,-0.032012849972981,-0.0115404318393495,-0.011541193648495882,0.0043049281853966,-0.0262551929335321
1994-12-31,0.0162356755165785,0.016181569314227442,0.0194433526700109,0.01936903924867885,0.0029104836323609,0.0025186412977288284,0.0045510066248739,0.0088546968522392
1995-01-31,0.0113793204232099,0.011364046993906817,0.0086262417009142,0.0086262417009142,0.0125927205102549,0.012336909847894,0.0046381656285388,0.0201131525814978
1995-02-28,0.0277258278522559,0.027719198676847762,0.026395024841271,0.026395024841271,0.0270539200622173,0.027050605474513233,0.0046856718676875,0.0318736787403773
1995-03-31,0.0126802164051102,0.012675489012059605,0.0131274570540061,0.0131274570540061,0.0106963401092977,0.010692862235794054,0.0046540037873179,0.0160079979003339
1995-04-30,0.0207709005253045,0.020768854147970663,0.0217242600988165,0.0217242600988165,0.014936347856708,0.0147548582883294,0.004590634665871,0.0191963844682136
1995-05-31,0.0441093393901887,0.04406928099399208,0.0398229789992559,0.03978330965285695,0.0441093393901887,0.04406928099399208,0.004606481068812,0.044267747604287
1995-06-30,0.0039696861375612,0.003966024902428163,0.0021106005617239,0.0021106005617239,0.0039696861375612,0.003966024902428163,0.0044478931673448,0.0142714355307168
1995-07-31,0.0039444831532336,0.003936411158729131,0.0065312932727998,0.006507639796942507,0.0039444831532336,0.003936411158729131,0.0044082031209211,0.0106579498894165
1995-08-31,0.012126221465843,0.012117167264533395,0.012267637627509,0.012267637627509,0.012126221465843,0.012117167264533395,0.0043923222705009,0.0042610795776592
1995-09-30,0.0163693994162733,0.01635955073538348,0.0159463582471175,0.0159463582471175,0.0163693994162733,0.01635955073538348,0.0042969791189388,0.0263670213471158
1995-10-31,0.0074513459752188,0.007438229537631208,0.0069039520797619,0.0069039520797619,0.0074513459752188,0.007438229537631208,0.0042969791189388,-0.000184728919433
1995-11-30,0.0289041637178384,0.02890099174312161,0.0295253753039312,0.0295253753039312,0.0289041637178384,0.02890099174312161,0.0043605522809628,0.0320989295626042
1995-12-31,0.0374600252623932,0.03741456473773988,0.0428505626778153,0.04279210267630819,0.0374600252623932,0.03741456473773988,0.0041856194553282,0.0147744050274494
1996-01-31,0.0074325216913573,0.007422300906571551,0.0075099805207453,0.0075099805207453,0.0074325216913573,0.007422300906571551,0.0040741237836483,0.0177023804914111
1996-02-29,-0.0166092597911967,-0.016625174867432653,-0.0115479880337236,-0.011565856222143435,-0.0166092597911967,-0.016625174867432653,0.0039385528336748,-0.0120036349304949
1996-03-31,0.0042103990640329,0.0042010863823858735,0.0091236536285252,0.0091236536285252,0.0042103990640329,0.0042010863823858735,0.0040422428477437,-0.0023298480831314
1996-04-30,0.0005527564551296,0.0005348835231716941,0.005675661909994,0.005675661909994,0.0005527564551296,-7.950976459294122e-05,0.0040342708735832,-0.0022265480337322
1996-05-31,-0.0022060659756632,-0.0022100382132044685,-0.0027733810797214,-0.0027733810797214,0.004036496236168,0.004034510117397366,0.0040900600769369,0.0082218955027664
1996-06-30,0.0142060547935272,0.014197414091685201,0.0160376952836345,0.016027112567081565,0.0066458970315198,0.006285385937450524,0.0041458152037889,0.0039278295757044
1996-07-31,-0.0259114292456448,-0.02593891533347388,-0.0289355390273095,-0.02896488501094933,-0.0246887576701738,-0.024710518395391828,0.0041935782233755,-0.030393856152239
1996-08-31,0.0034250023999209,0.0034135368138373855,0.0056897345135623,0.0056737377157289595,0.0068060443687165,0.006436103151222979,0.004113959301397,0.0063243198525269
1996-09-30,0.0342118286088659,0.03420477244103455,0.0346567807994703,0.034642970093404286,0.0202708024677664,0.01962754294306375,0.0041458152037889,0.0388839445629548
1996-10-31,0.025226689008738,0.02521011412932401,0.0229015623414678,0.022890079973811945,0.025226689008738,0.02521011412932401,0.0040661545935285,0.0249738281195317
1996-11-30,0.0517615405913293,0.051740200047617896,0.0545610825273286,0.054529885023291425,0.0517615405913293,0.051740200047617896,0.0040980271803598,0.0525655524280683
1996-12-31,-0.0227425247625053,-0.022751605888626323,-0.0208962801895889,-0.020911057153085753,-0.0227425247625053,-0.022751605888626323,0.0040023760123895,-0.0245509201618919
1997-01-31,0.0081675476390029,0.008151714318575596,0.0064604512752007,0.00643855005617137,0.0081675476390029,0.008151714318575596,0.0040980271803598,0.0327161933428179
1997-02-28,-0.0167067557133222,-0.016733870208088905,-0.0218482628353711,-0.021877524066798153,-0.0167067557133222,-0.01688618768712032,0.0040820922780753,0.0019512234017394
1997-03-31,-0.0272909415544554,-0.027307115846607943,-0.0245876890511544,-0.0245876890511544,-0.0298331485746073,-0.02999505160804478,0.0041856194553282,-0.0368702988692714
1997-04-30,0.0311503815913839,0.03113844062592198,0.0312469342321942,0.03122302746612202,0.0311503815913839,0.03113844062592198,0.004201536297631,0.039649252389792
1997-05-31,0.0202454089892332,0.020235750066495927,0.0197326306213345,0.0197326306213345,0.0202454089892332,0.020235750066495927,0.004113959301397,0.0361087303974961
1997-06-30,0.0095949614877573,0.009583017655262021,0.0043247655484706,0.0043247655484706,0.0095949614877573,0.009439439235038958,0.0040183248361511,0.0296969811500707
1997-07-31,0.0605702354545816,0.06055921799772389,0.0596650672266672,0.0596650672266672,0.0531294713908292,0.05312287607221737,0.004113959301397,0.06027276044219
1997-08-31,-0.0308363044590967,-0.030862985935044298,-0.0272569686980054,-0.027300454452383154,-0.0351730376720696,-0.03534771970648615,0.0041856194553282,-0.0451280531694893
1997-09-30,0.0334567204218166,0.03344760650801464,0.0334819183872038,0.0334819183872038,0.0334567204218166,0.03344760650801464,0.0040342708735832,0.0373880489044323
1997-10-31,0.0108670949362581,0.010855533285262516,0.0120800173615998,0.012064907394191344,0.0108670949362581,0.010855533285262516,0.0040502141257032,-0.0137537621969327
1997-11-30,-0.015730287464367,-0.015760192209284627,-0.0252458689198229,-0.025278172012229067,-0.015730287464367,-0.01590434087860886,0.0041856194553282,0.0248905001928438
1997-12-31,-0.0048294721172999,-0.004841576153405341,-0.0117523787019721,-0.011765438134932367,0.0108697723071156,0.01086372028906288,0.004201536297631,0.0113074251106992
1998-01-31,0.0103649571465187,0.010362456978183696,0.0073543987677018,0.0073543987677018,0.0146344232560352,0.014632222683185985,0.0041059935884708,0.0110928411134761
1998-02-28,-0.003106706476495,-0.003126603482308513,-0.0079789390400928,-0.007996352894620924,0.011518872344659,0.011504647567368671,0.0041458152037889,0.0381993999850245
1998-03-31,0.0091553849500502,0.00915315875510447,0.0093153646333162,0.0093153646333162,0.0111173021558599,0.011115251859403166,0.0040980271803598,0.0269206249462806
1998-04-30,-0.0044707938029356,-0.004472985884486211,-0.0068486278875768,-0.0068486278875768,0.0019777879892866,0.0019762575326328588,0.0040342708735832,0.0035201206298416
1998-05-31,-0.006513121641964,-0.006570448425894487,-0.0121349764522222,-0.012208000554532758,0.0039537639128259,0.003909181621262172,0.0040741237836483,-0.0089550710834855
1998-06-30,0.0090457583392719,0.009043712156587044,0.0060516032198066,0.0060516032198066,0.0168124890683636,0.016811153014542706,0.0040581847075893,0.0257209892689916
1998-07-31,-0.0254617246280844,-0.02547589202923316,-0.030753693536868,-0.030771248092555707,-0.009325132234007,-0.009334203619775482,0.0040422428477437,-0.0105044649911879
1998-08-31,-0.0320068976450654,-0.03205979356149094,-0.0407508963383697,-0.040836937630565874,-0.0202928407464147,-0.020466960311154317,0.0039944005553169,-0.0750033856097788
1998-09-30,0.0871379437110121,0.08711999460265023,0.0887462223361753,0.08872882538766286,0.0516137887785794,0.05160222785885634,0.0037628086026935,0.055798765037274
1998-10-31,-0.0122813418784102,-0.012285144975664923,-0.0109175595031466,-0.010929797732408526,-0.0196846931740596,-0.019816548615727795,0.0032415779026344,0.0408752842910183
1998-11-30,-0.0079439186727997,-0.007958728408977878,-0.0120904418396699,-0.01209798076895614,0.017908209810011,0.01790057378715032,0.0036027468730472,0.0311957741294016
1998-12-31,0.0140071843346116,0.013996572326863648,0.0143637471994411,0.014348329347582654,0.0181693983431527,0.018164092339278723,0.0035867252456669,0.0353167438724007
1999-01-31,0.0138327901367801,0.01383205386825367,0.0139364804594117,0.0139364804594117,0.0137480294935051,0.013747341239844968,0.0035466588636137,0.0227097570258737
1999-02-28,-0.0702782847247572,-0.07028969962313089,-0.068037753518573,-0.06804577056734389,-0.05970185197074,-0.0600159388422362,0.0036267740400885,-0.0400719357429526
1999-03-31,0.0488720696473351,0.0488455311667561,0.0550345585415748,0.054999955323447015,0.012594050767875,0.012481092237173183,0.0036267740400885,0.0232347455422448
1999-04-30,0.0102989235156042,0.010292950573013366,0.0125477868954631,0.01254167557973528,0.0147183068786748,0.014713424808785226,0.0035065748777713,0.0180604251891969
1999-05-31,-0.0431663969031536,-0.04317567512823858,-0.0425392338492668,-0.0425392338492668,-0.0315579850198634,-0.03202082190053784,0.0036748094004368,-0.0246547222300942
1999-06-30,0.0086677510242955,0.008666298516782512,0.0131235582172513,0.013116667100240642,0.0224157082568839,0.02241484770043567,0.0037308187111868,0.026255167367297
1999-07-31,-0.0139056213684119,-0.013910614828289198,-0.0124740286136369,-0.01248037518204231,-0.0018579223233345,-0.0018600107840744749,0.0037148195588312,-0.0239484345151754
1999-08-31,0.0026511821081585,0.0026467248297815157,0.0054533074064265,0.0054533074064265,0.0101748089596084,0.010172580320419908,0.00385072302357,-0.0068246265746509
1999-09-30,0.0112828166659242,0.011276261032551135,0.0110815003599172,0.011077677154140963,0.0018965238458555,0.0017676618960318577,0.0038187639418887,-0.0160877700054143
1999-10-31,-0.0024738014200558,-0.0024887723781350382,-0.0021955295054865,-0.002202115418310031,-0.0101149534708836,-0.010239580106374761,0.0039624917561102,0.0322648145439371
1999-11-30,0.0010472292669407,0.0010430308267602728,0.0036201982506168,0.003614778098199011,0.0102441065832585,0.009776754170115998,0.004129888642202,0.0052737946731024
1999-12-31,0.0011234088304254,0.0011151860872877124,0.006300359768129,0.006291509211939744,0.0125821888372097,0.012111616421430963,0.0042333616592649,0.0252352445676434
2000-01-31,-0.0166572550471125,-0.016661778499059622,-0.0146572527048071,-0.014664009004947971,1.785833975295084e-05,1.5596613779390032e-05,0.0043287712331259,-0.0390029042399699
2000-02-29,0.019822397087119,0.019816332956511074,0.0204074169704786,0.0204074169704786,0.0053561026528957,0.004879713753780212,0.0045113613804723,-0.0063321726803961
2000-03-31,0.0419283414140621,0.04191270353564932,0.0428955725688214,0.0428955725688214,0.0245128348468142,0.024194731185349944,0.0046223247227021,0.0674971405076865
2000-04-30,-0.0369433399783774,-0.036951231759623844,-0.0348613003187726,-0.0348613003187726,-0.0369433399783774,-0.036951231759623844,0.004598558211035,-0.0267275086389788
2000-05-31,0.0017653753815331,0.0017584620337110532,0.0074817601931552,0.0074817601931552,0.0017653753815331,0.0012792846243795855,0.0047015017912679,-0.0168992574431425
2000-06-30,0.0487089366489738,0.04869820437452012,0.0479526105830468,0.047944288349795985,0.0293998584425385,0.02892068103320703,0.0046223247227021,0.0197364728032406
2000-07-31,-0.0142440925348649,-0.014277876119766776,-0.0195449791441906,-0.019572560652161976,-0.0142440925348649,-0.014277876119766776,0.0048359454901756,-0.0126497091801097
2000-08-31,0.0627697438506315,0.06275004942322153,0.0686459874024582,0.06857647255859671,0.0627697438506315,0.06275004942322153,0.0049386220311968,0.0433907230935534
2000-09-30,-0.01728484098532,-0.017295391454310242,-0.0204998308996242,-0.020510861109809646,-0.01728484098532,-0.017406131417243075,0.004867550565343,-0.0368529025926196
2000-10-31,-0.0076960653494756,-0.007700699050568083,-0.0072044068617702,-0.007208715647910276,-0.0054572269315632,-0.005461750812811909,0.004954408184481,-0.0047648589844725
2000-11-30,0.018085901454908,0.018077299557476473,0.0142598226314213,0.0142598226314213,0.0377129529475077,0.037707366523481084,0.0050017502848112,-0.041636574456847
2000-12-31,0.029625019562324,0.029615810902976332,0.0253763528834764,0.025363951295005138,0.0296731769306099,0.02966588997088221,0.0046856718676875,0.0111131736702101
2001-01-31,0.0172377326532514,0.017214033116514472,0.013846871556414,0.013846871556414,0.0100607394662443,0.010038959650198263,0.0041935782233755,0.0167240474154618
2001-02-28,-0.0058957598585043,-0.005906601870184367,-0.0128814788077456,-0.012891101432263703,0.0166205831034773,0.016612656734999735,0.0039784475501516,-0.0485860244068093
2001-03-31,-0.0197501854516001,-0.019753275500943322,-0.0243069681952009,-0.024319984711376745,-0.0039334413167186,-0.004020000160665366,0.0036107566318024,-0.040248663219222
2001-04-30,-0.0037625506729717,-0.0037771000386010887,0.002876527873374,0.002876527873374,-0.0304264506134606,-0.03052499271419039,0.0031691721789193,0.0323890674852248
2001-05-31,-0.0004554838602543,-0.00045617929616422235,-0.0016792462246837,-0.0016792462246837,-0.0012389564819214,-0.0013255560712437616,0.0029677430057029,0.0005233175500492
2001-06-30,-0.0176597064297312,-0.017662283554148256,-0.0200767921752927,-0.0200767921752927,0.0032966063787063,0.0032954569656410216,0.0028628237165644,-0.0152557927826919
2001-07-31,0.0436017473997013,0.04358086130602786,0.0381425015200848,0.038130734349224406,0.0468520742317272,0.046840091011060236,0.0028789730064431,0.0039940945214735
2001-08-31,0.0062867130624469,0.0062631035325764325,0.0020303305876628,0.00199179500305819,0.0206254836483879,0.020610588215460364,0.0027577835453318,-0.0316710133275737
2001-09-30,-0.0262742671319213,-0.02630414527083464,-0.0341539566276428,-0.03420225086485865,0.0141182868835706,0.01410334781411393,0.0021738205225527,-0.0409276691836063
2001-10-31,0.0352334972862497,0.035223229306196216,0.0314123989196986,0.03140161929073034,0.040956780271972,0.04095164628194526,0.001782422107218,0.021027145158625
2001-11-30,-0.026068442252088,-0.02609099398102722,-0.0221862362635319,-0.02220006576966337,-0.0346069526214815,-0.03462425670402261,0.0015451345433195,0.0310712281487272
2001-12-31,-0.021600722817791,-0.021607390926913,-0.0198927384880993,-0.019900674231683322,-0.0204364555461917,-0.020439789600752697,0.0013975409693907,-0.0033237177005975
2002-01-31,-0.0044474237839653,-0.004450065198646299,-0.0060350170150127,-0.0060350170150127,0.0056799271661078,0.005678909750306484,0.0013647098773525,-0.0082351494891245
2002-02-28,0.0195036481758005,0.019473499255695918,0.0178854068207027,0.01785622782992895,0.0169896978438077,0.016974623383755407,0.0014221565206407,-0.0052416251745487
2002-03-31,-0.01586426336861,-0.015887755905420197,-0.0091400618496273,-0.009167598313672124,-0.0503171596110193,-0.051328905879424395,0.0014795669370546,0.0063976051278234
2002-04-30,0.0171567632541572,0.017150562959257175,0.012375466433653,0.012365201971986902,-0.0146410071650599,-0.015550776017730649,0.0014139520764002,-0.0262514242626725
2002-05-31,0.0048061420946454,0.004794529691684097,0.0015933845431887,0.0015841378737212184,0.0072899064977833,0.007280871540465127,0.0014303602255574,-0.0029710403760895
2002-06-30,-0.0004042271309151,-0.0004120289506853608,-0.0032611361081979,-0.0032611361081979,0.0201570277072905,0.020150242307645037,0.0014057468926966,-0.0353113980192658
2002-07-31,-0.000386256978035,-0.00040507546753826144,-0.004470305133662,-0.004470305133662,0.0219750680302188,0.021958873051558907,0.0013893343063426,-0.0350858280106179
2002-08-31,0.0699154905290134,0.06989967039494552,0.0675052107217496,0.0674958107732191,0.0685958880905659,0.06858339251833555,0.001340078785663,0.0163599403536333
2002-09-30,0.032069431893386,0.03205332946008741,0.02255491541549,0.022544659627033954,0.0618143279041622,0.061800341018979195,0.0013482898900922,-0.0479700282940852
2002-10-31,-0.0208796455005431,-0.02088821305992038,-0.0114636329499875,-0.011471153529670505,-0.0441850058952812,-0.04419355429502768,0.0013072269593599,0.0433562932259981
2002-11-30,0.016314269268167,0.01630869824727858,0.0189451568001177,0.018939948259275797,0.0008617043576155,0.0008575031785775015,0.0010192665680117,0.0265730941645718
2002-12-31,0.0659259598442814,0.06590388397367995,0.0550892882608559,0.055070085326434697,0.0820732989221655,0.08205550612461808,0.0009862987191306,-0.0216299359648116
2003-01-31,0.0088803702572426,0.008874227129227393,0.0054785881337555,0.005472211423443609,0.016087759904085,0.01608184737073353,0.000969810314674,-0.0205409779848429
2003-02-28,0.0635613574163614,0.0635535124390248,0.0580892559884713,0.058080393913820645,0.067851542119336,0.06784547817467124,0.000969810314674,0.0013372319971556
2003-03-31,-0.0334574074347768,-0.03347519048975005,-0.0313425067716863,-0.03136960877505885,-0.0355909482681398,-0.03560198403329689,0.0009368245400691,0.0026227743689515
2003-04-30,0.0257340559188329,0.025712059822290356,0.0347069732696001,0.034611059845186365,0.0057895681249506,0.005573127402446491,0.0009368245400691,0.0482441999247613
2003-05-31,0.0953550150005216,0.09534634057481754,0.0982885316932017,0.09828326475773845,0.0772136047961369,0.07711778697160022,0.0008873234469353,0.0498977205430562
2003-06-30,-0.0061202755230722,-0.006125771452417613,-0.0050544727065046,-0.0050600116353212935,-0.0061202755230722,-0.006125771452417613,0.0007634527638813,0.0028300476562012
2003-07-31,-0.0820821487528884,-0.08214650666540975,-0.0756324444020104,-0.07571236049968795,-0.0820821487528884,-0.08242176037518914,0.0007469239231387,-0.018714138798742
2003-08-31,0.0214658516446233,0.02145188602641753,0.0224433183563425,0.022416078619540376,0.018162269828219,0.018149784280691247,0.0007882403958696,0.0140650718186766
2003-09-30,0.0403839829245264,0.04036480221226872,0.0339809850289192,0.03395744486884436,0.0188991235476908,0.018606169196331755,0.0007799786022335,0.0107742977561403
2003-10-31,-0.0048528261173857,-0.004858032784140544,0.0038294681464933,0.0038294681464933,-0.0048528261173857,-0.005131101446416545,0.0007634527638813,0.0231222166778341
2003-11-30,0.0116590311226524,0.011649290853081667,0.012201712617847,0.012201712617847,0.0104084707207162,0.010399707735198837,0.0007717160582849,0.0060179680750295
2003-12-31,0.0393034551270195,0.03929634045637127,0.0440185412739766,0.0440005202578483,0.0350084570097441,0.034729250960873245,0.0007469239231387,0.0348441900793858
2004-01-31,0.0187386290391681,0.018732672828365507,0.019702791842163,0.019702791842163,0.0187386290391681,0.018732672828365507,0.0007303920788652,0.0156720757602564
2004-02-29,0.0347720609547735,0.03476083361784844,0.0348645985712129,0.034847035319255454,0.0347720609547735,0.03476083361784844,0.0007717160582849,0.0149312568615536
2004-03-31,0.0134278100097943,0.013420931832126805,0.0104242101853195,0.010410409003147977,0.0134278100097943,0.013420931832126805,0.0007799786022335,-0.0037765605802047
2004-04-30,-0.0450731425165576,-0.04510373660348337,-0.044539215823345,-0.0445844477889476,-0.0450731425165576,-0.04537385738328878,0.0007799786022335,-0.0297861269561892
2004-05-31,0.0031261242260271,0.0031219814025283546,0.0059700919555685,0.0059700919555685,0.0059716545511631,0.005518868302173398,0.0008460519545316,0.0051379933589741
2004-06-30,0.0006602291479226,0.0006571382965087524,0.0020771015910145,0.0020652539315969315,-0.004551531138362,-0.004553172011823276,0.0010522224777222,0.0137513963723547
2004-07-31,0.0191596401741368,0.019149258990867113,0.0143939887858783,0.014387828089612023,0.0063100322389569,0.005425460925555505,0.0011016339761076,-0.0153022086328204
2004-08-31,0.0227650900864985,0.022754512622338508,0.0197305235259637,0.019717882104025596,0.0221837683921955,0.022178479660115505,0.001225045484541,0.014971702020879
2004-09-30,0.0286481697332632,0.02863532762939942,0.0308210783543752,0.030774368036597097,0.0264294086642784,0.02625689224417917,0.0013647098773525,0.0064889113266545
2004-10-31,0.0205540490273468,0.020550589380133304,0.0221846804062694,0.022180413979929564,0.0205540490273468,0.020550589380133304,0.001454966905757,0.0123130789094733
2004-11-30,-0.0170061618192647,-0.017017806789573365,-0.0106522696274162,-0.0106522696274162,-0.0170061618192647,-0.017017806789573365,0.0017088472872288,0.0142627476729659
2004-12-31,0.0024871523993312,0.002473928288390644,0.0029467164006876,0.0029389556519916356,0.0024871523993312,0.002358694644176753,0.0018069338440696,0.0241730330296214
2005-01-31,0.0129697279007972,0.012968632702398853,0.0099866021362794,0.00998654935737288,0.0015633079403877,0.001446979097775463,0.0019212348036832,-0.0117223797783304
2005-02-28,0.0028064446000896,0.0028028877521310666,0.008343834153576,0.00833915161314737,0.0028064446000896,0.0028028877521310666,0.0020924177544194,0.0050368070571074
2005-03-31,-0.0050847762774575,-0.005095256886470553,-0.0037776805657387,-0.003792522302810442,-0.0050847762774575,-0.005095256886470553,0.0022551506231971,-0.0157301405376978
2005-04-30,-0.0037473598290522,-0.0037578580769808026,-0.0120967192009023,-0.012106672974808455,-0.0037473598290522,-0.0037578580769808026,0.0022876623469241,-0.0026929565459817
2005-05-31,0.0199207361625293,0.019917389971749352,0.0218548285086409,0.02184957919196215,0.0199207361625293,0.01980633222503219,0.0023364081918575,0.0250963017978966
2005-06-30,0.0153199993689824,0.01530630945044755,0.0161053514606075,0.016083050404593364,0.0058707732786295,0.0057468124078966015,0.0024419348179574,0.0018137365128202
2005-07-31,-0.0017012167061074,-0.001723458463299809,0.0073629337829084,0.007327079128410559,-0.0017012167061074,-0.001723458463299809,0.0026445278387947,0.0101521670442879
2005-08-31,0.0366328431385969,0.03661774527626382,0.0378327851372264,0.03782048874114963,0.0366328431385969,0.03661774527626382,0.0028224379721812,0.0016376034510933
2005-09-30,-0.0203144832226222,-0.020368795122463288,-0.0163042192657836,-0.016360324883073245,-0.0203144832226222,-0.020368795122463288,0.0028062786637694,-0.006751532043425
2005-10-31,-0.0323747196879856,-0.03240038427385394,-0.0370337107202347,-0.03705093270153966,-0.0323747196879856,-0.03307805072061445,0.0030403087768253,-0.0188107498462233
2005-11-30,0.0076677022673023,0.007658995088605165,0.0101889667209457,0.010185031582910184,0.0044457092004867,0.004344471747203251,0.0031772200986699,0.0235993563724065
2005-12-31,0.0080078748637922,0.007988425890400911,0.0073984439548144,0.0073984439548144,-0.0007729067062002,-0.0015434557358213695,0.0031852673082803,0.0017225632560594
2006-01-31,0.0046566841018741,0.0046452017386819375,0.0089315351355284,0.0089315351355284,0.0046566841018741,0.004381341218204946,0.0034664732719604,0.0094714882016202
2006-02-28,-0.0115500834692226,-0.011554390497512652,-0.0142892020711437,-0.014315446214597256,-0.011050225753973,-0.011144868178225275,0.00361876568744,-0.0011447546242866
2006-03-31,-0.0072994060014909,-0.007316662413011128,-0.0034352464550915,-0.0034578262941042976,-0.0049577033394418,-0.005359003692277308,0.0036828128357737,-0.0043526953714961
2006-04-30,0.0011704358757149,0.0011259469296814398,0.0046691181352407,0.004622919178615415,0.0027088434366029,0.0025897843114898083,0.0037548121811461,-0.0005047050894965
2006-05-31,-0.0135136712597552,-0.013536289588361412,-0.0156739866725487,-0.0156739866725487,-0.0106247218898425,-0.010636031054145605,0.00385072302357,-0.0209350309546003
2006-06-30,-0.0018807134568879,-0.001882085561126693,-0.0016249857812185,-0.0016249857812185,8.292383614707022e-05,8.231277916338913e-05,0.00390662449984,-0.0022948468118207
2006-07-31,0.0105811891509001,0.0105167299783389,0.0099139683908845,0.009825485128054466,0.0023020302876254,0.0015896356896039111,0.0040342708735832,0.0063794145896558
2006-08-31,0.0110285108130115,0.011023841225490227,0.0089773974917039,0.0089773974917039,0.0110285108130115,0.010939166755052368,0.0040422428477437,0.0197554305556673
2006-09-30,0.000821033771114,0.0007789359981034336,-0.0011676238148827,-0.0011774381152449718,0.0122356297390082,0.012201741502761798,0.0039225900629809,0.0162890638181721
2006-10-31,0.0083487626607238,0.008333487864012104,0.0093710346810777,0.0093710346810777,0.0112621974250511,0.011249418812388145,0.0040103507726252,0.0180534133250194
2006-11-30,0.0184905399561424,0.0184888583447808,0.0197443818424641,0.0197443818424641,0.0137444664186124,0.01374280080648171,0.0040262982030947,0.0136836654981533
2006-12-31,-0.0179006279956381,-0.017929642160586328,-0.0173399511461902,-0.01739239901810077,-0.0108863871687528,-0.010913902257822392,0.0039545128129423,-0.001908198971729
2007-01-31,-0.0041915030248854,-0.004193866272946983,-0.0032060531592742,-0.0032060531592742,-0.0017775635682383,-0.0017793655951261922,0.0040581847075893,0.0028314145805533
2007-02-28,0.0114291201784138,0.011421617489719442,0.0079630277686316,0.0079630277686316,0.0080619734592535,0.008056285692962326,0.0040980271803598,-0.0056741431423572
2007-03-31,-0.0023407642813958,-0.00234632460737833,0.0003934610611425,0.0003934610611425,-0.0048865267506509,-0.004891585833407118,0.0040262982030947,0.0014180328009036
2007-04-30,0.0136749513676114,0.013616392200472999,0.0170842997251622,0.017065187314349806,0.0143188876814338,0.0142658556682114,0.0039704700018041,0.0248438783990691
2007-05-31,-0.008328890496491,-0.008332610788291565,-0.0018950875569804,-0.0018950875569804,-0.0066017115808043,-0.00689093883689067,0.0038587110455146,0.0102274907636832
2007-06-30,-0.0114824806694443,-0.011487714304489818,-0.0121276642942615,-0.012138761090883195,-0.0103550622930826,-0.010427961207998767,0.0037628086026935,-0.0160752944991327
2007-07-31,0.0016166888439792,0.001606129331622833,-0.0024957895112645,-0.0024957895112645,-0.005707112519863,-0.005997639457026896,0.0039305717973199,-0.0129524941307359
2007-08-31,0.00967086760904,0.00964960939542393,0.0081040460285653,0.008046259642596828,0.00967086760904,0.00964960939542393,0.0034343792900468,0.0148946404958237
2007-09-30,0.0183980069900472,0.01838979335456835,0.0244185329966596,0.0244185329966596,0.0183980069900472,0.01838979335456835,0.0031852673082803,0.0193588263802247
2007-10-31,0.0200888581798776,0.020085743807610763,0.0222890116783251,0.0222890116783251,0.0200888581798776,0.020085743807610763,0.0031933138078821,0.0115274013169494
2007-11-30,0.0041680873692497,0.004132043624142696,-0.00414560089839,-0.004197806744902823,0.0041680873692497,0.004132043624142696,0.0026849924609559,-0.009394480598512
2007-12-31,-0.0008577517756677,-0.0008644860099372017,-0.0002626578236062,-0.0002626578236062,-0.0008577517756677,-0.0010645995548099066,0.0024662697723036,-0.0072801149465039
2008-01-31,0.0006144731286868,0.0005856745377041442,-0.0060594497670617,-0.0060594497670617,0.017248423500766,0.017230735150890977,0.00226327964177,-0.0242573709841718
2008-02-29,0.0067924896156468,0.006778945508452764,0.0048503029013183,0.0048503029013183,0.0158187946589447,0.015809896559827875,0.0017497295255153,-0.0148437553665582
2008-03-31,-0.0087716556082914,-0.008778234740305752,-0.0068619934724878,-0.006875146211636033,-0.0072630524547635,-0.007268162541616489,0.0010439846190974,0.0007313895816838
2008-04-30,0.014267432174561,0.014249818884448784,0.0191636212864312,0.019135003175783493,0.0021600267782628,0.0021486526992121734,0.0010686959582126,0.0191708368024195
2008-05-31,-0.0028033268302183,-0.0028107208471194953,0.0003532699695885,0.00034075288929569773,-0.0055485681505851,-0.006032252857352085,0.0014303602255574,-0.0014669981875881
2008-06-30,-0.0130351185281778,-0.01307729955504531,-0.0204868534441697,-0.020532547364194832,0.0120208447247496,0.012013765147179216,0.0015369411743291,-0.0481584736048836
2008-07-31,-0.0240824580321168,-0.024096242039548174,-0.0244270505572198,-0.024438621773569046,-0.0133519972039377,-0.01336308072920535,0.0013482898900922,-0.0046854219615503
2008-08-31,0.006512538196249,0.006501140529064525,0.0066118672084785,0.006590858186827263,-0.0009231905959939,-0.0009274624542495721,0.0014221565206407,0.0141648555025323
2008-09-30,-0.1007870580456372,-0.10101779393641351,-0.0939486981490172,-0.09423613891340425,-0.014123779630296,-0.01427783817576522,0.0009368245400691,-0.053360969615551
2008-10-31,-0.1191860585384504,-0.11930734693716297,-0.1207144465463626,-0.12086472107199857,-0.0043822886968581,-0.004442932896214383,0.0005566260882747,-0.1046036022248901
2008-11-30,0.0436491921738129,0.043508877336988196,0.0581414904817295,0.0580193756323798,0.0579818166227332,0.05791165920432085,0.0001581956185308,-0.004354927189235
2008-12-31,0.0415420961282433,0.0415080977342762,0.0443174719413519,0.044277629722629434,0.0280191871862634,0.028013645021426278,2.4996563158685703e-05,0.0317740591050081
2009-01-31,-0.0502756485310931,-0.05030110993619566,-0.062014227064532,-0.06211084940270457,-0.0211052930386374,-0.021117395477184976,0.0001082688382827,-0.0706527464410844
2009-02-28,-0.0457997065327297,-0.04581627206344345,-0.0458951766653142,-0.04591615870171889,-0.0041731958664979,-0.004176162438629152,0.0002496569074161,-0.0679843867857364
2009-03-31,0.0395960785841292,0.0395774738989515,0.0438781054921557,0.04383890227688928,0.0134522936744266,0.013448126319997528,0.0001748317881415,0.0645243845135052
2009-04-30,0.0218942116738771,0.02188367693644257,0.0137356949841317,0.013715414039983328,-0.0165017787749675,-0.016889943115353055,0.0001332356553898,0.0433910294040645
2009-05-31,0.0558491368719504,0.05582983678823329,0.0508091164746179,0.050758457734562695,0.0130113003519776,0.012667768452861921,0.0001498763921259,0.0244996340299022
2009-06-30,0.0163811736082909,0.016371829041945098,0.0126564628377144,0.0126564628377144,0.0160381700971416,0.0158610653810417,0.0001498763921259,0.0005091808845125
2009-07-31,0.0411230198966616,0.04110750855857284,0.0370209365562517,0.03699528509953107,0.0385248300302927,0.038413700463385506,0.0001498763921259,0.0470820045332671
2009-08-31,0.0228694427253491,0.02286523977558311,0.0221390207414588,0.0221390207414588,0.0162745543021236,0.016271637686100012,0.0001415564044608,0.0270434582334981
2009-09-30,0.0246688867948878,0.024664252956765376,0.0240976151537974,0.02409190339708372,0.0193066979324982,0.019302351716917254,9.994504212973432e-05,0.0267946732163362
2009-10-31,0.0059666865908342,0.005964777660024276,0.0052007300307894,0.0052007300307894,0.0084353936238425,0.008078409692550753,5.831462642125196e-05,-0.0130527082129285
2009-11-30,0.0335419962851398,0.033537710519993436,0.0352145982860302,0.03521106623998764,0.0335419962851398,0.033537710519993436,4.165712110459907e-05,0.0443180965723984
2009-12-31,-0.023820708567202,-0.023840958138957515,-0.0313098312531425,-0.031326926169549275,-0.023820708567202,-0.024186395763701754,4.165712110459907e-05,-0.0079228707589567
2010-01-31,0.0007202943691202,0.0007184931450766659,0.0015965891746184,0.0015945829810789698,-0.0099549837751062,-0.010410650772282266,4.99862552685304e-05,-0.0125750477686297
2010-02-28,0.0202527040815813,0.020249608140526083,0.0213449160602086,0.021338509070430136,0.0119323801937197,0.011821913685277638,9.162048384192544e-05,0.0208723233676047
2010-03-31,0.0115773377730432,0.011571804174006974,0.0078739459338752,0.007871874645740658,0.0115773377730432,0.011225139297455475,0.0001249141447667,0.0302529936174752
2010-04-30,0.0253248838710069,0.025322276095365675,0.0266400087676301,0.0266400087676301,0.0172867257825702,0.016938061655436862,0.0001332356553898,0.0160802676434516
2010-05-31,-0.0244844600572772,-0.024493243579272704,-0.0182073500491661,-0.018223178512977868,-0.0244844600572772,-0.02459918013031738,0.0001332356553898,-0.0335291767459907
2010-06-30,0.0154094337185621,0.01540643892940825,0.020777274585545,0.020771392040103642,0.0148617258485182,0.014694508143160012,9.994504212973432e-05,-0.0182737717409483
2010-07-31,0.0387937729872375,0.03878867302803676,0.0375923036249882,0.03758411458110413,0.0141486547002454,0.013984124059991955,0.0001332356553898,0.0445221730941545
2010-08-31,0.0150798688957909,0.01507244371222701,0.0216275988673582,0.02162085184798422,0.0236166646246669,0.02344877017599739,0.0001332356553898,-0.0092486099092772
2010-09-30,0.0357451169219455,0.03573750976075017,0.0347759668435036,0.03476988988370816,0.0022541820190435,0.00198321593940645,0.0001249141447667,0.0527452309389126
2010-10-31,0.0112441116782216,0.011240647138704134,0.0098187228080246,0.009815414516791405,0.0112441116782216,0.011240647138704134,0.0001082688382827,0.020801094766302
2010-11-30,-0.0093113405120954,-0.009319407797136534,-0.0106719219705361,-0.01067911013642174,-0.0093113405120954,-0.009319407797136534,0.0001165918724463,-0.0047467869900278
2010-12-31,0.0058207660824596,0.005810314017655939,-0.0004149589789105,-0.00041704225123866253,0.0058207660824596,0.005466384883363682,0.0001165918724463,0.0249886290600726
2011-01-31,0.0085371680311653,0.00853136919045795,0.0071588308115219,0.007156187380729452,0.0116290391234763,0.011625117295682625,0.0001249141447667,0.0118351221510773
2011-02-28,0.019660154492901,0.01965634817932973,0.019817746201884,0.019810382498068144,0.0177807034853291,0.017777478444824323,0.0001082688382827,0.0221362574609998
2011-03-31,0.0069636851842266,0.006959751470687586,0.0076981910775964,0.0076981910775964,0.0072020466778355,0.007198907838119937,8.329516327321151e-05,0.0001477907612846
2011-04-30,0.0317128322167656,0.03170762124495854,0.0337548999857382,0.03375273545933576,0.0234134937345815,0.023410411880656807,4.99862552685304e-05,0.0245224550761822
2011-05-31,0.0077261536943563,0.007724255738713609,0.0108245729478022,0.01082311482562961,-0.0057762459614868,-0.006124375096470582,3.3327223783574667e-05,0.0041083338768765
2011-06-30,-0.0207004498532989,-0.02071071621096772,-0.0218747682557783,-0.021878354887177105,-0.0207004498532989,-0.02071071621096772,3.3327223783574667e-05,-0.0127830217446659
2011-07-31,0.0281706497932159,0.02816263602524794,0.0339577448717751,0.03394376819613426,0.0281706497932159,0.02816263602524794,3.3327223783574667e-05,0.0019127806526254
2011-08-31,0.0117416877097051,0.011726006071130264,0.0240363066439341,0.024022559370346058,0.0117416877097051,0.011450877662552775,1.6665139084048874e-05,-0.0101040485726562
2011-09-30,-0.0223737493456231,-0.022455215583449505,-0.0161113714432776,-0.016176758535883882,0.0134845520410019,0.013419619029058564,8.332951413336787e-06,-0.0297998920667722
2011-10-31,0.0429689253904243,0.04285553942994774,0.0364218380397136,0.03627945567081,0.0023328075824184,0.002230249040808046,1.6665139084048874e-05,0.0578918549910893
2011-11-30,-0.0090748667568541,-0.009130021795695754,-0.0029789266821463,-0.0030176815936962496,-0.0111251657240064,-0.011176173574014974,8.332951413336787e-06,0.0031456519891496
2011-12-31,0.024263124062279,0.024231554276353158,0.0251128911791378,0.025078168962502905,0.0261316086210674,0.02611261640991884,8.332951413336787e-06,0.0142085802316816
2012-01-31,0.0387891177802815,0.03875662482495054,0.0371442340518204,0.03704297979239881,0.0235491348021714,0.02338705478693061,2.4996563158685703e-05,0.0302526574697422
2012-02-29,0.0240376830677648,0.024013020992444838,0.0194273875496885,0.01940124088759803,0.0116392745100244,0.011508182766688656,7.496908027748717e-05,0.0216830806143005
2012-03-31,-0.0116108206960964,-0.011618696433404943,-0.016908863034589,-0.01694330412771833,-0.0116108206960964,-0.011618696433404943,6.66422347088691e-05,0.0120851836409883
2012-04-30,0.020733533716785,0.02072775708622802,0.0281748305401319,0.0281748305401319,0.020733533716785,0.02072775708622802,6.66422347088691e-05,0.0075913791098372
2012-05-31,-0.0157684768766247,-0.015812083973333967,-0.0068922850100171,-0.006920664539980846,-0.0157684768766247,-0.015915474689732676,7.496908027748717e-05,-0.0217454794955477
2012-06-30,0.0138306866271903,0.013810013715769358,0.0121203664333066,0.0121203664333066,0.0115988311859563,0.011580101428107557,7.496908027748717e-05,0.0228260483574859
2012-07-31,0.0484813500010383,0.04845491613110465,0.0477815437473454,0.0477524781993264,0.0363454884541664,0.036323652473715794,8.329516327321151e-05,0.0152239470523572
2012-08-31,0.0185687568694493,0.01855859621190338,0.0176625513308035,0.0176625513308035,0.0071451224045918,0.007036857386295839,8.329516327321151e-05,0.0123044820841752
2012-09-30,0.0076390725503629,0.007629849097867465,0.0048356662023657,0.0048356662023657,0.0076390725503629,0.007629849097867465,9.162048384192544e-05,0.0136349515075517
2012-10-31,-0.0015020818801785,-0.0015043111694367072,-0.0083999407619038,-0.008426868958444723,-0.0015020818801785,-0.0016028283125090127,8.329516327321151e-05,-0.0125733924128984
2012-11-30,0.0082350533479647,0.008230107795937174,0.0126986024528307,0.0126986024528307,0.005723429929319,0.005718715176144248,7.496908027748717e-05,0.0082185545756649
2012-12-31,-0.0048264233758333,-0.0048526762963987564,-0.0080977025574567,-0.008132842067738151,-0.0036292606698187,-0.0036519190855117192,5.831462642125196e-05,0.0007529691874069
2013-01-31,0.0034857782446403,0.003478797017637347,0.0013735794705493,0.0013633664313896859,-0.0040715305708543,-0.004442057669233629,5.831462642125196e-05,0.0236512520869087
2013-02-28,0.0085452207733815,0.008544068712137977,0.013778636609652,0.013778636609652,0.0015798489848953,0.0015792333677460534,8.329516327321151e-05,0.0140498362860887
2013-03-31,0.0125258789507652,0.01251745618731604,0.0168365399417515,0.0168365399417515,0.0103864237460888,0.010110496168457543,7.496908027748717e-05,0.0244076046599732
2013-04-30,0.0199561062616404,0.019954310060385685,0.0242379580769838,0.0242379580769838,0.0199561062616404,0.01985735558519753,4.99862552685304e-05,0.0189142192066789
2013-05-31,-0.0368388241180045,-0.03688839962611281,-0.0432860090162616,-0.04334939351446952,-0.034148172672048,-0.03493461824441711,3.3327223783574667e-05,-0.0011921080505468
2013-06-30,-0.0364703153039773,-0.03651106637412921,-0.0379910242301472,-0.03800853847772966,-0.0030975720417257,-0.003107685007810183,4.165712110459907e-05,-0.0194145001406442
2013-07-31,0.0230141616099461,0.023004744221205256,0.0224770223875542,0.0224770223875542,0.0114907683735388,0.011378726536379388,3.3327223783574667e-05,0.0291303020966024
2013-08-31,-0.0113630118892639,-0.011374706828929134,-0.0136364636509817,-0.0136364636509817,-0.0010472274694459,-0.001049349342964086,3.3327223783574667e-05,-0.0222386729448885
2013-09-30,0.0143560331928093,0.014337816254428131,0.0170721645458532,0.017052888951790177,0.0015670428090499,0.0015579343398593156,1.6665139084048874e-05,0.0251800851910052
2013-10-31,0.0216505607179498,0.02164569269940053,0.0218675121132901,0.0218675121132901,0.0082461194340005,0.007681310144544147,4.165712110459907e-05,0.0314536814035884
2013-11-30,-0.0010697206835183,-0.001074886180895095,-0.0021317686193031,-0.0021317686193031,0.0051326049514898,0.004679119500697217,5.831462642125196e-05,0.0134838842846035
2013-12-31,-0.0007889772540688,-0.0008003468854033619,-0.0039403302884166,-0.0039403302884166,0.0058361928484705,0.005720983344878783,5.831462642125196e-05,0.0067262079526121
2014-01-31,0.0147826589741636,0.014774892558956346,0.0175167544802144,0.017504188886622838,-0.0105845179653858,-0.011423682213133897,3.3327223783574667e-05,-0.0064218342054761
2014-02-28,0.026548471683077,0.026546865310374194,0.0268580861520547,0.0268580861520547,0.0190555985239188,0.01893702181461717,4.165712110459907e-05,0.0291485631171873
2014-03-31,0.0012611349137717,0.0012586424832921697,0.0008410523524168,0.0008410523524168,0.0012611349137717,0.0012586424832921697,4.165712110459907e-05,0.0038754454004116
2014-04-30,0.0135013485154774,0.013498481289937943,0.0131168741565973,0.0131168741565973,0.0135013485154774,0.013498481289937943,2.4996563158685703e-05,0.0077994210128806
2014-05-31,0.022609214336498,0.022601786474440694,0.0243892054123049,0.0243892054123049,0.022609214336498,0.022601786474440694,2.4996563158685703e-05,0.022003487321839
2014-06-30,0.0086916808136882,0.008686791169162787,0.0087883095037345,0.0087883095037345,0.0086916808136882,0.008686791169162787,3.3327223783574667e-05,0.0118253018041065
2014-07-31,-0.0141525219452653,-0.014166041997264626,-0.0146333554362356,-0.014651247937981155,-0.0141525219452653,-0.014284162424257563,2.4996563158685703e-05,-0.0088731411366351
2014-08-31,0.0250999072341004,0.025057714649412078,0.0285303430496975,0.028501788917501276,0.0280543987656155,0.028015819748775594,2.4996563158685703e-05,0.0332258928381702
2014-09-30,-0.0270903566373254,-0.027130152869229256,-0.028320409000987,-0.02836661638456654,-0.0167673873226637,-0.016800256117567743,1.6665139084048874e-05,-0.0132948692217089
2014-10-31,0.0080855129106617,0.008043746888186373,0.0078565315107595,0.007787018972752083,0.018219790262846,0.01817933428294507,1.6665139084048874e-05,0.0217541541547268
2014-11-30,-0.0010865548976893,-0.001121864697928011,-0.0022078685443877,-0.0022078685443877003,0.016616762769941,0.016592604982140824,1.6665139084048874e-05,0.0232229282500926
2014-12-31,-0.0208465408609045,-0.020871468655892875,-0.0246851753786026,-0.024726352151236648,-0.0003417973518883,-0.00035539681435654114,2.4996563158685703e-05,-0.0002604807970866
2015-01-31,0.0157176964632654,0.01569339768238941,0.0141030543131638,0.014083441529089625,0.0257626068052731,0.025740604352010064,2.4996563158685703e-05,0.0007156386624825
2015-02-28,0.0086527160985424,0.008646660448220232,0.0094142140341418,0.0094142140341418,-0.0001450364088442,-0.00014957083411825788,1.6665139084048874e-05,0.0237394119576009
2015-03-31,-0.0088536367980533,-0.008864168641767837,-0.0103695961728557,-0.010378919384181078,0.0008056325731093,0.000797435900030408,2.4996563158685703e-05,-0.0064644903104775
2015-04-30,0.0116785057587163,0.011663284354910127,0.0142691830553712,0.014257427112941973,-0.0037214850049933,-0.003729226987811979,1.6665139084048874e-05,0.0027104737876751
2015-05-31,-0.004043815449143,-0.004084709458035752,-0.0037943314229253,-0.0038455828989820266,-0.0013727394303615,-0.0014104004008581945,1.6665139084048874e-05,0.0061428160575142
2015-06-30,-0.0213755390232438,-0.02138871376604435,-0.0202776726035518,-0.02029124939723075,-0.0211731538949388,-0.021875081446314695,1.6665139084048874e-05,-0.0187542356994725
2015-07-31,-0.0042407410373193,-0.004276602426504743,-0.0081455535486406,-0.008162945096065586,0.0057056810149317,0.0054244431319287615,2.4996563158685703e-05,0.0189136390751103
2015-08-31,-0.0204724339425015,-0.020506262994240788,-0.0195359244004058,-0.01959566062661585,-0.0165547946862021,-0.017031992280782157,5.831462642125196e-05,-0.0356175026581535
2015-09-30,-0.0062140651023458,-0.006220848068424632,-0.009066929750291,-0.009066929750291,0.0,-0.0002824402700833434,1.6665139084048874e-05,-0.008462536856799
2015-10-31,0.0247222194565144,0.024699148287346994,0.0229547553148642,0.02293542519722063,-0.0028612702454719,-0.003032707028481874,1.6665139084048874e-05,0.0480013589064468
2015-11-30,-0.0163707956770004,-0.01637461048085595,-0.0205778153930933,-0.0205778153930933,-0.0002227188359199,-0.0002244097176936279,9.994504212973432e-05,0.0008444949124657
2015-12-31,-0.025739496495564,-0.025747551411668856,-0.0287116530375244,-0.028724786301597777,-0.0058364211974028,-0.005841323952129494,0.0001914649144576,-0.0108656353180214
2016-01-31,-0.0036774505754297,-0.0036933813034805405,-0.0043406966042543,-0.0043406966042543,0.0013409643692035,0.0011680542966235165,0.0002164089003005,-0.0171069130955821
2016-02-29,0.01053832586361,0.010535806809056133,0.0100587060727449,0.0100587060727449,0.0092031548160343,0.008747998583942266,0.0002579670100431,0.007058698981265
2016-03-31,0.0438689037854052,0.04384555553763612,0.040838602830724,0.040821202737131065,0.0186271678499433,0.018440335545792514,0.0002413460452737,0.039831319004914
2016-04-30,0.0240813122069257,0.024069497675194215,0.0252145996002262,0.025200018075860038,0.0087593160492722,0.008753387662504082,0.0001914649144576,0.0011504434275632
2016-05-31,0.0071790041168778,0.0071518429179070085,0.0083380820042576,0.008297871521320051,0.004122757300825,0.004014037051175583,0.0002247220418609,0.0109767206947691
2016-06-30,0.0330699603414372,0.033034259244830735,0.0330708112050723,0.033056526225505145,0.0330699603414372,0.033034259244830735,0.0002247220418609,0.0150118455259486
2016-07-31,0.0088047689322692,0.008796074035990425,0.003505420736495,0.003505420736495,0.0088047689322692,0.008712920102952843,0.0002496569074161,0.0236445130662139
2016-08-31,-0.0004343054207684,-0.00044136092126517294,-0.0016870921232501,-0.0016870921232501,-0.0027909017404993,-0.002797316238608465,0.0002496569074161,-0.0031801778761027
2016-09-30,0.0027475588371603,0.0027419780572525525,0.0047602161097632,0.0047602161097632,-0.0027563294310184,-0.002842323476283604,0.0002413460452737,-0.0001526047503487
2016-10-31,-0.0231887403052787,-0.02320054760728557,-0.0245422695290646,-0.024574610461600803,-0.0231887403052787,-0.023491026937613124,0.0002745849373302,-0.0191351870735214
2016-11-30,-0.0289533644932237,-0.028989331567952286,-0.0266741171138077,-0.02671753008248502,-0.0077985566090527,-0.008284628741004815,0.0003742287788621,0.0040002098458222
2016-12-31,0.0129106138344247,0.012901666316086947,0.0130033469073877,0.0130033469073877,0.0112515434596652,0.01124925074943722,0.000424009787461,0.0096129770307229
2017-01-31,0.0061079874233657,0.006097077511347498,0.0055606555260515,0.005544890791260754,0.0028704220920308,0.0028675673176236155,0.000424009787461,0.0119726263141498
2017-02-28,0.0221052827022377,0.02210148477927749,0.0218621730019578,0.021852416267670927,0.0104014942108777,0.009949553518396046,0.0004323039737159,0.0275386831350511
2017-03-31,-0.0073147352157355,-0.007315744557324538,-0.0083915901986239,-0.0083915901986239,-0.0063497330083936,-0.006885117236174164,0.0006145849741192,-0.0003622282054959
2017-04-30,0.0109975728870465,0.010995105065920737,0.0097222946807129,0.0097222946807129,0.0025018105544457,0.002050907007123986,0.0006642346436225,0.0103653031544239
2017-05-31,0.0125746164481496,0.01257150803007325,0.0109709455831427,0.0109709455831427,0.0109898621121945,0.01069414672213184,0.0007386583765147,0.0114882651898916
2017-06-30,-0.0036472104949336,-0.0036495202039643734,-0.0052357893773137,-0.0052357893773137,-0.0009622116125652,-0.0009638867741472045,0.0008130212763268,0.0003039121426955
2017-07-31,0.0165524575554899,0.016550204125400796,0.0173168194439315,0.0173168194439315,0.0106661133268638,0.010664986611819248,0.0008873234469353,0.0127559649563429
2017-08-31,0.0124152674808038,0.012412462018497397,0.0123321678960684,0.012323835604719353,0.0135842038571312,0.013582352192204218,0.000837795409097,0.0083413920245415
2017-09-30,-0.0007479644150669,-0.0007611304962076971,-0.0005628884063529,-0.0005628884063529,-0.004811208562428,-0.004905851072634897,0.0008543077507923,0.0049908771317171
2017-10-31,0.0114752974620915,0.011472319420698061,0.0121258144984533,0.0121258144984533,0.0114752974620915,0.011472319420698061,0.0008873234469353,0.0122750888897273
2017-11-30,0.0064864086510884,0.006477527182755768,0.0077340357729272,0.0077264549672187875,0.0064864086510884,0.006477527182755768,0.0010192665680117,0.0168756961723926
2017-12-31,0.0143871284731236,0.014377331324017526,0.0145270358387369,0.014512830780873924,0.0143871284731236,0.014377331324017526,0.0010934005891671,0.0071508729175257
2018-01-31,-0.0002556196152936,-0.0002803399223643776,0.0009712100978994,0.0009489348720401722,-0.0002556196152936,-0.0005619225172120656,0.0011674742711142,0.0229768768216443
2018-02-28,-0.0326627648611805,-0.03268798949282049,-0.0326289767858678,-0.03264769031662041,-0.0268030589612796,-0.027261724903916804,0.0012990121499387,-0.027591342341231
2018-03-31,0.0024387182003882,0.0024332020363311726,0.0036067344130051,0.0036067344130051,-0.0038569672306806,-0.0038601949770990214,0.0014057468926966,-0.0111562268463176
2018-04-30,-0.0080475689743686,-0.008059950465013808,-0.0064182052690354,-0.006435731382940808,0.0076109783008584,0.0076047875555357945,0.001454966905757,-0.0053840640774694
2018-05-31,0.014937759692829,0.014932832710895662,0.0163832828051117,0.0163832828051117,0.0076323395419502,0.007631912364256037,0.0015369411743291,0.0180632064689712
2018-06-30,-0.0026114077112426,-0.0026210691879995805,-0.0008473477300284,-0.0008473477300284,0.0029822357898876,0.002978366529453613,0.0015697102274137,0.0024120097904844
2018-07-31,0.003211411545342,0.0031901934599838535,0.0005358135771346,0.0005358135771346,0.0034233154731395,0.0034092101705604136,0.0016188417051281,0.0179345711052337
2018-08-31,0.0161069767270523,0.016085776061707142,0.0175196561634603,0.0175196561634603,0.0091120866057483,0.008365512756729952,0.0016761282769228,0.0223356145527356
2018-09-30,-0.0035964075417659,-0.003606969283834652,-0.0036135703833714,-0.00364611924708071,-0.0035964075417659,-0.004335952967469692,0.0017579037712718,-0.0038194249744806
2018-10-31,-0.0400231576838401,-0.04003631044236811,-0.0408062690038269,-0.04082140505481025,-0.0266171428493473,-0.02688815916571226,0.0018559375353361,-0.0451652681402237
2018-11-30,-0.0095567307640768,-0.00956443863033016,-0.0097905849896603,-0.0097905849896603,0.0,-0.0004666532676340784,0.0019212348036832,0.0162053276096023
2018-12-31,-0.0137453321915038,-0.013786960426998975,-0.0164781737263171,-0.016515629485229284,-0.0101792066515116,-0.010798478124537351,0.0019538658918776,-0.0439558617610592
2019-01-31,0.0514529663756095,0.051415433224860245,0.0517642789578726,0.0517642789578726,0.0168765210323055,0.016844014703255018,0.0019538658918776,0.0492179041623518
2019-02-28,0.0099477040497721,0.009937764750606736,0.0103055562042328,0.010278683481349091,-0.0031401670898167,-0.003293089212857938,0.0019701770533127,0.0148075704864952
2019-03-31,0.0375455067188019,0.03751179520081339,0.0374180617607804,0.03738539501455349,0.0352650025197342,0.03523240942028614,0.0019783315388433,0.0219156506013796
2019-04-30,0.0119491265880705,0.011933481756019786,0.0113978153300013,0.0113978153300013,0.0076651935980137,0.00754692933302365,0.0019620218377029,0.0197543186619031
2019-05-31,-0.0057753293478375,-0.005799921734837351,-0.0069372568446715,-0.0069372568446715,-0.0057753293478375,-0.006050694728323008,0.0019375518090325,-0.0259618852420265
2019-06-30,0.04708213245202,0.04705600289493899,0.0461940533650766,0.04615147411118988,0.0227420759840988,0.02258882925530966,0.0017905934192179,0.0463507582349679
2019-07-31,0.0049881693831171,0.004975820030523538,0.0038410765816818,0.0038410765816817996,0.005776181375302,0.005659033240580028,0.0017333788325151,0.0069380154442703
2019-08-31,0.032146636951425,0.03211683466383506,0.0326570538067939,0.03261753717315749,0.032146636951425,0.03201187472392405,0.0016106549662961,0.0087076602734941
2019-09-30,-0.0068393998456653,-0.006845324690912655,-0.0070619387594896,-0.0070619387594896,-0.0098274344977492,-0.00983139853400387,0.0015615190697231,0.0036715835297231
2019-10-31,0.009940404733134,0.009936192111276825,0.0092622565963938,0.0092622565963938,0.007871359530027,0.007868555800273102,0.0013647098773525,0.0119158565518294
2019-11-30,0.0047311066353321,0.004689478631349849,0.0036032995452539,0.003555017072408352,0.0050812701251021,0.00504872354647778,0.0012743632726075,0.017856976852107
2019-12-31,0.0148164136447699,0.014811025412436027,0.0141193382099066,0.0141193382099066,0.0017197588039171,0.0016098144408875198,0.0012743632726075,0.0124808214956374
2020-01-31,0.0174697380761568,0.01745351640769607,0.0162686016893366,0.016255762540548703,0.0174697380761568,0.01735063976966091,0.0012579269787644,0.0142901326418595
2020-02-29,-0.0085479728351876,-0.00857474701267905,-0.0079565105345524,-0.00797540077806811,0.0071000044798501,0.00694125187166803,0.0012579269787644,-0.0358194905439198
2020-03-31,-0.1332943753819994,-0.13347201701368294,-0.1160166479049148,-0.11633351662282643,-0.045278059646206,-0.04582675711205787,0.0002413460452737,-0.0573600282114773
2020-04-30,0.0499618185388819,0.04990995147725228,0.0414841291297673,0.041448662707497176,0.0034912264379622,0.003093092556755914,0.0001165918724463,0.0794529643490808
2020-05-31,0.0490419033087906,0.049028749743028885,0.0530792329143953,0.053062900434142024,0.0106234848401754,0.010470845538564524,0.0001082688382827,0.0284574552301066
2020-06-30,0.0245144799763213,0.02450782778707955,0.0224807299262677,0.0224758986997812,0.0168251010845605,0.016818897352521688,0.0001332356553898,0.0118136750904457
2020-07-31,0.0453712446102158,0.04535991801314819,0.0465950743880098,0.0465950743880098,0.0396890367378624,0.039679032282009113,0.0001082688382827,0.0383557579268291
2020-08-31,0.007180404183747,0.007177417363749669,0.0030351629720361,0.0030351629720361,0.0002552964825559,0.0002527517427791217,8.329516327321151e-05,0.0369622823021833
2020-09-30,-0.0141833683947364,-0.014193975585103638,-0.013178525927451,-0.01318481681970451,-0.0084253656003773,-0.008435501732264334,9.162048384192544e-05,-0.0212676292047565
2020-10-31,-0.024662981704034,-0.024670207891915784,-0.0343336471323179,-0.03434166149823504,-0.0189205309536058,-0.019318236271179418,8.329516327321151e-05,-0.0227610132013452
2020-11-30,0.0647229116489294,0.06470916508537591,0.0662001599885178,0.06618251348741168,0.0425432308009144,0.042444999933426535,7.496908027748717e-05,0.0676480401428574
2020-12-31,0.0163598494965107,0.016357446603470938,0.0135316393753224,0.0135316393753224,0.0214793158463461,0.021477914373125993,7.496908027748717e-05,0.0201636911907609
2021-01-31,-0.0129463038305072,-0.012957773968000456,-0.016805305133624,-0.016812522053736872,-0.0023137086958438,-0.002319443764590428,6.66422347088691e-05,-0.0122283723732393
2021-02-28,-0.0093151704658041,-0.00933081084564895,-0.0170603774126197,-0.017069618121455753,0.0108461084879952,0.01047461689254694,3.3327223783574667e-05,0.0050145932639121
2021-03-31,-0.0188410166976611,-0.01885218206035212,-0.0307123247981563,-0.03072790725422578,0.007168060797176,0.007164085340010477,2.4996563158685703e-05,0.0161817784680186
2021-04-30,0.0391335308502882,0.039126689980647784,0.0446357533603982,0.04462768288251661,0.0253272493508864,0.02532403895258796,1.6665139084048874e-05,0.0361993901849564
2021-05-31,0.0151575212400615,0.01515685291993176,0.0186265078718549,0.0186265078718549,0.0054676623846838,0.005467489129497729,1.6665139084048874e-05,0.0076296368179848
2021-06-30,0.031055194621398,0.031053612916656315,0.0357061517649238,0.0357061517649238,0.0119968870212879,0.0116233508962974,3.3327223783574667e-05,0.0195331869186997
2021-07-31,0.0289158625909911,0.028914233009131235,0.0369604602023079,0.0369604602023079,0.0153432517631575,0.014949790498935077,4.165712110459907e-05,0.0227593329664274
2021-08-31,-0.0004386191914999,-0.0004392458918971733,-0.0030016686927584,-0.0030055387448473915,-0.0004386191914999,-0.0004392458918971733,4.165712110459907e-05,0.0166138772777939
2021-09-30,-0.0205371119900697,-0.02054011545458759,-0.024998534340114,-0.025002836766432886,-0.0205371119900697,-0.020931878147275557,3.3327223783574667e-05,-0.0353777610244478
2021-10-31,0.0258923549294795,0.025886178277320333,0.026521831569836,0.0265192509217137,0.0269860631121362,0.02698222083812641,4.165712110459907e-05,0.0415128375648816
2021-11-30,-0.0097342627770691,-0.009735823871012792,-0.0081129860146673,-0.0081129860146673,-0.0176303080522757,-0.01802201511777753,4.165712110459907e-05,0.0008115360437376
2021-12-31,0.0163597823248074,0.01634590153863317,0.0159633119976609,0.01595900701799342,0.0163597823248074,0.01634590153863317,4.99862552685304e-05,0.0240938564243818
2022-01-31,-0.0287845641680397,-0.02879310175975435,-0.0283190913796726,-0.028337014694888543,-0.0287845641680397,-0.02954957251790696,0.0001249141447667,-0.0404019252942141
2022-02-28,-0.0092475324667717,-0.009257302682876245,-0.0009037086858034,-0.0009061971003298344,0.0055438724756123,0.005391880921168284,0.0002745849373302,-0.0190704467866771
2022-03-31,-0.0199316383687525,-0.019948139527786145,-0.0288169596424646,-0.028826641366007863,0.0143840838247855,0.014228042320873588,0.0003659292942366,0.0051688020957966
2022-04-30,-0.0742145588582266,-0.07423003386795074,-0.0801978159309929,-0.0802487785606917,-0.0144325418677334,-0.014593291769527427,0.0006311378751067,-0.0717666638468355
2022-05-31,0.0134975663476607,0.013484714226106035,0.018074165404171,0.018074165404171,0.00783098045344,0.007830698793599569,0.0008130212763268,0.0025996058407983
2022-06-30,-0.0532477874862196,-0.05325695813247343,-0.0549429931733367,-0.054949682145296,-0.0120130649859692,-0.012014025199171432,0.0012332669717645,-0.0543080003854067
2022-07-31,0.0544339227231112,0.054428553025834416,0.0557606679190902,0.05573703817661866,-0.000349447503608,-0.0003515306362316795,0.0018396059010297,0.0651825032450089
2022-08-31,-0.0577702881185935,-0.05778358320273224,-0.0670522228402052,-0.06707273212311894,-0.0046289513935088,-0.004629420003550033,0.0021656835180154,-0.0420864700820958
2022-09-30,-0.1035932546788941,-0.10360697309399128,-0.1132399060735345,-0.11329870735255568,-0.0128226185750194,-0.012921311171255506,0.0025716462189622,-0.0791803536778035
2022-10-31,0.0073293336764009,0.0073247525345712826,0.0048178283959194,0.004816223874365731,0.0,0.0,0.0030483680766628,0.0379955527756867
2022-11-30,0.0550544140093486,0.05503924524295728,0.0536960305216706,0.05367730941814411,0.0,-0.0001551416749979914,0.0033942459274463,0.0452712944481597
2022-12-31,-0.0305741509235846,-0.030578469507129096,-0.0320383807213646,-0.03205098628636515,-0.0144744203856082,-0.01462956206060619,0.0034744950034975,-0.0434318869144832
2023-01-31,0.0496147413318115,0.04959825171828436,0.0485777591666227,0.048573656010982964,0.0,-0.0004941601408520493,0.0037068189305531,0.0471782108990984
2023-02-28,-0.0521953362460433,-0.05221067441800752,-0.0559549322260233,-0.05597326577386322,-0.0240780659135268,-0.02442392416727375,0.0037947872834442,-0.0304461061249
2023-03-31,0.0375311439597198,0.03747868128819304,0.038752694229195,0.0385452083346746,0.0076067663451092,0.006891061550740918,0.0038267547616503,0.0340867914453711
2023-04-30,0.0037514331922093,0.0037226174456772136,0.0022482949064447,0.0022254434666714893,0.0062133884601348,0.0061853924396786325,0.0040103507726252,0.0077950647646597
2023-05-31,-0.0318217545907256,-0.03183239762625228,-0.0352617427924673,-0.035278830607606684,-0.0188618623143628,-0.018867183832126138,0.0041856194553282,-0.0070943699853913
2023-06-30,0.0135685137567675,0.013560361347076876,0.0147186838236916,0.01471264403801667,0.0054413567606498,0.00543330451595458,0.004201536297631,0.0309308732587558
2023-07-31,0.0202369585096802,0.02022130881907986,0.0267392283488434,0.026723596794870654,-0.0013314345594873,-0.0018267418387495405,0.004273127766158,0.0109582363992255
2023-08-31,-0.0168084293003593,-0.016812422280038684,-0.0156054234032287,-0.015610420568988235,-0.0106365993447492,-0.010639947847612456,0.0043128765598297,-0.016523554632806
2023-09-30,-0.0425669829023855,-0.04257591132250059,-0.0373478368736246,-0.037364182185439264,-0.020690682853683,-0.021055580795066146,0.0043287712331259,-0.0473927775272113
2023-10-31,-0.0402866417922952,-0.04028891987841767,-0.0418945132832781,-0.04189666346425322,-0.0155186644910995,-0.01567515232173204,0.0043446631398347,-0.0244887727045833
2023-11-30,0.0611599627820925,0.06112542086164606,0.0530815441766088,0.053025438297013665,-0.008267200938953,-0.008790628766676519,0.0042890293603305,0.0683846123271452
2023-12-31,0.0413298781373853,0.041312224501920854,0.0342091581571684,0.03418543434567174,0.0212719490953586,0.020785776266957493,0.0042651759303415,0.040445505983097
2024-01-31,0.0055775380007706,0.005577322145929317,0.0098274627379744,0.0098274627379744,-0.0033125520607841,-0.0034604191326575787,0.0042492701806178,0.0035772630989779
2024-02-29,-0.0070907161837167,-0.007099950223216791,-0.0072308355375956,-0.007241908451156091,-0.0070907161837167,-0.007099950223216791,0.0042651759303415,0.02071966531854
2024-03-31,0.022423944270852,0.02242094658812439,0.0258909493443305,0.025886464959138218,0.022423944270852,0.02242094658812439,0.0042651759303415,0.0180526324250584
2024-04-30,-0.0442432719861992,-0.044252771068646016,-0.0403123362671484,-0.04032889989419471,-0.0442432719861992,-0.044584271990258724,0.0042651759303415,-0.042804469998985
2024-05-31,0.0203629378033391,0.020361774813005426,0.0152619931598556,0.015257622990714825,0.013584315397431,0.013251651485484617,0.004273127766158,0.032724080780426
2024-06-30,0.0173812085822905,0.017377559642631154,0.0173933453050299,0.017388945614511736,0.0173812085822905,0.017377559642631154,0.0042651759303415,0.023569628397091
2024-07-31,0.0136438535885409,0.013639662323307912,0.007070111949901,0.0070671060421261134,0.0136438535885409,0.013639662323307912,0.0042333616592649,0.0133251556521878
2024-08-31,0.0132580676333134,0.013254382217133745,0.0090273825728895,0.009024961227189206,0.0132580676333134,0.013099480617120433,0.004113959301397,0.0177645259151629
2024-09-30,0.0144875437585331,0.014479915409852691,0.0125088485639882,0.01250658255413261,0.0157254155879816,0.015719442752623602,0.00385072302357,0.0136625240629557
2024-10-31,-0.0362449639582617,-0.03625949348685884,-0.0345335265432008,-0.034554409941972314,-0.0363540771559865,-0.03636575821010618,0.0036828128357737,-0.0228668811138173
2024-11-30,0.0221015178750181,0.022082144014872775,0.0190965111142046,0.019070566260646526,0.0229358730283947,0.022926186098322036,0.0036107566318024,0.036316108808424
2024-12-31,-0.0264063520684003,-0.026416474149887865,-0.0199723817778902,-0.019990966998707956,-0.0340096039614138,-0.034509400616685,0.0034905363507502,-0.0289653986566383
2025-01-31,0.0161098410581574,0.016090947156890818,0.0197514011856905,0.019742015474992887,0.0160287423977642,0.016015817694093843,0.0034424038441496,0.0148748538532287
2025-02-28,0.0125103438195477,0.012491865347986962,0.0098517044027779,0.009834415857275744,-0.0006594151045715,-0.0009752494240654174,0.0034504276924163,0.0012424368625408
2025-03-31,-0.0109566561090275,-0.010977517503957916,-0.0043579826033751,-0.004380066549114422,-0.0109566561090275,-0.011142894165089944,0.0034343792900468,-0.0353936305554017
2025-04-30,-0.0299798781282202,-0.030006266055732807,-0.042696373108526,-0.04275096248104738,-0.0272318719735424,-0.027444670064958068,0.0034424038441496,-0.0039648437001263
2025-05-31,0.0080057401613016,0.007997130814713756,0.0078412556123472,0.007832140236149117,-0.010279620585244,-0.010446819990794162,0.0034744950034975,0.028226943770742
2025-06-30,0.0379095132068892,0.03789302729522088,0.0405712228360739,0.04054407914642384,0.0259001719321734,0.025689633893383024,0.0034584508349766,0.0342027967227955
2025-07-31,0.0088435204575148,0.008832087683679131,0.0124619308510465,0.012443595724218603,0.0088435204575148,0.008832087683679131,0.0034744950034975,0.0074458844780907
2025-08-31,0.0115483654939305,0.011543226511274669,0.0100258561810986,0.0100258561810986,0.0115483654939305,0.011543226511274669,0.0033701574315379,0.0150130835624779
2025-09-30,0.0175678409588942,0.017552697616473538,0.0163432549889772,0.016325098607687313,0.0175678409588942,0.017552697616473538,0.0032094046775821,0.0225515002655308
2025-10-31,0.0112125149304106,0.011198383739453406,0.0120216517931402,0.011992816708598308,0.0112125149304106,0.011198383739453406,0.0031289219234786,0.0141077361768834
2025-11-30,0.0038232976620353,0.0038003327745278286,0.0030000401162133,0.002978422449055562,0.0038232976620353,0.0038003327745278286,0.0030967089232298,0.0028702665947889
