,Active_Assets,Risk_On_Weight_Sum,Target_Leverage,Actual_Gross_Exposure,Actual_Borrowing
1991-02-28,3.0,0.9000374229548966,2.0490689142754865,1.844238705061497,0.844238705061497
1991-03-31,3.0,0.8997355878251121,2.074107234391192,1.8661480917472766,0.8661480917472766
1991-04-30,3.0,0.9015281128853009,2.072945976570122,1.8688190743704391,0.8688190743704391
1991-05-31,3.0,0.9028503614399788,2.096691928140242,1.8929990651497033,0.8929990651497033
1991-06-30,3.0,0.9043056454766001,2.128148529974761,1.9244967300689038,0.9244967300689038
1991-07-31,3.0,0.9055913890074098,2.147526095242467,1.9447811395202845,0.9447811395202845
1991-08-31,4.0,1.0,2.162248301220673,2.162248301220673,1.1622483012206728
1991-09-30,4.0,1.0,2.1122839721823006,2.1122839721823006,1.1122839721823006
1991-10-31,4.0,1.0,2.108639850114691,2.108639850114691,1.1086398501146908
1991-11-30,4.0,1.0,2.121609783866088,2.121609783866088,1.121609783866088
1991-12-31,3.0,0.8684161523109535,2.1643243681821573,1.8795342401695845,0.8795342401695845
1992-01-31,3.0,0.9024539591905729,2.22566582941823,2.008560939593652,1.008560939593652
1992-02-29,3.0,0.8991584532119892,2.1454011056096776,1.929055539639289,0.929055539639289
1992-03-31,3.0,0.9011184391507517,2.159422163686373,1.9458951296086036,0.9458951296086036
1992-04-30,3.0,0.8995431201363971,2.160691866415462,1.9436355031687,0.9436355031687
1992-05-31,4.0,1.0,2.1598423583824995,2.1598423583824995,1.1598423583824995
1992-06-30,4.0,1.0,2.155624676193674,2.155624676193674,1.155624676193674
1992-07-31,4.0,0.9999999999999998,2.209693254832388,2.2096932548323878,1.2096932548323878
1992-08-31,4.0,1.0,2.101087565405177,2.101087565405177,1.101087565405177
1992-09-30,4.0,1.0,2.1643911372538005,2.1643911372538005,1.1643911372538005
1992-10-31,4.0,1.0,2.1566174259144977,2.1566174259144977,1.1566174259144977
1992-11-30,3.0,0.9018001725217839,2.079617781829725,1.8753996744334154,0.8753996744334154
1992-12-31,3.0,0.9016965513133224,2.0788265820298863,1.87447075979481,0.87447075979481
1993-01-31,3.0,0.8990066400139067,2.0746449529126303,1.8651195883397935,0.8651195883397935
1993-02-28,3.0,0.9029004451512204,2.101248059463138,1.8972178082624052,0.8972178082624052
1993-03-31,4.0,1.0,2.0865790920079634,2.0865790920079634,1.0865790920079634
1993-04-30,4.0,0.9999999999999999,2.09613677006539,2.0961367700653897,1.0961367700653897
1993-05-31,4.0,1.0000000000000002,2.2058234940242656,2.205823494024266,1.205823494024266
1993-06-30,3.0,0.9088728765501235,2.1212060656134852,1.9279066586096982,0.9279066586096982
1993-07-31,3.0,0.9078794639981833,2.1058351335011296,1.9118444722715484,0.9118444722715484
1993-08-31,3.0,0.9059572148768302,2.110308669766175,1.9118493649917923,0.9118493649917923
1993-09-30,3.0,0.9019914903829767,1.9465525455399484,1.755773831660355,0.755773831660355
1993-10-31,3.0,0.8566666601322216,1.9395293745786133,1.6615301515485972,0.6615301515485972
1993-11-30,3.0,0.8523391721065334,1.9617377551308626,1.6720659340983688,0.6720659340983688
1993-12-31,3.0,0.8431175067812038,1.768478162491585,1.4910348991569098,0.4910348991569098
1994-01-31,3.0,0.8430380287321712,1.7587836893372792,1.4827215344251952,0.48272153442519516
1994-02-28,3.0,0.8384872229041249,1.7075188729218893,1.4317327578126564,0.4317327578126564
1994-03-31,2.0,0.578652784139533,1.578782807215285,0.9135670669467523,0.0
1994-04-30,0.0,0.0,1.5528223023767798,0.0,0.0
1994-05-31,1.0,0.186553430774807,1.5486486742996188,0.28890572325545055,0.0
1994-06-30,1.0,0.18605931972194803,1.5322117663190806,0.28508227891129256,0.0
1994-07-31,1.0,0.18508456401679682,1.5361815217902335,0.2843234872112048,0.0
1994-08-31,2.0,0.3754035562511838,1.5392580886476712,0.5778429604667358,0.0
1994-09-30,1.0,0.18276947516223682,1.5462746815381025,0.28261181200137386,0.0
1994-10-31,1.0,0.18428874127313066,1.5339321840300946,0.28268643139325034,0.0
1994-11-30,1.0,0.1840192663761085,1.5400201264441382,0.28339337387269214,0.0
1994-12-31,1.0,0.1847810755224909,1.5304745577910803,0.2828027348484445,0.0
1995-01-31,2.0,0.5766234101545625,1.2875388284283742,0.7424250299547793,0.0
1995-02-28,3.0,0.8226218771123527,1.2733690574503747,1.0475012442966145,0.04750124429661451
1995-03-31,3.0,0.8193072894082847,1.2844076692818898,1.0523245660145577,0.052324566014557705
1995-04-30,3.0,0.8205568089552341,1.26941608777504,1.041628014221124,0.041628014221124054
1995-05-31,4.0,1.0000000000000002,1.266736692479478,1.2667366924794783,0.2667366924794783
1995-06-30,4.0,1.0,1.2795928872899447,1.2795928872899447,0.2795928872899447
1995-07-31,4.0,1.0,1.2783872851430131,1.2783872851430131,0.27838728514301314
1995-08-31,4.0,1.0,1.2650917737321137,1.2650917737321137,0.2650917737321137
1995-09-30,4.0,1.0000000000000002,1.249838273310662,1.2498382733106623,0.24983827331066233
1995-10-31,4.0,1.0,1.2676071775653657,1.2676071775653657,0.2676071775653657
1995-11-30,4.0,0.9999999999999999,1.2849775683529638,1.2849775683529636,0.2849775683529636
1995-12-31,4.0,1.0,1.2872100340472494,1.2872100340472494,0.28721003404724943
1996-01-31,4.0,1.0000000000000002,1.253187940783903,1.2531879407839033,0.2531879407839033
1996-02-29,4.0,1.0000000000000002,1.2684306216613588,1.268430621661359,0.268430621661359
1996-03-31,4.0,1.0,1.270816865755548,1.270816865755548,0.2708168657555481
1996-04-30,4.0,0.9999999999999999,1.2742497146113545,1.2742497146113543,0.2742497146113543
1996-05-31,2.0,0.3856067122353648,1.2583954240560355,0.4852457221622756,0.0
1996-06-30,2.0,0.38759283100599895,1.2568890014959917,0.4871611663501347,0.0
1996-07-31,3.0,0.7394632232332757,1.25452323209189,0.9276737928236958,0.0
1996-08-31,3.0,0.7337378606222236,1.2710349767400282,0.932606484609246,0.0
1996-09-30,2.0,0.3637966431287026,1.275312892175249,0.4639545491121126,0.0
1996-10-31,4.0,0.9999999999999999,1.2810712172906755,1.2810712172906753,0.2810712172906753
1996-11-30,4.0,1.0,1.276638898182304,1.276638898182304,0.276638898182304
1996-12-31,4.0,1.0,1.303043043035478,1.303043043035478,0.303043043035478
1997-01-31,4.0,1.0,1.3102023914513419,1.3102023914513419,0.3102023914513419
1997-02-28,4.0,1.0000000000000002,1.3636299285442561,1.3636299285442564,0.36362992854425635
1997-03-31,3.0,0.847682520968586,1.360763868989269,1.1534957469077902,0.15349574690779022
1997-04-30,4.0,1.0,1.3916879290271698,1.3916879290271698,0.39168792902716976
1997-05-31,4.0,1.0,1.4139246021469303,1.4139246021469303,0.4139246021469303
1997-06-30,4.0,0.9999999999999998,1.440234853821494,1.4402348538214937,0.44023485382149374
1997-07-31,3.0,0.8564215797769373,1.422214531612625,1.2180152159454012,0.2180152159454012
1997-08-31,3.0,0.851999441531049,1.4163578771676586,1.2067361203549472,0.20673612035494715
1997-09-30,4.0,1.0,1.4888545938637954,1.4888545938637954,0.4888545938637954
1997-10-31,4.0,1.0000000000000002,1.5050305813968567,1.5050305813968572,0.5050305813968572
1997-11-30,4.0,1.0,1.542720857430348,1.542720857430348,0.5427208574303479
1997-12-31,3.0,0.855851330675768,1.5085921886372762,1.291130632092282,0.29113063209228196
1998-01-31,3.0,0.8619033487284882,1.4979113080385225,1.2910547724966726,0.29105477249667255
1998-02-28,3.0,0.8616037532427006,1.4979979040575102,1.2906806164856497,0.2906806164856497
1998-03-31,3.0,0.8672759817658839,1.5225786313594571,1.320495877328029,0.3204958773280291
1998-04-30,3.0,0.8671000832768863,1.5297776951227837,1.3264703668360889,0.3264703668360889
1998-05-31,3.0,0.867761708173757,1.5319068300999923,1.3293300876506147,0.32933008765061467
1998-06-30,3.0,0.8805062005405155,1.6277521727080408,1.433245881012726,0.433245881012726
1998-07-31,3.0,0.8812163294044761,1.6354056470237357,1.4411461613576086,0.44114616135760865
1998-08-31,3.0,0.8863123447847558,1.6244711500744196,1.439788834057648,0.4397888340576479
1998-09-30,2.0,0.7585905576056156,1.8779229954475671,1.4245746522569778,0.42457465225697777
1998-10-31,2.0,0.7532905269050298,1.7470347519435168,1.3160247288129299,0.31602472881292987
1998-11-30,3.0,0.8830199030073997,1.7582074674801071,1.5525321874011702,0.5525321874011702
1998-12-31,3.0,0.8901936163248965,1.7867237870346104,1.590530109354054,0.590530109354054
1999-01-31,3.0,0.8848876124509203,1.8330408670586993,1.6220351563765372,0.6220351563765372
1999-02-28,3.0,0.8848395975846213,1.8328761024527058,1.6218013529167212,0.6218013529167212
1999-03-31,2.0,0.5771890251539512,1.7831309802519086,1.0292036322134086,0.029203632213408603
1999-04-30,3.0,0.6901475558557693,1.761020591101443,1.215364056760343,0.21536405676034298
1999-05-31,3.0,0.6890566831545096,1.7680697421529652,1.2183002721137712,0.21830027211377123
1999-06-30,2.0,0.23072397872786177,1.7420266876079955,0.40192732841503465,0.0
1999-07-31,2.0,0.23026840921807612,1.7511603334672026,0.40323690427328845,0.0
1999-08-31,2.0,0.2323568699580511,1.7471001745120964,0.4059507280527956,0.0
1999-09-30,2.0,0.2301282307695588,1.761013862696491,0.40525900458301023,0.0
1999-10-31,1.0,0.10126628094591646,1.798630724843647,0.18214064429997412,0.0
1999-11-30,2.0,0.21983574724830418,1.849487054933804,0.4065833687474382,0.0
1999-12-31,3.0,0.6864981742644153,1.8916728790046955,1.2986299777422337,0.29862997774223365
2000-01-31,2.0,0.21592575848567885,1.913582148059038,0.4131916767443024,0.0
2000-02-29,2.0,0.2136640325121181,1.960321997405126,0.41885030298778914,0.0
2000-03-31,3.0,0.6894478680455567,1.9665243005317539,1.3558159864613972,0.3558159864613972
2000-04-30,4.0,0.9999999999999999,2.0252294013075387,2.0252294013075383,1.0252294013075383
2000-05-31,4.0,0.9999999999999999,2.015768101092617,2.0157681010926165,1.0157681010926165
2000-06-30,3.0,0.5208225906685324,2.026246792281843,1.055315103690033,0.05531510369003301
2000-07-31,4.0,1.0,1.9604027157587685,1.9604027157587685,0.9604027157587685
2000-08-31,4.0,1.0,2.0865128654450698,2.0865128654450698,1.0865128654450698
2000-09-30,4.0,1.0000000000000002,2.03362550711023,2.0336255071102305,1.0336255071102305
2000-10-31,3.0,0.8892600370671672,2.10701596751655,1.8736850973748804,0.8736850973748804
2000-11-30,3.0,0.8893698569109406,2.1055672415820124,1.8726280363621584,0.8726280363621584
2000-12-31,3.0,0.8923853303158505,2.1573585409076,1.9251951141375498,0.9251951141375498
2001-01-31,3.0,0.8904636306958762,2.122884228741631,1.8903511978722876,0.8903511978722876
2001-02-28,3.0,0.8885439100049842,2.1137799995776088,1.8781863457150223,0.8781863457150223
2001-03-31,3.0,0.8914595532074858,2.162723574584525,1.9279805915104173,0.9279805915104173
2001-04-30,2.0,0.8079907586039435,2.185487844688676,1.765853981549701,0.765853981549701
2001-05-31,3.0,0.893255339639202,2.2114590114056867,1.9753975703313607,0.9753975703313607
2001-06-30,2.0,0.8066557503168403,2.206839590852885,1.7801598459883428,0.7801598459883428
2001-07-31,2.0,0.8078051633821188,2.1941890377182642,1.7724772341052566,0.7724772341052566
2001-08-31,2.0,0.7989022903756433,2.141204684291815,1.710613326443787,0.710613326443787
2001-09-30,2.0,0.790806860980045,2.0162878845649703,1.5944942928249195,0.5944942928249195
2001-10-31,2.0,0.8057459304367149,2.254681177955536,1.8167001835699317,0.8167001835699317
2001-11-30,2.0,0.8006119404099745,2.1753059368295395,1.741575907070435,0.7415759070704351
2001-12-31,2.0,0.7953642940118664,2.131120645849239,1.6950172679399929,0.6950172679399929
2002-01-31,2.0,0.7920302394508669,2.0670318522450275,1.6371517328861982,0.6371517328861982
2002-02-28,2.0,0.791706479347314,2.054547054232329,1.6265982149596723,0.6265982149596723
2002-03-31,2.0,0.8067809393996055,2.301256398662411,1.856609799112213,0.856609799112213
2002-04-30,2.0,0.20496532900549363,2.3289521629833323,0.47735444632393476,0.0
2002-05-31,3.0,0.8841724349796155,2.3280597236616427,2.0584062346478853,1.0584062346478853
2002-06-30,3.0,0.8867498806227463,2.4851907498197146,2.2037426007273853,1.2037426007273853
2002-07-31,3.0,0.887766300747542,2.497951153313381,2.2175968548250764,1.2175968548250764
2002-08-31,3.0,0.89038981159091,2.5,2.225974528977275,1.2259745289772752
2002-09-30,3.0,0.8870652497533693,2.38460020467772,2.115295976124377,1.115295976124377
2002-10-31,3.0,0.8891807978689591,2.4369859076594573,2.1669210737680458,1.1669210737680458
2002-11-30,3.0,0.889161638238155,2.427888900412461,2.1587856721509766,1.1587856721509766
2002-12-31,3.0,0.8905314800885764,2.4524541571448095,2.1839876304115493,1.1839876304115493
2003-01-31,3.0,0.8862484070345454,2.2969958181506858,2.035708884801058,1.0357088848010578
2003-02-28,3.0,0.8864790016982823,2.3053803862332214,2.0436713033228266,1.0436713033228266
2003-03-31,3.0,0.8846979690264332,2.21349986746369,1.9582788371854054,0.9582788371854054
2003-04-30,3.0,0.8779506792102777,2.0170716824920465,1.7708894536597097,0.7708894536597097
2003-05-31,3.0,0.9128566011673737,2.201253605242553,2.0094288843891444,1.0094288843891444
2003-06-30,4.0,0.9999999999999999,2.0362143478290378,2.0362143478290373,1.0362143478290373
2003-07-31,4.0,1.0,2.0565466550146185,2.0565466550146185,1.0565466550146185
2003-08-31,3.0,0.7247462902206141,1.7973223615467069,1.302602713861529,0.30260271386152904
2003-09-30,3.0,0.72622636089863,1.799121998740218,1.3065698219577782,0.30656982195777815
2003-10-31,4.0,1.0,1.7510747660266417,1.7510747660266417,0.7510747660266417
2003-11-30,3.0,0.7269313377239991,1.7697806118237707,1.2865089876310511,0.28650898763105115
2003-12-31,3.0,0.7279086217773695,1.725065695029076,1.2556901925440347,0.2556901925440347
2004-01-31,4.0,1.0,1.7275590998400268,1.7275590998400268,0.7275590998400268
2004-02-29,4.0,1.0,1.7175824326349587,1.7175824326349587,0.7175824326349587
2004-03-31,4.0,1.0,1.6475664379492676,1.6475664379492676,0.6475664379492676
2004-04-30,4.0,1.0000000000000002,1.6231422788841239,1.6231422788841243,0.6231422788841243
2004-05-31,3.0,0.7292516513877042,1.5266585057928415,1.1133182364545147,0.11331823645451466
2004-06-30,2.0,0.2787454760711711,1.527997969294933,0.4259225213868988,0.0
2004-07-31,2.0,0.28019545402374224,1.5448991602980031,0.4328737216405971,0.0
2004-08-31,3.0,0.8456144158445489,1.565216959471332,1.3235700248533315,0.32357002485333153
2004-09-30,3.0,0.8403256837645516,1.535760193767197,1.2905387349258002,0.2905387349258002
2004-10-31,4.0,1.0000000000000002,1.5196383529614153,1.5196383529614157,0.5196383529614157
2004-11-30,4.0,1.0,1.5058460107054294,1.5058460107054294,0.5058460107054294
2004-12-31,4.0,0.9999999999999999,1.4745788445013501,1.47457884450135,0.4745788445013499
2005-01-31,3.0,0.884766355786109,1.516371487498678,1.3416344750121667,0.3416344750121667
2005-02-28,4.0,1.0,1.528116249085767,1.528116249085767,0.5281162490857669
2005-03-31,4.0,1.0,1.5247203782553609,1.5247203782553609,0.5247203782553609
2005-04-30,4.0,1.0,1.5234207670804465,1.5234207670804465,0.5234207670804465
2005-05-31,4.0,1.0,1.4952877466107524,1.4952877466107524,0.49528774661075237
2005-06-30,3.0,0.886392898759417,1.5097025721692243,1.3381896392096266,0.33818963920962664
2005-07-31,4.0,1.0,1.4615680322472364,1.4615680322472364,0.4615680322472364
2005-08-31,4.0,0.9999999999999998,1.410723891557157,1.4107238915571567,0.4107238915571567
2005-09-30,4.0,0.9999999999999999,1.4171610020430434,1.4171610020430432,0.4171610020430432
2005-10-31,4.0,1.0,1.2757172755344208,1.2757172755344208,0.2757172755344208
2005-11-30,2.0,0.3223335532394884,1.1818676201366287,0.3809555894573375,0.0
2005-12-31,1.0,0.22945097037883025,1.1879319372627921,0.27257213574895134,0.0
2006-01-31,4.0,1.0,1.1638959537861624,1.1638959537861624,0.1638959537861624
2006-02-28,3.0,0.7361394795230082,1.1262582204826954,0.8290831402346408,0.0
2006-03-31,2.0,0.6442516125030738,1.1317966039346279,0.7291617871103868,0.0
2006-04-30,1.0,0.24483692880877378,1.1442441421253615,0.28015322156540357,0.0
2006-05-31,2.0,0.3638960539218657,1.0805377509510719,0.39320342368470274,0.0
2006-06-30,2.0,0.35258688961876006,1.1120221129493768,0.39208441799210225,0.0
2006-07-31,2.0,0.35206457453970946,1.1115468669914266,0.39133627480828365,0.0
2006-08-31,4.0,1.0,1.1823964989490658,1.1823964989490658,0.18239649894906584
2006-09-30,3.0,0.9153255295621419,1.2100657681570124,1.1076040900433373,0.10760409004333726
2006-10-31,3.0,0.9235350663263064,1.2654291571470493,1.1686682005770421,0.16866820057704213
2006-11-30,3.0,0.9260312503750466,1.2621127205240685,1.168755820701155,0.16875582070115502
2006-12-31,3.0,0.9260152511441361,1.2548845729610651,1.1620422529874428,0.1620422529874428
2007-01-31,3.0,0.9275143270227745,1.2165824445346798,1.1283976473103055,0.12839764731030545
2007-02-28,3.0,0.9280755481964647,1.2173836831220208,1.1298240290789008,0.12982402907890078
2007-03-31,3.0,0.926260625793279,1.237411596315748,1.146165639567285,0.146165639567285
2007-04-30,3.0,0.9267618690195909,1.2318535566272761,1.141634904498325,0.14163490449832494
2007-05-31,3.0,0.9322890229355918,1.2876841852730683,1.2004938309378423,0.20049383093784234
2007-06-30,2.0,0.6437292497430909,1.276399804274959,0.8216558883781473,0.0
2007-07-31,3.0,0.7113945296137396,1.28809154050059,0.9163412755538544,0.0
2007-08-31,4.0,1.0,1.2707423079117501,1.2707423079117501,0.27074230791175014
2007-09-30,4.0,1.0,1.3128511740224256,1.3128511740224256,0.31285117402242557
2007-10-31,4.0,1.0,1.327854215054048,1.327854215054048,0.327854215054048
2007-11-30,4.0,1.0000000000000002,1.3183785365465026,1.3183785365465028,0.31837853654650283
2007-12-31,4.0,1.0,1.3479622513721639,1.3479622513721639,0.34796225137216386
2008-01-31,3.0,0.799886455127295,1.3265440418074292,1.0610846111715788,0.06108461117157882
2008-02-29,3.0,0.8109966962349288,1.3783032179992099,1.11779935620733,0.11779935620733006
2008-03-31,3.0,0.8156427043121404,1.4157145588787956,1.1547172513379698,0.15471725133796976
2008-04-30,3.0,0.814173659150778,1.3799073450637807,1.1234842124196136,0.1234842124196136
2008-05-31,3.0,0.8204128702123658,1.376335564256204,1.1291634106467883,0.12916341064678827
2008-06-30,2.0,0.3367281634453805,1.3665457352631636,0.4601544356992822,0.0
2008-07-31,2.0,0.34380774101576456,1.610839599481222,0.5538191238363779,0.0
2008-08-31,2.0,0.3451786551822261,1.5761174377397442,0.5440420975682609,0.0
2008-09-30,2.0,0.34456872042760084,1.6870484442764209,0.581304123743701,0.0
2008-10-31,1.0,0.35779167276530605,1.4000734841780682,0.5009346338984213,0.0
2008-11-30,1.0,0.41843587212158934,1.4288634447391273,0.5978877216420752,0.0
2008-12-31,1.0,0.3482784537092398,1.266747989969345,0.4411810311858111,0.0
2009-01-31,1.0,0.34273628887211666,1.2306844569402429,0.4218002235442951,0.0
2009-02-28,1.0,0.3306338503245403,1.2788719699349875,0.42283836349173465,0.0
2009-03-31,1.0,0.33360042245579263,1.3363040200619412,0.4457915856220376,0.0
2009-04-30,1.0,0.33776777688486503,1.4004186119311473,0.47301628126017214,0.0
2009-05-31,2.0,0.7259321172704185,1.4260551585440713,1.0352192405863,0.035219240586300105
2009-06-30,1.0,0.38240021815474057,1.3885171915685253,0.5309692769674118,0.0
2009-07-31,2.0,0.5501603679088387,1.382261958337952,0.7604657475455996,0.0
2009-08-31,3.0,0.645778596727274,1.3965074082135989,0.9018345943954202,0.0
2009-09-30,3.0,0.6444922629848732,1.392784156193639,0.8976386126747155,0.0
2009-10-31,3.0,0.6442046404433988,1.3860046494315805,0.8928706268399503,0.0
2009-11-30,4.0,1.0,1.3812359854123128,1.3812359854123128,0.38123598541231285
2009-12-31,4.0,1.0,1.3987630393653303,1.3987630393653303,0.3987630393653303
2010-01-31,3.0,0.6545623752557591,1.3883583448195589,0.9087671358912447,0.0
2010-02-28,3.0,0.8915718516117082,1.3932749170535008,1.2422046976015388,0.24220469760153884
2010-03-31,4.0,0.9999999999999998,1.4022104463006717,1.4022104463006715,0.4022104463006715
2010-04-30,3.0,0.6533351234485028,1.416664555448914,0.9255567122193344,0.0
2010-05-31,4.0,1.0000000000000002,1.3993262550583951,1.3993262550583954,0.39932625505839536
2010-06-30,3.0,0.894063448955323,1.4144666683558793,1.2646229479426025,0.26462294794260255
2010-07-31,2.0,0.7286153913646989,1.4165399173261666,1.032112786246323,0.03211278624632308
2010-08-31,3.0,0.8931408507348493,1.431748096931409,1.27875271333132,0.2787527133313199
2010-09-30,2.0,0.7290339203629503,1.4212357417656933,1.036129064579389,0.036129064579389025
2010-10-31,4.0,1.0,1.450026684137319,1.450026684137319,0.45002668413731906
2010-11-30,4.0,0.9999999999999999,1.4565894851617338,1.4565894851617336,0.4565894851617336
2010-12-31,4.0,0.9999999999999999,1.4571449459170271,1.457144945917027,0.4571449459170269
2011-01-31,3.0,0.6560708657077434,1.460012859666868,0.9578719007860802,0.0
2011-02-28,3.0,0.654193852794067,1.453805518396165,0.951070633292863,0.0
2011-03-31,3.0,0.6547751258605591,1.4497001893696673,0.9492276239546003,0.0
2011-04-30,3.0,0.6555699996840104,1.4531320772140321,0.9526297954000285,0.0
2011-05-31,3.0,0.6534408818016407,1.4468271724141188,0.9454160233568563,0.0
2011-06-30,4.0,1.0,1.446247160065824,1.446247160065824,0.446247160065824
2011-07-31,4.0,1.0,1.3932159902205217,1.3932159902205217,0.39321599022052167
2011-08-31,4.0,1.0,1.3913117614052164,1.3913117614052164,0.3913117614052164
2011-09-30,2.0,0.71928635985266,1.3824566052050875,0.9943821792122333,0.0
2011-10-31,2.0,0.7358195857357261,1.4804943586757542,1.089376745684873,0.08937674568487308
2011-11-30,2.0,0.7466470046019341,1.7942883457874204,1.3397000187743369,0.33970001877433686
2011-12-31,2.0,0.7466012365801102,1.7941963821749904,1.339549237599408,0.339549237599408
2012-01-31,2.0,0.7591788113573912,1.8591427873831183,1.4114218114691828,0.4114218114691828
2012-02-29,3.0,0.8887658712672295,1.8532893087518505,1.6471402872030798,0.6471402872030798
2012-03-31,4.0,1.0,1.8038984601927113,1.8038984601927113,0.8038984601927113
2012-04-30,4.0,1.0,1.6717420322547902,1.6717420322547902,0.6717420322547902
2012-05-31,4.0,1.0,1.643489019732294,1.643489019732294,0.643489019732294
2012-06-30,3.0,0.8918218058141112,1.7906003511836046,1.596896438683944,0.5968964386839439
2012-07-31,3.0,0.8937649593863097,1.8065282859447442,1.614611680117624,0.614611680117624
2012-08-31,3.0,0.8983628488693508,1.7797762967277777,1.5988849042785094,0.5988849042785094
2012-09-30,4.0,1.0,1.7823861177127,1.7823861177127,0.7823861177127001
2012-10-31,4.0,1.0,1.7854456062304216,1.7854456062304216,0.7854456062304216
2012-11-30,3.0,0.9006700831747868,1.7709086982324973,1.5950044845320168,0.5950044845320168
2012-12-31,3.0,0.9009008820275612,1.7360540778313187,1.5640126499657794,0.5640126499657794
2013-01-31,3.0,0.9044953868999985,1.8359908726282559,1.6606452746827602,0.6606452746827602
2013-02-28,3.0,0.7319587417236258,1.7959123803976307,1.3145337662017313,0.31453376620173135
2013-03-31,3.0,0.732495185817903,1.7931401392060653,1.3134665194652873,0.31346651946528725
2013-04-30,4.0,0.9999999999999998,1.783916157679794,1.7839161576797935,0.7839161576797935
2013-05-31,3.0,0.9030455248118445,1.8089691015855258,1.633581451709712,0.633581451709712
2013-06-30,1.0,0.1431822738491883,1.606095534202681,0.22996441060616665,0.0
2013-07-31,1.0,0.15329523993367122,1.4740169840647892,0.22595978723851828,0.0
2013-08-31,2.0,0.26533707709308396,1.4757047115666588,0.3915591748195898,0.0
2013-09-30,2.0,0.2632152035748982,1.5015798121564528,0.3952386359407181,0.0
2013-10-31,2.0,0.2723236727654827,1.4380387081074568,0.3916119825707526,0.0
2013-11-30,2.0,0.6128678499315923,1.4480995946146478,0.8874936850382895,0.0
2013-12-31,1.0,0.15938239913900965,1.449665303013342,0.23105113394284582,0.0
2014-01-31,2.0,0.2745919027307265,1.42722363191755,0.39190405271049805,0.0
2014-02-28,3.0,0.8827991230416445,1.4326764016569744,1.2647654709852358,0.26476547098523584
2014-03-31,4.0,0.9999999999999999,1.4355870305912986,1.4355870305912983,0.43558703059129833
2014-04-30,4.0,1.0,1.4269247849623057,1.4269247849623057,0.4269247849623057
2014-05-31,4.0,1.0,1.4453325559185926,1.4453325559185926,0.44533255591859255
2014-06-30,4.0,1.0,1.434656610246858,1.434656610246858,0.4346566102468581
2014-07-31,4.0,1.0,1.455233402632225,1.455233402632225,0.4552334026322249
2014-08-31,3.0,0.8818795730070639,1.485564827469379,1.3100892757230085,0.3100892757230085
2014-09-30,3.0,0.8854931408554809,1.4858927316699861,1.3157478219407863,0.3157478219407863
2014-10-31,3.0,0.8785657038556699,1.384666418857936,1.2165204268892325,0.21652042688923245
2014-11-30,3.0,0.8772556612812767,1.315510632941768,1.1540391502238816,0.1540391502238816
2014-12-31,3.0,0.8884076737198104,1.3437160519877522,1.1937676518864069,0.19376765188640688
2015-01-31,3.0,0.8997360062399434,1.3285938854191375,1.1953837563818237,0.1953837563818237
2015-02-28,3.0,0.8974396786269873,1.335758351877892,1.1987625460326095,0.19876254603260946
2015-03-31,3.0,0.8959184535788784,1.3548937429250933,1.213874306925148,0.21387430692514808
2015-04-30,3.0,0.898253624214524,1.3741640637405608,1.234347850520317,0.23434785052031692
2015-05-31,3.0,0.9057330452020181,1.395593117629865,1.264034804293876,0.26403480429387605
2015-06-30,3.0,0.9025000068059608,1.3340077023428691,1.2039419604436434,0.20394196044364343
2015-07-31,1.0,0.20526684474843787,1.3282512160754136,0.2726459361570757,0.0
2015-08-31,2.0,0.47719759458005695,1.416367037884264,0.6758869435208512,0.0
2015-09-30,0.0,0.0,1.5433584210672164,0.0,0.0
2015-10-31,1.0,0.28244027008334344,1.5577134520547733,0.4399610081108074,0.0
2015-11-30,2.0,0.4538770530933174,1.6245510242388082,0.7373464314812407,0.0
2015-12-31,2.0,0.45556793486704533,1.6073444992265387,0.7322546141325393,0.0
2016-01-31,2.0,0.4587200962452085,1.581366039286673,0.7254043817404868,0.0
2016-02-29,1.0,0.2858100236652249,1.6054084255481333,0.45884182009826346,0.0
2016-03-31,2.0,0.7384472012033904,1.5994003047352554,1.181072678635599,0.18107267863559895
2016-04-30,3.0,0.9019312575850913,1.5500816876481638,1.398067125900129,0.39806712590012894
2016-05-31,3.0,0.9078174025484562,1.5391866989529481,1.397300471080598,0.39730047108059807
2016-06-30,4.0,1.0,1.6244039104823467,1.6244039104823467,0.6244039104823467
2016-07-31,4.0,1.0,1.6593352816523932,1.6593352816523932,0.6593352816523932
2016-08-31,3.0,0.9168460669624177,1.6646843099345194,1.5262592622975104,0.5262592622975104
2016-09-30,3.0,0.9174870693500257,1.6353559597405396,1.5004179468464462,0.5004179468464462
2016-10-31,4.0,1.0000000000000002,1.630217567294174,1.6302175672941746,0.6302175672941746
2016-11-30,3.0,0.7095206696724472,1.603859099188297,1.1379711821163285,0.13797118211632853
2016-12-31,2.0,0.2594156124489151,1.5131894850200411,0.3925449770077324,0.0
2017-01-31,2.0,0.25712290222093526,1.513185332937227,0.389074604402972,0.0
2017-02-28,2.0,0.25426812781375063,1.521660486630445,0.38690976310368397,0.0
2017-03-31,3.0,0.7062088202954042,1.5295222833693294,1.0801621273537871,0.08016212735378714
2017-04-30,1.0,0.17082459251484014,1.524571074941665,0.26043423263682175,0.0
2017-05-31,2.0,0.6212451149988223,1.5304949438023918,0.950812507367633,0.0
2017-06-30,3.0,0.9151009079392105,1.5467224336662075,1.4154071033778919,0.4154071033778919
2017-07-31,3.0,0.9144663604904415,1.5449786352547268,1.4128309896168794,0.41283098961687936
2017-08-31,3.0,0.915593075534993,1.5348501872395164,1.4052982034200887,0.4052982034200887
2017-09-30,3.0,0.9165468729144126,1.5241520654332419,1.3969568094188811,0.3969568094188811
2017-10-31,4.0,1.0,1.5596287879215933,1.5596287879215933,0.5596287879215933
2017-11-30,4.0,1.0,1.548524458812478,1.548524458812478,0.548524458812478
2017-12-31,4.0,1.0,1.5317744097988502,1.5317744097988502,0.5317744097988502
2018-01-31,4.0,1.0,1.5515713992127178,1.5515713992127178,0.5515713992127178
2018-02-28,3.0,0.7026344667427408,1.620138355944318,1.1383650497783966,0.1383650497783966
2018-03-31,2.0,0.24749167821732349,1.5812900247364305,0.39135612197033215,0.0
2018-04-30,2.0,0.24781642330044396,1.5939567168244888,0.3950086524591634,0.0
2018-05-31,2.0,0.25400716862304884,1.5874486864803798,0.40322334618725925,0.0
2018-06-30,2.0,0.25360055198928955,1.5947437560028206,0.4044278968037882,0.0
2018-07-31,2.0,0.2497312915553026,1.6138806433212518,0.40303649747271886,0.0
2018-08-31,2.0,0.25684407433436224,1.6066292475869173,0.4126532018949747,0.0
2018-09-30,4.0,1.0,1.4969061263707772,1.4969061263707772,0.49690612637077725
2018-10-31,2.0,0.27101631636496015,1.4790925388421017,0.40085821143988315,0.0
2018-11-30,0.0,0.0,1.425437498859022,0.0,0.0
2018-12-31,2.0,0.46665326763407844,1.4521924315797798,0.6776703434301822,0.0
2019-01-31,2.0,0.7452142650137158,1.65916026588799,1.2364298980836799,0.23642989808367987
2019-02-28,2.0,0.7502410867124858,1.6276344435093728,1.221118233669144,0.22111823366914396
2019-03-31,3.0,0.8984989856011162,1.6403581299087817,1.4738601157455844,0.4738601157455844
2019-04-30,3.0,0.8973805670606632,1.5986626650059534,1.4346088088617535,0.43460880886175346
2019-05-31,4.0,1.0,1.6325883391909652,1.6325883391909652,0.6325883391909652
2019-06-30,2.0,0.7492270065143426,1.7000949521466724,1.2737570517869958,0.27375705178699583
2019-07-31,3.0,0.8952012178715903,1.7618160058074839,1.5771798340645204,0.5771798340645204
2019-08-31,4.0,1.0,1.7347130931439387,1.7347130931439387,0.7347130931439387
2019-09-30,3.0,0.8840214661684516,1.6607444892320893,1.4681337783021278,0.46813377830212777
2019-10-31,3.0,0.882060657175767,1.6449027032597237,1.4509039594274675,0.4509039594274675
2019-11-30,3.0,0.8834695492790454,1.6546058824754521,1.4617939132250448,0.4617939132250448
2019-12-31,3.0,0.8925509746369766,1.7875046967931723,1.5954390592909193,0.5954390592909193
2020-01-31,4.0,1.0,1.7919896351887166,1.7919896351887166,0.7919896351887166
2020-02-29,3.0,0.8971233619648407,1.7776054532807102,1.5947313804942251,0.5947313804942251
2020-03-31,2.0,0.7651449312742202,1.891636893857127,1.447376381146091,0.4473763811460909
2020-04-30,1.0,0.3557458007195324,1.506051182368175,0.535771383796165,0.0
2020-05-31,2.0,0.7538796819258182,1.655255832209461,1.247863740291924,0.24786374029192393
2020-06-30,3.0,0.9065189835366947,1.6334535894405624,1.4807566875540241,0.4807566875540241
2020-07-31,3.0,0.9069674407396348,1.631297650181179,1.4795338548694037,0.4795338548694037
2020-08-31,3.0,0.9056452995253149,1.6183631090374142,1.4656629426249088,0.4656629426249088
2020-09-30,3.0,0.9052032193047623,1.6460107330025375,1.4899742145240886,0.4899742145240886
2020-10-31,3.0,0.9056742777849669,1.6795648728268213,1.521138703190431,0.5211387031904311
2020-11-30,2.0,0.5132143118573098,1.6709121690582398,0.8575360390172294,0.0
2020-12-31,3.0,0.6016571704135056,1.6982263375681892,1.0217500529829675,0.021750052982967505
2021-01-31,3.0,0.6026585902331637,1.6997332405039682,1.0243588384945685,0.024358838494568547
2021-02-28,3.0,0.5969235214865356,1.7134316519342214,1.0227876554990674,0.02278765549906736
2021-03-31,2.0,0.23284950184370468,1.6992294821341456,0.3956647384330721,0.0
2021-04-30,2.0,0.23682495900922812,1.6530247884594076,0.3914775277681372,0.0
2021-05-31,2.0,0.2336145607107874,1.6592184437576294,0.3876175878616749,0.0
2021-06-30,2.0,0.23344130552471654,1.6591487917370438,0.3873138600028515,0.0
2021-07-31,3.0,0.6065443670060845,1.6495223180402874,1.0005084702581553,0.000508470258155258
2021-08-31,4.0,1.0,1.640773959860191,1.640773959860191,0.6407739598601909
2021-09-30,4.0,0.9999999999999999,1.6346264409583935,1.6346264409583933,0.6346264409583933
2021-10-31,3.0,0.606995080433131,1.672407162211185,1.0151429199433226,0.01514291994332262
2021-11-30,3.0,0.6093294585825076,1.6748305623313156,1.0205235997627773,0.02052359976277729
2021-12-31,4.0,1.0,1.6753287472998513,1.6753287472998513,0.6753287472998513
2022-01-31,4.0,1.0000000000000002,1.593488291023308,1.5934882910233084,0.5934882910233084
2022-02-28,2.0,0.2435292418473888,1.6153008968643559,0.39337300276878373,0.0
2022-03-31,1.0,0.09153768740337308,1.6374140666585841,0.14988509698367936,0.0
2022-04-30,2.0,0.2475791913152845,1.6155721974251134,0.39998205814996673,0.0
2022-05-31,1.0,0.09831994669632264,1.596656121825933,0.15698314479028297,0.0
2022-06-30,1.0,0.09803828685589094,1.5777255473599778,0.15467750979194506,0.0
2022-07-31,1.0,0.09707807365366021,1.5910955466040784,0.15446049066324147,0.0
2022-08-31,1.0,0.09916120627733975,1.6123997255925018,0.15988750179100408,0.0
2022-09-30,1.0,0.09869259623610734,1.6122920185884098,0.15912128520524438,0.0
2022-10-31,0.0,0.0,1.5346358580960466,0.0,0.0
2022-11-30,0.0,0.0,1.5573354835812656,0.0,0.0
2022-12-31,1.0,0.15514167499799147,1.5272446759716725,0.23693929716201,0.0
2023-01-31,0.0,0.0,1.5450454236824802,0.0,0.0
2023-02-28,2.0,0.4941601408520494,1.5479468901706466,0.7649336532782186,0.0
2023-03-31,1.0,0.15391897949473032,1.5027134963644582,0.23129612783337555,0.0
2023-04-30,3.0,0.8684191469476835,1.5575798538203982,1.3526321679576079,0.3526321679576079
2023-05-31,3.0,0.8675994208717651,1.4904153924888637,1.2930835313817026,0.2930835313817026
2023-06-30,3.0,0.8622779031084261,1.5020558407052162,1.295189560675058,0.2951895606750581
2023-07-31,3.0,0.8623780681038304,1.5265191974062353,1.316436676382599,0.316436676382599
2023-08-31,3.0,0.6472296602210674,1.5385432344467131,0.9957908148663682,0.0
2023-09-30,3.0,0.6478741370371941,1.5198620761328179,0.9846793309901076,0.0
2023-10-31,2.0,0.29190461576913884,1.5174232616279975,0.44294285414467405,0.0
2023-11-30,1.0,0.13541678513659575,1.4986124647452694,0.2029372821414343,0.0
2023-12-31,3.0,0.6588446128601154,1.509346516929962,0.9944248216184844,0.0
2024-01-31,3.0,0.852348782967804,1.5053125729759773,1.2830513395622078,0.28305133956220785
2024-02-29,4.0,1.0,1.5014844112975614,1.5014844112975614,0.5014844112975614
2024-03-31,4.0,1.0,1.5118608317498143,1.5118608317498143,0.5118608317498143
2024-04-30,4.0,1.0,1.5092727952048215,1.5092727952048215,0.5092727952048215
2024-05-31,3.0,0.6684990783872946,1.523097208206902,1.0181890799805755,0.018189079980575507
2024-06-30,4.0,0.9999999999999999,1.5377746924212046,1.5377746924212043,0.5377746924212043
2024-07-31,4.0,1.0,1.5559609674408112,1.5559609674408112,0.5559609674408112
2024-08-31,4.0,1.0000000000000002,1.5610986975185195,1.56109869751852,0.5610986975185199
2024-09-30,3.0,0.8436037512834975,1.5585221873329396,1.3147751636926297,0.3147751636926297
2024-10-31,3.0,0.8419482379610888,1.5325173672659014,1.2903002970142923,0.2903002970142923
2024-11-30,3.0,0.8390997634836246,1.5175026816360495,1.2733361412465751,0.2733361412465751
2024-12-31,3.0,0.8294128334109607,1.5437430912037142,1.2804003313338679,0.2804003313338679
2025-01-31,3.0,0.68091259280541,1.5583321349715507,1.0610879744754689,0.061087974475468876
2025-02-28,3.0,0.6868817904016364,1.532993871036548,1.0529855748123196,0.05298557481231958
2025-03-31,4.0,1.0,1.5257308174418753,1.5257308174418753,0.5257308174418753
2025-04-30,3.0,0.8346233388679724,1.5616368842289692,1.3033785904145594,0.3033785904145594
2025-05-31,2.0,0.6415385951147667,1.4921346492807466,0.9572619666216353,0.0
2025-06-30,3.0,0.8059478728779469,1.5125276458473738,1.2190184388397796,0.21901843883977956
2025-07-31,4.0,1.0,1.4922582742158075,1.4922582742158075,0.4922582742158075
2025-08-31,4.0,1.0,1.46488664381358,1.46488664381358,0.4648866438135799
2025-09-30,4.0,0.9999999999999999,1.4685294764003145,1.4685294764003143,0.4685294764003143
2025-10-31,4.0,1.0,1.5347263986934754,1.5347263986934754,0.5347263986934754
2025-11-30,4.0,1.0,1.5201950783067488,1.5201950783067488,0.5201950783067488
