,Trend_US_Stock_XR,Trend_US_Bond_10Y_XR,Trend_US_Credit_XR,Trend_Commodities_XR,Naive_US_Stock_XR,Naive_US_Bond_10Y_XR,Naive_US_Credit_XR,Naive_Commodities_XR
1991-01-31,0.14807897541783197,0.3048836772599303,0.4470747702771343,0.0,0.14807897541783197,0.3048836772599303,0.4470747702771343,0.09996257704510333
1991-02-28,0.14506676388429376,0.3053216683314278,0.4493471556093906,0.0,0.14506676388429376,0.3053216683314278,0.4493471556093906,0.10026441217488777
1991-03-31,0.14416322981162258,0.3070803260671079,0.45028455700657044,0.0,0.14416322981162258,0.3070803260671079,0.45028455700657044,0.09847188711469923
1991-04-30,0.14204466986519937,0.3072648733342842,0.45354081824049514,0.0,0.14204466986519937,0.3072648733342842,0.45354081824049514,0.09714963856002136
1991-05-31,0.1389615292925589,0.30853285847343326,0.456811257710608,0.0,0.1389615292925589,0.30853285847343326,0.456811257710608,0.09569435452339983
1991-06-30,0.13433460895417637,0.3095267763115089,0.4617300037417245,0.0,0.13433460895417637,0.3095267763115089,0.4617300037417245,0.09440861099259014
1991-07-31,0.1325296302377736,0.31291759410468556,0.4609810192603085,0.09357175639723231,0.1325296302377736,0.31291759410468556,0.4609810192603085,0.09357175639723231
1991-08-31,0.13699952158458553,0.3104762180873252,0.45720474211733597,0.09531951821075334,0.13699952158458553,0.3104762180873252,0.45720474211733597,0.09531951821075334
1991-09-30,0.13680050657204604,0.3101766968218947,0.45687862670208046,0.09614416990397884,0.13680050657204604,0.3101766968218947,0.45687862670208046,0.09614416990397884
1991-10-31,0.13646245757171266,0.3108866775864408,0.4566761985355412,0.09597466630630544,0.13646245757171266,0.3108866775864408,0.4566761985355412,0.09597466630630544
1991-11-30,0.0,0.3158410283870913,0.45950810344639564,0.09306702047746655,0.13158384768904657,0.3158410283870913,0.45950810344639564,0.09306702047746655
1991-12-31,0.1299071306712185,0.309350894724371,0.4631959337949834,0.0,0.1299071306712185,0.309350894724371,0.4631959337949834,0.09754604080942697
1992-01-31,0.136620889117067,0.2984026694894365,0.46413489460548574,0.0,0.136620889117067,0.2984026694894365,0.46413489460548574,0.10084154678801077
1992-02-29,0.13543418722935627,0.2985869004918252,0.4670973514295703,0.0,0.13543418722935627,0.2985869004918252,0.4670973514295703,0.09888156084924836
1992-03-31,0.1353596213220215,0.29603507734385537,0.46814842147052027,0.0,0.1353596213220215,0.29603507734385537,0.46814842147052027,0.10045687986360269
1992-04-30,0.1357897746485719,0.29638311638489967,0.46785093760390095,0.0999761713626275,0.1357897746485719,0.29638311638489967,0.46785093760390095,0.0999761713626275
1992-05-31,0.13503665898819936,0.2952725870254831,0.4705640287860093,0.09912672520030828,0.13503665898819936,0.2952725870254831,0.4705640287860093,0.09912672520030828
1992-06-30,0.13185731709330392,0.2965460079346209,0.4746149112287403,0.09698176374333484,0.13185731709330392,0.2965460079346209,0.4746149112287403,0.09698176374333484
1992-07-31,0.13907875000510858,0.2937433270451263,0.4682983792641625,0.09887954368560259,0.13907875000510858,0.2937433270451263,0.4682983792641625,0.09887954368560259
1992-08-31,0.13340300796694005,0.2950832518193269,0.47608594201790566,0.09542779819582746,0.13340300796694005,0.2950832518193269,0.47608594201790566,0.09542779819582746
1992-09-30,0.13366572784776,0.29310155618559397,0.4769360719755292,0.09629664399111683,0.13366572784776,0.29310155618559397,0.4769360719755292,0.09629664399111683
1992-10-31,0.1378430331172151,0.2935182887101592,0.47043885069440955,0.0,0.1378430331172151,0.2935182887101592,0.47043885069440955,0.09819982747821601
1992-11-30,0.13757369540397726,0.2930608262524431,0.471062029656902,0.0,0.13757369540397726,0.2930608262524431,0.471062029656902,0.09830344868667772
1992-12-31,0.13779560157135792,0.29133495321776826,0.4698760852247806,0.0,0.13779560157135792,0.29133495321776826,0.4698760852247806,0.10099335998609334
1993-01-31,0.1395105170275759,0.2909167250763873,0.47247320304725715,0.0,0.1395105170275759,0.2909167250763873,0.47247320304725715,0.09709955484877976
1993-02-28,0.1407774166138192,0.2892298490270794,0.47192606414253313,0.09806667021656834,0.1407774166138192,0.2892298490270794,0.47192606414253313,0.09806667021656834
1993-03-31,0.13987005409415784,0.28993820728115705,0.4728550519529873,0.09733668667169772,0.13987005409415784,0.28993820728115705,0.4728550519529873,0.09733668667169772
1993-04-30,0.13444974991897377,0.2892653235589376,0.4829402717948396,0.09334465472724919,0.13444974991897377,0.2892653235589376,0.4829402717948396,0.09334465472724919
1993-05-31,0.140537384984797,0.28720962807926437,0.4811258634860622,0.0,0.140537384984797,0.28720962807926437,0.4811258634860622,0.09112712344987652
1993-06-30,0.14300483291006683,0.28563141095301375,0.4792432201351028,0.0,0.14300483291006683,0.28563141095301375,0.4792432201351028,0.09212053600181652
1993-07-31,0.14293002727665705,0.28471251585191437,0.47831467174825876,0.0,0.14293002727665705,0.28471251585191437,0.47831467174825876,0.0940427851231699
1993-08-31,0.14715838380443946,0.2738427635110159,0.48099034306752125,0.0,0.14715838380443946,0.2738427635110159,0.48099034306752125,0.09800850961702343
1993-09-30,0.145005491941024,0.25671058544712205,0.4549505827440755,0.0,0.145005491941024,0.25671058544712205,0.4549505827440755,0.14333333986777844
1993-10-31,0.1450476586127977,0.254418805946016,0.45287270754771974,0.0,0.1450476586127977,0.254418805946016,0.45287270754771974,0.14766082789346655
1993-11-30,0.15338529014679383,0.25192279890540714,0.43780941772900284,0.0,0.15338529014679383,0.25192279890540714,0.43780941772900284,0.15688249321879624
1993-12-31,0.1535478937004364,0.2516703088143814,0.4378198262173534,0.0,0.1535478937004364,0.2516703088143814,0.4378198262173534,0.1569619712678289
1994-01-31,0.15390102151420418,0.25068169942360496,0.4339045019663158,0.0,0.15390102151420418,0.25068169942360496,0.4339045019663158,0.1615127770958751
1994-02-28,0.168256792474264,0.0,0.4103959916652691,0.0,0.168256792474264,0.25134191019695223,0.4103959916652691,0.1700053056635148
1994-03-31,0.0,0.0,0.0,0.0,0.17209584939552672,0.24778652967603915,0.3955085874166398,0.1846090335117943
1994-04-30,0.0,0.0,0.0,0.186553430774807,0.1747380785969641,0.2474588813812018,0.3912496092470271,0.186553430774807
1994-05-31,0.0,0.0,0.0,0.18605931972194803,0.17791655502044523,0.24726564251168026,0.38875848274592645,0.18605931972194803
1994-06-30,0.0,0.0,0.0,0.18508456401679682,0.1824982800916316,0.2459224023784513,0.3864947535131202,0.18508456401679682
1994-07-31,0.18404196166932238,0.0,0.0,0.19136159458186144,0.18404196166932238,0.24347557285524404,0.3811208708935721,0.19136159458186144
1994-08-31,0.18276947516223682,0.0,0.0,0.0,0.18276947516223682,0.24900199906694323,0.38886131876961,0.17936720700120995
1994-09-30,0.18428874127313066,0.0,0.0,0.0,0.18428874127313066,0.2495682066274308,0.38391423271378716,0.18222881938565136
1994-10-31,0.1840192663761085,0.0,0.0,0.0,0.1840192663761085,0.24854385941954774,0.3822923272041462,0.1851445470001975
1994-11-30,0.1847810755224909,0.0,0.0,0.0,0.1847810755224909,0.24828890828627637,0.38048777922305066,0.18644223696818202
1994-12-31,0.21183417669801977,0.0,0.36478923345654274,0.0,0.21183417669801977,0.24326785000780485,0.36478923345654274,0.18010873983763262
1995-01-31,0.2094104266540929,0.250904564659346,0.3623068857989138,0.0,0.2094104266540929,0.250904564659346,0.3623068857989138,0.17737812288764723
1995-02-28,0.2083979792287958,0.24956163945151968,0.36134767072796925,0.0,0.2083979792287958,0.24956163945151968,0.36134767072796925,0.18069271059171527
1995-03-31,0.20905842330534155,0.2512648919002713,0.3602334937496212,0.0,0.20905842330534155,0.2512648919002713,0.3602334937496212,0.17944319104476603
1995-04-30,0.2096101081154976,0.2513484253968489,0.35921030508270385,0.17983116140494984,0.2096101081154976,0.2513484253968489,0.35921030508270385,0.17983116140494984
1995-05-31,0.2166716357907872,0.2439699062192248,0.346559626162019,0.19279883182796898,0.2166716357907872,0.2439699062192248,0.346559626162019,0.19279883182796898
1995-06-30,0.2183659401700949,0.24400866409598168,0.34665718147247343,0.19096821426144997,0.2183659401700949,0.24400866409598168,0.34665718147247343,0.19096821426144997
1995-07-31,0.21906904813201067,0.2455199953025475,0.348478739556226,0.18693221700921578,0.21906904813201067,0.2455199953025475,0.348478739556226,0.18693221700921578
1995-08-31,0.22359614878681383,0.2446275546003196,0.3468436630988517,0.18493263351401504,0.22359614878681383,0.2446275546003196,0.3468436630988517,0.18493263351401504
1995-09-30,0.21867180834190292,0.24754521819472403,0.34805231868623954,0.18573065477713363,0.21867180834190292,0.24754521819472403,0.34805231868623954,0.18573065477713363
1995-10-31,0.21400764579767934,0.2510470847722791,0.35110867090248044,0.1838365985275611,0.21400764579767934,0.2510470847722791,0.35110867090248044,0.1838365985275611
1995-11-30,0.21304119542479508,0.2514640841994629,0.352277658833692,0.18321706154204995,0.21304119542479508,0.2514640841994629,0.352277658833692,0.18321706154204995
1995-12-31,0.2181984267468713,0.2595402148470894,0.3617745591906493,0.16048679921539014,0.2181984267468713,0.2595402148470894,0.3617745591906493,0.16048679921539014
1996-01-31,0.21420172922474812,0.2618311120316661,0.36459405439894677,0.15937310434463917,0.21420172922474812,0.2618311120316661,0.36459405439894677,0.15937310434463917
1996-02-29,0.22027209544869264,0.26042620090934515,0.3580414274032909,0.1612602762386712,0.22027209544869264,0.26042620090934515,0.3580414274032909,0.1612602762386712
1996-03-31,0.2234956320869765,0.2614320790515098,0.35846835344635547,0.15660393541515819,0.2234956320869765,0.2614320790515098,0.35846835344635547,0.15660393541515819
1996-04-30,0.2324320980659295,0.0,0.0,0.15317461416943529,0.2324320980659295,0.2585011911866657,0.3558920965779695,0.15317461416943529
1996-05-31,0.23282371268770843,0.0,0.0,0.15476911831829054,0.23282371268770843,0.25735268429876906,0.3550544846952319,0.15476911831829054
1996-06-30,0.2295434380629419,0.0,0.35619074314827626,0.15372904202205764,0.2295434380629419,0.26053677676672427,0.35619074314827626,0.15372904202205764
1996-07-31,0.2175976825994789,0.0,0.36420842445176366,0.15193175357098093,0.2175976825994789,0.2662621393777765,0.36420842445176366,0.15193175357098093
1996-08-31,0.2160816623191693,0.0,0.0,0.14771498080953327,0.2160816623191693,0.2694514227355704,0.3667519341357271,0.14771498080953327
1996-09-30,0.21255357840349387,0.2708264282454698,0.36733353133686725,0.14928646201416898,0.21255357840349387,0.2708264282454698,0.36733353133686725,0.14928646201416898
1996-10-31,0.21535495620143202,0.2679341077298813,0.36193841214546085,0.15477252392322585,0.21535495620143202,0.2679341077298813,0.36193841214546085,0.15477252392322585
1996-11-30,0.2047194972354542,0.27351420458358977,0.3670285871474545,0.15473771103350156,0.2047194972354542,0.27351420458358977,0.3670285871474545,0.15473771103350156
1996-12-31,0.203430459763719,0.27181945859519047,0.36547180754707753,0.15927827409401293,0.203430459763719,0.27181945859519047,0.36547180754707753,0.15927827409401293
1997-01-31,0.19599043149532275,0.27134282664993464,0.36679201543997686,0.1658747264147659,0.19599043149532275,0.27134282664993464,0.36679201543997686,0.1658747264147659
1997-02-28,0.19781249797223854,0.2745152600271079,0.37535476296923953,0.0,0.19781249797223854,0.2745152600271079,0.37535476296923953,0.15231747903141396
1997-03-31,0.19301972076920604,0.2792000571556396,0.3787571119169797,0.14902311015817474,0.19301972076920604,0.2792000571556396,0.3787571119169797,0.14902311015817474
1997-04-30,0.18704923803824505,0.28100301048044074,0.38283947092460285,0.14910828055671138,0.18704923803824505,0.28100301048044074,0.38283947092460285,0.14910828055671138
1997-05-31,0.18221977666961,0.28240529079411336,0.3858245960655738,0.14955033647070276,0.18221977666961,0.28240529079411336,0.3858245960655738,0.14955033647070276
1997-06-30,0.1867578522398764,0.28321572049952365,0.3864480070375373,0.0,0.1867578522398764,0.28321572049952365,0.3864480070375373,0.14357842022306264
1997-07-31,0.18454006992693012,0.28430231068249284,0.383157060921626,0.0,0.18454006992693012,0.28430231068249284,0.383157060921626,0.14800055846895113
1997-08-31,0.17425425544379516,0.2843032402496279,0.3801021374309621,0.1613403668756148,0.17425425544379516,0.2843032402496279,0.3801021374309621,0.1613403668756148
1997-09-30,0.17259293950207003,0.2859529881390745,0.38300934644249435,0.15844472591636122,0.17259293950207003,0.2859529881390745,0.38300934644249435,0.15844472591636122
1997-10-31,0.16681211400427762,0.2869069455665139,0.38717989864616276,0.15910104178304568,0.16681211400427762,0.2869069455665139,0.38717989864616276,0.15910104178304568
1997-11-30,0.1744032843289462,0.2897143088656393,0.39173373748118245,0.0,0.1744032843289462,0.2897143088656393,0.39173373748118245,0.14414866932423206
1997-12-31,0.17574136763939194,0.2916762782153487,0.39448570287374757,0.0,0.17574136763939194,0.2916762782153487,0.39448570287374757,0.13809665127151172
1998-01-31,0.17496401096530603,0.2912035507219334,0.3954361915554612,0.0,0.17496401096530603,0.2912035507219334,0.3954361915554612,0.13839624675729945
1998-02-28,0.17068773658173295,0.2967086177373105,0.39987962744684047,0.0,0.17068773658173295,0.2967086177373105,0.39987962744684047,0.13272401823411614
1998-03-31,0.16957463910886736,0.2967613475349991,0.4007640966330198,0.0,0.16957463910886736,0.2967613475349991,0.4007640966330198,0.13289991672311371
1998-04-30,0.16914022323043196,0.2968964356756495,0.40172504926767544,0.0,0.16914022323043196,0.2968964356756495,0.40172504926767544,0.13223829182624314
1998-05-31,0.15322132363194738,0.3099315977983302,0.41735327911023806,0.0,0.15322132363194738,0.3099315977983302,0.41735327911023806,0.11949379945948448
1998-06-30,0.15290836115348058,0.3101710375512966,0.418136930699699,0.0,0.15290836115348058,0.3101710375512966,0.418136930699699,0.11878367059552394
1998-07-31,0.1509206759593787,0.3146812004812676,0.42071046834410963,0.0,0.1509206759593787,0.3146812004812676,0.42071046834410963,0.11368765521524427
1998-08-31,0.0,0.315859942261882,0.44273061534373354,0.0,0.12447271774661095,0.315859942261882,0.44273061534373354,0.11693672464777352
1998-09-30,0.0,0.3074294670500575,0.4458610598549723,0.0,0.13031682741631032,0.3074294670500575,0.4458610598549723,0.11639264567865987
1998-10-31,0.12947831157186168,0.3087435643634788,0.44479802707205923,0.0,0.12947831157186168,0.3087435643634788,0.44479802707205923,0.11698009699260015
1998-11-30,0.12924715680026982,0.31251942451878384,0.44842703500584286,0.0,0.12924715680026982,0.31251942451878384,0.44842703500584286,0.10980638367510348
1998-12-31,0.12678826537808593,0.31054860256651706,0.44755074450631727,0.0,0.12678826537808593,0.31054860256651706,0.44755074450631727,0.11511238754907971
1999-01-31,0.12669826450342342,0.3108687219634332,0.4472726111177646,0.0,0.12669826450342342,0.3108687219634332,0.4472726111177646,0.11516040241537881
1999-02-28,0.12669948522257404,0.0,0.45048953993137714,0.0,0.12669948522257404,0.3051612727765878,0.45048953993137714,0.1176497020694611
1999-03-31,0.12707790011942066,0.0,0.45868919395638635,0.10438046177996213,0.12707790011942066,0.3098524441442309,0.45868919395638635,0.10438046177996213
1999-04-30,0.12492812047764298,0.0,0.46058479255054385,0.10354377012632274,0.12492812047764298,0.3109433168454906,0.46058479255054385,0.10354377012632274
1999-05-31,0.12597447460069544,0.0,0.0,0.10474950412716634,0.12597447460069544,0.3133303412640854,0.45594568000805286,0.10474950412716634
1999-06-30,0.1261769680699176,0.0,0.0,0.1040914411481585,0.1261769680699176,0.3132621504865999,0.456469440295324,0.1040914411481585
1999-07-31,0.1279112516094115,0.0,0.0,0.1044456183486396,0.1279112516094115,0.313670419685274,0.453972710356675,0.1044456183486396
1999-08-31,0.12740334695274316,0.0,0.0,0.10272488381681562,0.12740334695274316,0.3151602412138555,0.45471152801658565,0.10272488381681562
1999-09-30,0.0,0.0,0.0,0.10126628094591646,0.12558413313710912,0.31572686496750063,0.4574227209494737,0.10126628094591646
1999-10-31,0.1215980508967745,0.0,0.0,0.09823769635152968,0.1215980508967745,0.3152560527626029,0.46490819998909294,0.09823769635152968
1999-11-30,0.12125305783357926,0.0,0.4668618745633347,0.09838324186750132,0.12125305783357926,0.31350182573558455,0.4668618745633347,0.09838324186750132
1999-12-31,0.11969721750023085,0.0,0.0,0.096228540985448,0.11969721750023085,0.3131009953821425,0.4709732461321787,0.096228540985448
2000-01-31,0.11857600052246826,0.0,0.0,0.09508803198964984,0.11857600052246826,0.3132816654673822,0.4730543020204997,0.09508803198964984
2000-02-29,0.11827346873144344,0.0,0.47535534085850284,0.09581905845561046,0.11827346873144344,0.31055213195444326,0.47535534085850284,0.09581905845561046
2000-03-31,0.11549247148871096,0.30650895750296053,0.4831742800648912,0.09482429094343726,0.11549247148871096,0.30650895750296053,0.4831742800648912,0.09482429094343726
2000-04-30,0.11605043627831525,0.3086926801674315,0.47922838944166846,0.09602849411258473,0.11605043627831525,0.3086926801674315,0.47922838944166846,0.09602849411258473
2000-05-31,0.1172071648281296,0.31099262552864065,0.0,0.09262280031176216,0.1172071648281296,0.31099262552864065,0.47917740933146763,0.09262280031176216
2000-06-30,0.11938308286410836,0.31321362330707075,0.4738112721046285,0.09359202172419238,0.11938308286410836,0.31321362330707075,0.4738112721046285,0.09359202172419238
2000-07-31,0.11378689259952499,0.3094688000739487,0.4907030645555662,0.08604124277096005,0.11378689259952499,0.3094688000739487,0.4907030645555662,0.08604124277096005
2000-08-31,0.11421548674600038,0.3063930718588626,0.5001216841140738,0.07926975728106336,0.11421548674600038,0.3063930718588626,0.5001216841140738,0.07926975728106336
2000-09-30,0.0,0.3055197700991727,0.5053969186091949,0.07834334835879951,0.11073996293283286,0.3055197700991727,0.5053969186091949,0.07834334835879951
2000-10-31,0.0,0.3078366206454141,0.5040193081347121,0.07751392813081447,0.11063014308905926,0.3078366206454141,0.5040193081347121,0.07751392813081447
2000-11-30,0.0,0.3065511453345602,0.5062065908661946,0.07962759411509576,0.10761466968414954,0.3065511453345602,0.5062065908661946,0.07962759411509576
2000-12-31,0.0,0.303777272989696,0.504376133537226,0.0823102241689542,0.10953636930412396,0.303777272989696,0.504376133537226,0.0823102241689542
2001-01-31,0.0,0.31284642275854646,0.49252636516876225,0.08317112207767556,0.11145608999501565,0.31284642275854646,0.49252636516876225,0.08317112207767556
2001-02-28,0.0,0.3103410601210146,0.49610467381131745,0.08501381927515378,0.10854044679251414,0.3103410601210146,0.49610467381131745,0.08501381927515378
2001-03-31,0.0,0.31133883999243894,0.4966519186115046,0.0,0.10738058332822506,0.31133883999243894,0.4966519186115046,0.08462865806783143
2001-04-30,0.0,0.30470008014517164,0.5023033881266299,0.08625187136740058,0.10674466036079805,0.30470008014517164,0.5023033881266299,0.08625187136740058
2001-05-31,0.0,0.30452884761141025,0.50212690270543,0.0,0.10676672391474432,0.30452884761141025,0.50212690270543,0.08657752576841538
2001-06-30,0.0,0.30521032687314614,0.5025948365089726,0.0,0.10690587305799357,0.30521032687314614,0.5025948365089726,0.08528896355988773
2001-07-31,0.0,0.30675050070339027,0.492151789672253,0.0,0.11058984223287498,0.30675050070339027,0.492151789672253,0.0905078673914819
2001-08-31,0.0,0.31015050246935877,0.4806563585106863,0.0,0.11899460540214023,0.31015050246935877,0.4806563585106863,0.09019853361781477
2001-09-30,0.0,0.3182939153255834,0.4874520151111316,0.0,0.11057378095341565,0.3182939153255834,0.4874520151111316,0.08368028860986934
2001-10-31,0.0,0.3145082879446055,0.486103652465369,0.0,0.11520874436321644,0.3145082879446055,0.486103652465369,0.08417931522680908
2001-11-30,0.0,0.3032324234749958,0.4921318705368705,0.0,0.11525814231645275,0.3032324234749958,0.4921318705368705,0.0893775636716809
2001-12-31,0.0,0.30085285878316853,0.49117738066769845,0.0,0.11801407321246495,0.30085285878316853,0.49117738066769845,0.08995568733666814
2002-01-31,0.0,0.30018227083073407,0.4915242085165799,0.0,0.11898795270408302,0.30018227083073407,0.4915242085165799,0.08930556794860312
2002-02-28,0.0,0.3028017656782646,0.5039791737213408,0.0,0.11019005562656409,0.3028017656782646,0.5039791737213408,0.08302900497383033
2002-03-31,0.11528087334831306,0.0,0.0,0.08968445565718056,0.11528087334831306,0.2961943382337134,0.4988403327607931,0.08968445565718056
2002-04-30,0.0,0.29309419078370047,0.49988238602539997,0.09119585817051512,0.11582756502038448,0.29309419078370047,0.49988238602539997,0.09119585817051512
2002-05-31,0.0,0.291578846378664,0.505688587506052,0.0894824467380304,0.11325011937725371,0.291578846378664,0.505688587506052,0.0894824467380304
2002-06-30,0.0,0.2886943566183294,0.509408648640566,0.0896632954886467,0.11223369925245794,0.2886943566183294,0.509408648640566,0.0896632954886467
2002-07-31,0.0,0.2819086227100665,0.5185691274673724,0.08991206141347106,0.10961018840909002,0.2819086227100665,0.5185691274673724,0.08991206141347106
2002-08-31,0.0,0.2833294254461523,0.5106590604334293,0.09307676387378769,0.11293475024663065,0.2833294254461523,0.5106590604334293,0.09307676387378769
2002-09-30,0.0,0.27739375691244644,0.5156224391940591,0.09616460176245346,0.11081920213104086,0.27739375691244644,0.5156224391940591,0.09616460176245346
2002-10-31,0.0,0.2790119693887123,0.5113386595054179,0.0988110093440248,0.11083836176184493,0.2790119693887123,0.5113386595054179,0.0988110093440248
2002-11-30,0.0,0.2775963007949238,0.5130904990918456,0.09984468020180708,0.10946851991142369,0.2775963007949238,0.5130904990918456,0.09984468020180708
2002-12-31,0.0,0.2836075342904519,0.5020525637911231,0.10058830895297059,0.11375159296545463,0.2836075342904519,0.5020525637911231,0.10058830895297059
2003-01-31,0.0,0.2827915205061394,0.5051241277987272,0.09856335339341574,0.11352099830171768,0.2827915205061394,0.5051241277987272,0.09856335339341574
2003-02-28,0.0,0.284932976502596,0.5032237250130625,0.09654126751077459,0.11530203097356698,0.284932976502596,0.5032237250130625,0.09654126751077459
2003-03-31,0.0,0.28707721417306487,0.5012033711986769,0.08967009383853601,0.1220493207897222,0.28707721417306487,0.5012033711986769,0.08967009383853601
2003-04-30,0.11467527395933072,0.28597990773809423,0.5122014194699487,0.0,0.11467527395933072,0.28597990773809423,0.5122014194699487,0.08714339883262637
2003-05-31,0.11553336304212701,0.2816426948860677,0.5127242240762989,0.09009971799550624,0.11553336304212701,0.2816426948860677,0.5127242240762989,0.09009971799550624
2003-06-30,0.11545961201797976,0.27896848123750834,0.5146348677842947,0.09093703896021722,0.11545961201797976,0.27896848123750834,0.5146348677842947,0.09093703896021722
2003-07-31,0.13196029952503374,0.0,0.48617068298174004,0.10661530771384035,0.13196029952503374,0.2752537097793859,0.48617068298174004,0.10661530771384035
2003-08-31,0.13284301667654314,0.0,0.48066794455687156,0.11271539966521538,0.13284301667654314,0.2737736391013698,0.48066794455687156,0.11271539966521538
2003-09-30,0.13856549861259326,0.27473199386161323,0.47107758842803454,0.11562491909775896,0.13856549861259326,0.27473199386161323,0.47107758842803454,0.11562491909775896
2003-10-31,0.13762549682078343,0.0,0.47219846209066213,0.11710737881255351,0.13762549682078343,0.27306866227600096,0.47219846209066213,0.11710737881255351
2003-11-30,0.14053089845933717,0.0,0.46830561135866616,0.1190721119593662,0.14053089845933717,0.2720913782226306,0.46830561135866616,0.1190721119593662
2003-12-31,0.13827653329867665,0.2746552307632032,0.46929909414220694,0.1177691417959133,0.13827653329867665,0.2746552307632032,0.46929909414220694,0.1177691417959133
2004-01-31,0.13755230458328715,0.27240135407729693,0.4717483542278634,0.11829798711155268,0.13755230458328715,0.27240135407729693,0.4717483542278634,0.11829798711155268
2004-02-29,0.14316597304581774,0.27178051691342336,0.46903639174518075,0.11601711829557815,0.14316597304581774,0.27178051691342336,0.46903639174518075,0.11601711829557815
2004-03-31,0.14604309384678496,0.2704345642088542,0.4669432556160034,0.11657908632835762,0.14604309384678496,0.2704345642088542,0.4669432556160034,0.11657908632835762
2004-04-30,0.15625708001660726,0.0,0.4516462121531177,0.12134835921797928,0.15625708001660726,0.2707483486122957,0.4516462121531177,0.12134835921797928
2004-05-31,0.15674340258740413,0.0,0.0,0.12200207348376699,0.15674340258740413,0.2716797235250838,0.4495748004037451,0.12200207348376699
2004-06-30,0.1566479548330515,0.0,0.0,0.12354749919069075,0.1566479548330515,0.2710547081939963,0.44874983778226146,0.12354749919069075
2004-07-31,0.0,0.2713732558251159,0.4536218817859853,0.12061927823344765,0.15438558415545123,0.2713732558251159,0.4536218817859853,0.12061927823344765
2004-08-31,0.0,0.27016479167743357,0.44992062020487567,0.12024027188224239,0.15967431623544845,0.27016479167743357,0.44992062020487567,0.12024027188224239
2004-09-30,0.1657266361011101,0.2684854145676601,0.44517894538275826,0.12060900394847167,0.1657266361011101,0.2684854145676601,0.44517894538275826,0.12060900394847167
2004-10-31,0.16423115035758554,0.2682510767044371,0.44587863983988685,0.12163913309809045,0.16423115035758554,0.2682510767044371,0.44587863983988685,0.12163913309809045
2004-11-30,0.16779250473887247,0.2705122074774824,0.44064576188294835,0.12104952590069665,0.16779250473887247,0.2705122074774824,0.44064576188294835,0.12104952590069665
2004-12-31,0.1669963309554001,0.27393740810424305,0.4438326167264658,0.0,0.1669963309554001,0.27393740810424305,0.4438326167264658,0.11523364421389112
2005-01-31,0.16644873175622713,0.2739507966618761,0.44406270957340166,0.11553776200849508,0.16644873175622713,0.2739507966618761,0.44406270957340166,0.11553776200849508
2005-02-28,0.16783959778111038,0.27408833923799164,0.442284285594135,0.11578777738676291,0.16783959778111038,0.27408833923799164,0.442284285594135,0.11578777738676291
2005-03-31,0.16496506067651417,0.2775814153177185,0.43991851819220473,0.11753500581356256,0.16496506067651417,0.2775814153177185,0.43991851819220473,0.11753500581356256
2005-04-30,0.1696587991818712,0.2781368007766628,0.4398719760625948,0.1123324239788712,0.1696587991818712,0.2781368007766628,0.4398719760625948,0.1123324239788712
2005-05-31,0.1689772697758024,0.27714523479275693,0.44027039419085756,0.0,0.1689772697758024,0.27714523479275693,0.44027039419085756,0.1136071012405832
2005-06-30,0.17582222904322684,0.27557881751702884,0.4366599267204281,0.11193902671931628,0.17582222904322684,0.27557881751702884,0.4366599267204281,0.11193902671931628
2005-07-31,0.18694310763943137,0.2733169555713608,0.4284870503012671,0.11125288648794056,0.18694310763943137,0.2733169555713608,0.4284870503012671,0.11125288648794056
2005-08-31,0.1852852923127224,0.2751835112592711,0.4341694257798994,0.10536177064810705,0.1852852923127224,0.2751835112592711,0.4341694257798994,0.10536177064810705
2005-09-30,0.21244124223326635,0.27285755775658666,0.4127590909722224,0.10194210903792465,0.21244124223326635,0.27285755775658666,0.4127590909722224,0.10194210903792465
2005-10-31,0.22527353516743437,0.0,0.0,0.09706001807205403,0.22527353516743437,0.27013710791926704,0.40752933884124465,0.09706001807205403
2005-11-30,0.22945097037883025,0.0,0.0,0.0,0.22945097037883025,0.27031326205643874,0.40507891917409816,0.09515684839063299
2005-12-31,0.23917545707447493,0.26554031804868516,0.40304162367312146,0.09224260120371837,0.23917545707447493,0.26554031804868516,0.40304162367312146,0.09224260120371837
2006-01-31,0.2441542313885351,0.0,0.3989802396487337,0.09300500848573937,0.2441542313885351,0.2638605204769918,0.3989802396487337,0.09300500848573937
2006-02-28,0.24389409423817018,0.0,0.4003575182649037,0.0,0.24389409423817018,0.2646367560058479,0.4003575182649037,0.0911116314910783
2006-03-31,0.24483692880877378,0.0,0.0,0.0,0.24483692880877378,0.2619536398940372,0.39441242861660053,0.09879700268058855
2006-04-30,0.26708140182550383,0.0,0.0,0.09681465209636188,0.26708140182550383,0.2511538776447931,0.3849500684333412,0.09681465209636188
2006-05-31,0.2576688978720529,0.0,0.0,0.0949179917467072,0.2576688978720529,0.2562448319393465,0.3911682784418934,0.0949179917467072
2006-06-30,0.25710221184068704,0.0,0.0,0.0949623626990224,0.25710221184068704,0.2568865131064279,0.3910489123538628,0.0949623626990224
2006-07-31,0.2336804823081943,0.27497356373930354,0.4051914480015863,0.08615450595091585,0.2336804823081943,0.27497356373930354,0.4051914480015863,0.08615450595091585
2006-08-31,0.23601527606883113,0.2746405078312646,0.40466974566204617,0.0,0.23601527606883113,0.2746405078312646,0.40466974566204617,0.08467447043785813
2006-09-30,0.22317592632771258,0.2786470184392832,0.4217121215593107,0.0,0.22317592632771258,0.2786470184392832,0.4217121215593107,0.07646493367369352
2006-10-31,0.22965095221742174,0.2798093909054216,0.41657090725220325,0.0,0.22965095221742174,0.2798093909054216,0.41657090725220325,0.0739687496249534
2006-11-30,0.23039386387201716,0.2798912857007154,0.41573010157140355,0.0,0.23039386387201716,0.2798912857007154,0.41573010157140355,0.07398474885586384
2006-12-31,0.24490094634613163,0.27310083830430165,0.40951254237234125,0.0,0.24490094634613163,0.27310083830430165,0.40951254237234125,0.07248567297722547
2007-01-31,0.24480330663264904,0.2725780751606831,0.41069416640313244,0.0,0.24480330663264904,0.2725780751606831,0.41069416640313244,0.07192445180353535
2007-02-28,0.24135265418607513,0.27451449710467674,0.41039347450252706,0.0,0.24135265418607513,0.27451449710467674,0.41039347450252706,0.07373937420672096
2007-03-31,0.24369360921099606,0.2749537050710208,0.4081145547375741,0.0,0.24369360921099606,0.2749537050710208,0.4081145547375741,0.07323813098040896
2007-04-30,0.2199411795577959,0.2888721817545509,0.42347566162324485,0.0,0.2199411795577959,0.2888721817545509,0.42347566162324485,0.06771097706440823
2007-05-31,0.21991984667291173,0.0,0.42380940307017917,0.0,0.21991984667291173,0.28703336873915275,0.42380940307017917,0.0692373815177564
2007-06-30,0.21746749095425735,0.0,0.4236449412660741,0.07028209739340813,0.21746749095425735,0.28860547038626044,0.4236449412660741,0.07028209739340813
2007-07-31,0.2165067575654393,0.2842864475968949,0.4283905125207487,0.07081628231691706,0.2165067575654393,0.2842864475968949,0.4283905125207487,0.07081628231691706
2007-08-31,0.20856142106123599,0.28507363239117584,0.43823243453450345,0.06813251201308469,0.20856142106123599,0.28507363239117584,0.43823243453450345,0.06813251201308469
2007-09-30,0.20445460332181153,0.28581797976374285,0.4400720796754315,0.06965533723901408,0.20445460332181153,0.28581797976374285,0.4400720796754315,0.06965533723901408
2007-10-31,0.20461187893467217,0.2860261754931925,0.4412637944665401,0.06809815110559529,0.20461187893467217,0.2860261754931925,0.4412637944665401,0.06809815110559529
2007-11-30,0.200157534497912,0.2724586473764504,0.4575801886402575,0.06980362948538016,0.200157534497912,0.2724586473764504,0.4575801886402575,0.06980362948538016
2007-12-31,0.0,0.2691355198669065,0.4598657552753736,0.07088517998501485,0.20011354487270505,0.2691355198669065,0.4598657552753736,0.07088517998501485
2008-01-31,0.0,0.2658464654832125,0.47105589139415316,0.07409433935756311,0.1890033037650711,0.2658464654832125,0.47105589139415316,0.07409433935756311
2008-02-29,0.0,0.2679641043783243,0.47571030609605935,0.0719682938377567,0.18435729568785963,0.2679641043783243,0.47571030609605935,0.0719682938377567
2008-03-31,0.0,0.26886034372613554,0.47242074008888335,0.07289257533575906,0.1858263408492221,0.26886034372613554,0.47242074008888335,0.07289257533575906
2008-04-30,0.0,0.2662929097316162,0.4799876983163875,0.07413226216436207,0.17958712978763428,0.2662929097316162,0.4799876983163875,0.07413226216436207
2008-05-31,0.0,0.264041647789592,0.0,0.07268651565578851,0.18218521713441468,0.264041647789592,0.48108661942020475,0.07268651565578851
2008-06-30,0.0,0.2703646006499359,0.0,0.07344314036582866,0.16109470370065923,0.2703646006499359,0.49509755528357613,0.07344314036582866
2008-07-31,0.0,0.27659182036699254,0.0,0.06858683481523359,0.16175948769929013,0.27659182036699254,0.49306185711848366,0.06858683481523359
2008-08-31,0.0,0.27415092386184386,0.0,0.07041779656575697,0.15850155061220125,0.27415092386184386,0.496929728960198,0.07041779656575697
2008-09-30,0.0,0.35779167276530605,0.0,0.0,0.17661620742742018,0.35779167276530605,0.3815617835720448,0.08403033623522901
2008-10-31,0.0,0.41843587212158934,0.0,0.0,0.15497647443379128,0.41843587212158934,0.34518629505496634,0.08140135838965307
2008-11-30,0.0,0.3482784537092398,0.0,0.0,0.17912826660078446,0.3482784537092398,0.38053333001112166,0.09205994967885402
2008-12-31,0.0,0.34273628887211666,0.0,0.0,0.1919090175618286,0.34273628887211666,0.3690762978646958,0.09627839570135902
2009-01-31,0.0,0.3306338503245403,0.0,0.0,0.19128075355812613,0.3306338503245403,0.3795328663800354,0.09855252973729818
2009-02-28,0.0,0.33360042245579263,0.0,0.0,0.18299798820125376,0.33360042245579263,0.3824675220300375,0.10093406731291611
2009-03-31,0.0,0.33776777688486503,0.0,0.0,0.17369564561240206,0.33776777688486503,0.38692762458359853,0.10160895291913444
2009-04-30,0.0,0.33866259687533623,0.3872695203950823,0.0,0.16842827689513756,0.33866259687533623,0.3872695203950823,0.10563960583444384
2009-05-31,0.0,0.0,0.38240021815474057,0.0,0.1711927245865108,0.34554819104251816,0.38240021815474057,0.10085886621623037
2009-06-30,0.17243243292699942,0.0,0.37772793498183926,0.0,0.17243243292699942,0.3482045161624911,0.37772793498183926,0.10163511592867033
2009-07-31,0.16982801296094405,0.0,0.37257668590351484,0.10337389786281509,0.16982801296094405,0.35422140327272605,0.37257668590351484,0.10337389786281509
2009-08-31,0.1691445174449817,0.0,0.37115870653648214,0.10418903900340933,0.1691445174449817,0.35550773701512695,0.37115870653648214,0.10418903900340933
2009-09-30,0.16856954285191864,0.0,0.36941676206833357,0.10621833552314654,0.16856954285191864,0.3557953595566013,0.36941676206833357,0.10621833552314654
2009-10-31,0.16944778675289698,0.3554351800192125,0.3694929835723171,0.10562404965557344,0.16944778675289698,0.3554351800192125,0.3694929835723171,0.10562404965557344
2009-11-30,0.16730490417971602,0.35556241062199834,0.37052983445286786,0.1066028507454178,0.16730490417971602,0.35556241062199834,0.37052983445286786,0.1066028507454178
2009-12-31,0.16932478876013665,0.0,0.3762544332650878,0.10898315323053467,0.16932478876013665,0.3454376247442409,0.3762544332650878,0.10898315323053467
2010-01-31,0.1695010372372659,0.3461619882888787,0.37590882608556364,0.0,0.1695010372372659,0.3461619882888787,0.37590882608556364,0.10842814838829183
2010-02-28,0.16848185721038098,0.34713144636770005,0.3764873385343518,0.10789935788756702,0.16848185721038098,0.34713144636770005,0.3764873385343518,0.10789935788756702
2010-03-31,0.16618162750847024,0.0,0.37883952956695527,0.1083139663730772,0.16618162750847024,0.3466648765514972,0.37883952956695527,0.1083139663730772
2010-04-30,0.16748551532908323,0.34636061402180474,0.3778802418736747,0.10827362877543747,0.16748551532908323,0.34636061402180474,0.3778802418736747,0.10827362877543747
2010-05-31,0.16543083206209142,0.34701030553287215,0.38162231136035935,0.0,0.16543083206209142,0.34701030553287215,0.38162231136035935,0.1059365510446771
2010-06-30,0.0,0.34610825612055757,0.38250713524414126,0.0,0.16483548689748037,0.34610825612055757,0.38250713524414126,0.1065491217378209
2010-07-31,0.16228809773875863,0.34834820819359646,0.38250454480249424,0.0,0.16228809773875863,0.34834820819359646,0.38250454480249424,0.10685914926515064
2010-08-31,0.0,0.3446356164116511,0.38439830395129926,0.0,0.16316192084556308,0.3446356164116511,0.38439830395129926,0.10780415879148651
2010-09-30,0.15935834024789902,0.34602537566849473,0.385906496821675,0.10870978726193128,0.15935834024789902,0.34602537566849473,0.385906496821675,0.10870978726193128
2010-10-31,0.1585428156466015,0.3451369318954362,0.38587819543729807,0.11044205702066413,0.1585428156466015,0.3451369318954362,0.38587819543729807,0.11044205702066413
2010-11-30,0.1587010343439245,0.34901235571868017,0.3822884642651138,0.10999814567228151,0.1587010343439245,0.34901235571868017,0.3822884642651138,0.10999814567228151
2010-12-31,0.15855822336851758,0.0,0.3870067395305618,0.11050590280866401,0.15855822336851758,0.3439291342922567,0.3870067395305618,0.11050590280866401
2011-01-31,0.15958063080851687,0.0,0.38496317054722484,0.1096500514383253,0.15958063080851687,0.34580614720593295,0.38496317054722484,0.1096500514383253
2011-02-28,0.1592433696033074,0.0,0.38397854803329035,0.11155320822396135,0.1592433696033074,0.3452248741394409,0.38397854803329035,0.11155320822396135
2011-03-31,0.1588659574490153,0.0,0.3859454048027971,0.11075863743219802,0.1588659574490153,0.3444300003159896,0.3859454048027971,0.11075863743219802
2011-04-30,0.15890185967575987,0.0,0.38333991889926566,0.11119910322661522,0.15890185967575987,0.3465591181983592,0.38333991889926566,0.11119910322661522
2011-05-31,0.1581168512830485,0.34639514876972466,0.3834959055976943,0.11199209434953245,0.1581168512830485,0.34639514876972466,0.3834959055976943,0.11199209434953245
2011-06-30,0.1618207885169607,0.3437663534863998,0.3809915220466093,0.11342133595003022,0.1618207885169607,0.3437663534863998,0.3809915220466093,0.11342133595003022
2011-07-31,0.16194793282596742,0.3397594695024193,0.3823195061351655,0.11597309153644773,0.16194793282596742,0.3397594695024193,0.3823195061351655,0.11597309153644773
2011-08-31,0.0,0.331918650215002,0.38736770963765804,0.0,0.16226308162963632,0.331918650215002,0.38736770963765804,0.11845055851770368
2011-09-30,0.0,0.3077187571848664,0.4281008285508598,0.0,0.15338843217758538,0.3077187571848664,0.4281008285508598,0.11079198208668832
2011-10-31,0.0,0.2618531958127932,0.4847938087891409,0.0,0.1428198564987879,0.2618531958127932,0.4847938087891409,0.11053313889927788
2011-11-30,0.0,0.2873342368061683,0.4592669997739419,0.0,0.14076914609315985,0.2873342368061683,0.4592669997739419,0.11262961732672995
2011-12-31,0.0,0.2841269186205293,0.4750518927368619,0.0,0.13018209449139528,0.2841269186205293,0.4750518927368619,0.11063909415121365
2012-01-31,0.13216946529317525,0.2977909909026696,0.45880541507138467,0.0,0.13216946529317525,0.2977909909026696,0.45880541507138467,0.11123412873277033
2012-02-29,0.13911098140938705,0.2878621836011834,0.46419493661515476,0.10883189837427486,0.13911098140938705,0.2878621836011834,0.46419493661515476,0.10883189837427486
2012-03-31,0.14304885006365903,0.2876692016528967,0.4606091777126532,0.1086727705707911,0.14304885006365903,0.2876692016528967,0.4606091777126532,0.1086727705707911
2012-04-30,0.14451441889799624,0.28879604470435194,0.4609050811053519,0.10578445529229999,0.14451441889799624,0.28879604470435194,0.4609050811053519,0.10578445529229999
2012-05-31,0.13460767438959978,0.2768992408581153,0.48031489056639604,0.0,0.13460767438959978,0.2768992408581153,0.48031489056639604,0.10817819418588877
2012-06-30,0.13165660670175347,0.2714570064076896,0.49065134627686674,0.0,0.13165660670175347,0.2714570064076896,0.49065134627686674,0.10623504061369007
2012-07-31,0.13131388996677232,0.2631806776588858,0.5038682812436927,0.0,0.13131388996677232,0.2631806776588858,0.5038682812436927,0.10163715113064928
2012-08-31,0.13074538900677948,0.26043524503622295,0.5089486100166521,0.09987075594034545,0.13074538900677948,0.26043524503622295,0.5089486100166521,0.09987075594034545
2012-09-30,0.13015405850578418,0.25736207528108734,0.5135603362643691,0.09892352994875932,0.13015405850578418,0.25736207528108734,0.5135603362643691,0.09892352994875932
2012-10-31,0.13033386673358605,0.2578905248059352,0.5124456916352655,0.0,0.13033386673358605,0.2578905248059352,0.5124456916352655,0.09932991682521321
2012-11-30,0.13230370946094405,0.25839345809234027,0.5102037144742769,0.0,0.13230370946094405,0.25839345809234027,0.5102037144742769,0.09909911797243884
2012-12-31,0.12763763484083043,0.2715199183750684,0.5053378336840997,0.0,0.12763763484083043,0.2715199183750684,0.5053378336840997,0.09550461310000151
2013-01-31,0.12851348308606497,0.0,0.5053258802813174,0.09811937835624343,0.12851348308606497,0.2680412582763742,0.5053258802813174,0.09811937835624343
2013-02-28,0.12880931594453815,0.0,0.5056060780446061,0.09807979182875869,0.12880931594453815,0.26750481418209704,0.5056060780446061,0.09807979182875869
2013-03-31,0.1298681930770904,0.270657318774125,0.5017670034676976,0.09770748468108675,0.1298681930770904,0.270657318774125,0.5017670034676976,0.09770748468108675
2013-04-30,0.12989111314596058,0.27051222763969845,0.5026421840261854,0.0,0.12989111314596058,0.27051222763969845,0.5026421840261854,0.09695447518815553
2013-05-31,0.1431822738491883,0.0,0.0,0.0,0.1431822738491883,0.26790673214496763,0.4804599254667632,0.10845106853908097
2013-06-30,0.15329523993367122,0.0,0.0,0.0,0.15329523993367122,0.27430957127109257,0.4600843903908062,0.11231079840443
2013-07-31,0.15399241786670323,0.0,0.0,0.11134465922638076,0.15399241786670323,0.2705670160787205,0.46409590682819546,0.11134465922638076
2013-08-31,0.15282032704920143,0.0,0.0,0.11039487652569675,0.15282032704920143,0.27641448591133777,0.4603703105137641,0.11039487652569675
2013-09-30,0.16019111662036098,0.0,0.0,0.1121325561451217,0.16019111662036098,0.27260474549128416,0.45507158174323314,0.1121325561451217
2013-10-31,0.1602302774629935,0.0,0.4526375724685987,0.0,0.1602302774629935,0.27431061815495905,0.4526375724685987,0.11282153191344878
2013-11-30,0.15938239913900965,0.0,0.0,0.0,0.15938239913900965,0.2731011993564447,0.4552203211569962,0.11229608034754937
2013-12-31,0.15997788483948258,0.0,0.0,0.11461401789124391,0.15997788483948258,0.27587259177955825,0.44953550548971527,0.11461401789124391
2014-01-31,0.15911338901213756,0.2728538800032767,0.45083185402623027,0.0,0.15911338901213756,0.2728538800032767,0.45083185402623027,0.11720087695835549
2014-02-28,0.1584254728405003,0.27365123219637305,0.4508376881845361,0.11708560677859052,0.1584254728405003,0.27365123219637305,0.4508376881845361,0.11708560677859052
2014-03-31,0.15840441558585827,0.27291883381981913,0.450344928575967,0.11833182201835565,0.15840441558585827,0.27291883381981913,0.450344928575967,0.11833182201835565
2014-04-30,0.157779062997677,0.2721105736382718,0.45112069305168045,0.11898967031237068,0.157779062997677,0.2721105736382718,0.45112069305168045,0.11898967031237068
2014-05-31,0.15755246308197893,0.2730256154037187,0.44763336193872605,0.12178855957557627,0.15755246308197893,0.2730256154037187,0.44763336193872605,0.12178855957557627
2014-06-30,0.1572456313583617,0.2708876248646293,0.44946145294939605,0.12240529082761302,0.1572456313583617,0.2708876248646293,0.44946145294939605,0.12240529082761302
2014-07-31,0.15477046919337517,0.27414523438935634,0.4529638694243323,0.0,0.15477046919337517,0.27414523438935634,0.4529638694243323,0.11812042699293626
2014-08-31,0.1577330152859986,0.29227898064089464,0.43548114492858764,0.0,0.1577330152859986,0.29227898064089464,0.43548114492858764,0.11450685914451919
2014-09-30,0.16925303583320042,0.2937296390458098,0.41558302897665966,0.0,0.16925303583320042,0.2937296390458098,0.41558302897665966,0.1214342961443301
2014-10-31,0.18882600449647122,0.2844389817422958,0.4039906750425098,0.0,0.18882600449647122,0.2844389817422958,0.4039906750425098,0.12274433871872305
2014-11-30,0.18750901078827661,0.27925308776966856,0.4216455751618653,0.0,0.18750901078827661,0.27925308776966856,0.4216455751618653,0.11159232628018956
2014-12-31,0.18637344581422252,0.28343760712365745,0.4299249533020635,0.0,0.18637344581422252,0.28343760712365745,0.4299249533020635,0.1002639937600566
2015-01-31,0.18955134066284232,0.2712882166856625,0.43660012127848247,0.0,0.18955134066284232,0.2712882166856625,0.43660012127848247,0.10256032137301274
2015-02-28,0.18920367706592522,0.26860805512149627,0.43810672139145695,0.0,0.18920367706592522,0.26860805512149627,0.43810672139145695,0.10408154642112155
2015-03-31,0.18627292584430205,0.2720268444464769,0.43995385392374503,0.0,0.18627292584430205,0.2720268444464769,0.43995385392374503,0.1017463757854761
2015-04-30,0.18778323769724445,0.2781272344966211,0.43982257300815264,0.0,0.18778323769724445,0.2781272344966211,0.43982257300815264,0.09426695479798172
2015-05-31,0.20291965008925197,0.28020478815493227,0.4193755685617765,0.0,0.20291965008925197,0.28020478815493227,0.4193755685617765,0.09749999319403922
2015-06-30,0.20526684474843787,0.0,0.0,0.0,0.20526684474843787,0.2820990970492559,0.4127881971615029,0.09984586104080327
2015-07-31,0.20061327816277824,0.2765843164172787,0.0,0.0,0.20061327816277824,0.2765843164172787,0.4307188917542248,0.09208351366571826
2015-08-31,0.0,0.0,0.0,0.0,0.1836987522931344,0.2828503656057479,0.4365404530039103,0.09691042909720732
2015-09-30,0.0,0.28244027008334344,0.0,0.0,0.18125576424548723,0.28244027008334344,0.4399319360433263,0.09637202962784303
2015-10-31,0.1697201796617844,0.28415687343153295,0.0,0.0,0.1697201796617844,0.28415687343153295,0.44886771328320174,0.09725523362348092
2015-11-30,0.16984961562383638,0.28571831924320895,0.0,0.0,0.16984961562383638,0.28571831924320895,0.4490842334372485,0.09534783169570618
2015-12-31,0.16897431894957124,0.2897457772956373,0.0,0.0,0.16897431894957124,0.2897457772956373,0.4472043645937531,0.09407553916103838
2016-01-31,0.0,0.2858100236652249,0.0,0.0,0.1649447085545633,0.2858100236652249,0.45309696601548327,0.09614830176472863
2016-02-29,0.0,0.2845504963882906,0.45389670481509975,0.0,0.16502383943699134,0.2845504963882906,0.45389670481509975,0.09652895935961826
2016-03-31,0.16503605500754104,0.2946726216469922,0.44222258093055805,0.0,0.16503605500754104,0.2946726216469922,0.44222258093055805,0.09806874241490879
2016-04-30,0.16501493410516455,0.29713108357626783,0.4456713848670239,0.0,0.16501493410516455,0.29713108357626783,0.4456713848670239,0.0921825974515438
2016-05-31,0.156746108006228,0.3047538868890555,0.4516291810396318,0.08687082406508469,0.156746108006228,0.3047538868890555,0.4516291810396318,0.08687082406508469
2016-06-30,0.15145168850078472,0.2956452463504059,0.46947972934286425,0.0834233358059451,0.15145168850078472,0.2956452463504059,0.46947972934286425,0.0834233358059451
2016-07-31,0.15387301590070884,0.2975713670898691,0.4654016839718397,0.0,0.15387301590070884,0.2975713670898691,0.4654016839718397,0.08315393303758237
2016-08-31,0.15484182813040503,0.29468461922909067,0.46796062199052996,0.0,0.15484182813040503,0.29468461922909067,0.46796062199052996,0.08251293064997436
2016-09-30,0.155933855982381,0.29638298133098867,0.466220064682915,0.08146309800371544,0.155933855982381,0.29638298133098867,0.466220064682915,0.08146309800371544
2016-10-31,0.15913744457337656,0.0,0.4680885945878242,0.08229463051124636,0.15913744457337656,0.2904793303275528,0.4680885945878242,0.08229463051124636
2016-11-30,0.17112068999049443,0.0,0.0,0.08829492245842065,0.17112068999049443,0.28501746800186395,0.4555669195492209,0.08829492245842065
2016-12-31,0.17038260754949477,0.0,0.0,0.0867402946714405,0.17038260754949477,0.28949122717074055,0.45338587060832414,0.0867402946714405
2017-01-31,0.16998194731323138,0.0,0.0,0.08428618050051923,0.16998194731323138,0.294946183179841,0.4507856890064083,0.08428618050051923
2017-02-28,0.17084776985924888,0.0,0.45004173100155026,0.08531931943460518,0.17084776985924888,0.2937911797045957,0.45004173100155026,0.08531931943460518
2017-03-31,0.17082459251484014,0.0,0.0,0.0,0.17082459251484014,0.2942237806073638,0.4495602375514398,0.08539138932635615
2017-04-30,0.17058308009597417,0.0,0.45066203490284806,0.0,0.17058308009597417,0.2932313824633489,0.45066203490284806,0.08552350253782878
2017-05-31,0.1696532815348389,0.2941644382607325,0.4512831881436391,0.0,0.1696532815348389,0.2941644382607325,0.4512831881436391,0.08489909206078944
2017-06-30,0.17009029994095387,0.29300958374534575,0.45136647680414194,0.0,0.17009029994095387,0.29300958374534575,0.45136647680414194,0.08553363950955861
2017-07-31,0.17104317228316596,0.29317388620990414,0.45137601704192293,0.0,0.17104317228316596,0.29317388620990414,0.45137601704192293,0.08440692446500714
2017-08-31,0.1718932977203862,0.29272495243612273,0.45192862275790363,0.0,0.1718932977203862,0.29272495243612273,0.45192862275790363,0.08345312708558732
2017-09-30,0.17137209759425906,0.28765146100159505,0.4585116633283022,0.0824647780758437,0.17137209759425906,0.28765146100159505,0.4585116633283022,0.0824647780758437
2017-10-31,0.17065664040175527,0.2891404816983143,0.4583995512675798,0.08180332663235058,0.17065664040175527,0.2891404816983143,0.4583995512675798,0.08180332663235058
2017-11-30,0.16943573592017375,0.29106172326291,0.4551797215828454,0.08432281923407077,0.16943573592017375,0.29106172326291,0.4551797215828454,0.08432281923407077
2017-12-31,0.16887482600136938,0.2894740640524736,0.4524297161590497,0.08922139378710738,0.16887482600136938,0.2894740640524736,0.4524297161590497,0.08922139378710738
2018-01-31,0.15934845148275026,0.0,0.4568984004896529,0.08638761477033766,0.15934845148275026,0.2973655332572592,0.4568984004896529,0.08638761477033766
2018-02-28,0.15934248639109133,0.0,0.0,0.08814919182623214,0.15934248639109133,0.30821627202136126,0.4442920497613152,0.08814919182623214
2018-03-31,0.15789098572344076,0.0,0.0,0.08992543757700319,0.15789098572344076,0.30690969066049817,0.44527388603905793,0.08992543757700319
2018-04-30,0.1583997877856,0.0,0.0,0.09560738083744885,0.1583997877856,0.3038360174306513,0.44215681394629985,0.09560738083744885
2018-05-31,0.1579828906216388,0.0,0.0,0.09561766136765075,0.1579828906216388,0.30178942362794425,0.44461002438276614,0.09561766136765075
2018-06-30,0.15640293924110565,0.0,0.0,0.09332835231419694,0.15640293924110565,0.3008279456834411,0.4494407627612563,0.09332835231419694
2018-07-31,0.15290667934109234,0.0,0.0,0.1039373949932699,0.15290667934109234,0.2999438836331932,0.44321204203244446,0.1039373949932699
2018-08-31,0.16350701201367016,0.29355976495329494,0.4407047897161208,0.10222843331691413,0.16350701201367016,0.29355976495329494,0.4407047897161208,0.10222843331691413
2018-09-30,0.16701221925159676,0.0,0.0,0.1040040971133634,0.16701221925159676,0.29285401002857236,0.4361296736064673,0.1040040971133634
2018-10-31,0.0,0.0,0.0,0.0,0.16698700961128632,0.2994303892925783,0.4302520343106215,0.10333056678551389
2018-11-30,0.16814102328261302,0.29851224435146545,0.0,0.0,0.16814102328261302,0.29851224435146545,0.43295195376597484,0.10039477859994676
2018-12-31,0.0,0.29629802981102127,0.4489162352026945,0.0,0.149541120075469,0.29629802981102127,0.4489162352026945,0.1052446149108152
2019-01-31,0.0,0.31506460518564694,0.4351764815268388,0.0,0.1472226960280777,0.31506460518564694,0.4351764815268388,0.10253621725943653
2019-02-28,0.14562036138225268,0.3200342547683283,0.43284436945053517,0.0,0.14562036138225268,0.3200342547683283,0.43284436945053517,0.10150101439888377
2019-03-31,0.15215964029291626,0.3031784957740728,0.4420424309936742,0.0,0.15215964029291626,0.3031784957740728,0.4420424309936742,0.10261943293933669
2019-04-30,0.14882459619509406,0.29869112384653845,0.44429374438439456,0.10819053557397293,0.14882459619509406,0.29869112384653845,0.44429374438439456,0.10819053557397293
2019-05-31,0.0,0.2926370686300226,0.45658993788432,0.0,0.14366574436608787,0.2926370686300226,0.45658993788432,0.10710724911956959
2019-06-30,0.13654569153269003,0.3057018471705256,0.4529536791683747,0.0,0.13654569153269003,0.3057018471705256,0.4529536791683747,0.10479878212840961
2019-07-31,0.1352960458352631,0.30077681657117145,0.4534579007222837,0.11046923687128173,0.1352960458352631,0.30077681657117145,0.4534579007222837,0.11046923687128173
2019-08-31,0.14468789266996512,0.29030487193905413,0.44902870155943225,0.0,0.14468789266996512,0.29030487193905413,0.44902870155943225,0.11597853383154849
2019-09-30,0.14568950630095817,0.28806918232483375,0.44830196854997506,0.0,0.14568950630095817,0.28806918232483375,0.44830196854997506,0.11793934282423306
2019-10-31,0.14499208747564882,0.29016596926782884,0.44831149253556785,0.0,0.14499208747564882,0.29016596926782884,0.44831149253556785,0.1165304507209544
2019-11-30,0.1332595108424544,0.29746240678807717,0.4618290570064451,0.0,0.1332595108424544,0.29746240678807717,0.4618290570064451,0.10744902536302328
2019-12-31,0.1335252952300684,0.29621473795479863,0.46425738878576756,0.10600257802936539,0.1335252952300684,0.29621473795479863,0.46425738878576756,0.10600257802936539
2020-01-31,0.1402323087886466,0.29122984371863847,0.46566120945755557,0.0,0.1402323087886466,0.29122984371863847,0.46566120945755557,0.10287663803515924
2020-02-29,0.0,0.28609663307094013,0.47904829820328004,0.0,0.13313986930658447,0.28609663307094013,0.47904829820328004,0.10171519941919527
2020-03-31,0.0,0.3557458007195324,0.0,0.0,0.1523115174997665,0.3557458007195324,0.39562839323917126,0.09631428854152994
2020-04-30,0.0,0.377935820731708,0.3759438611941103,0.0,0.14606251873001727,0.377935820731708,0.3759438611941103,0.1000577993441644
2020-05-31,0.1463446600609706,0.3820632378057497,0.3781110856699745,0.0,0.1463446600609706,0.3820632378057497,0.3781110856699745,0.09348101646330512
2020-06-30,0.14663482875100264,0.3850991637365935,0.37523344825203864,0.0,0.14663482875100264,0.3850991637365935,0.37523344825203864,0.09303255926036527
2020-07-31,0.1466324857043823,0.38944032105607745,0.36957249276485515,0.0,0.1466324857043823,0.38944032105607745,0.36957249276485515,0.09435470047468514
2020-08-31,0.14513907570571694,0.38977904656701956,0.3702850970320259,0.0,0.14513907570571694,0.38977904656701956,0.3702850970320259,0.09479678069523771
2020-09-30,0.14246858562659753,0.3950826417506384,0.3681230504077309,0.0,0.14246858562659753,0.3950826417506384,0.3681230504077309,0.09432572221503326
2020-10-31,0.142714623558299,0.0,0.3704996882990108,0.0,0.142714623558299,0.3914695478097482,0.3704996882990108,0.09531614033294203
2020-11-30,0.1380169079829592,0.0,0.3703033994085161,0.09333686302203043,0.1380169079829592,0.3983428295864943,0.3703033994085161,0.09333686302203043
2020-12-31,0.13792617539752663,0.0,0.37150484592839805,0.093227568907239,0.13792617539752663,0.39734140976683635,0.37150484592839805,0.093227568907239
2021-01-31,0.1377125691287904,0.0,0.3671810560659609,0.09202989629178428,0.1377125691287904,0.4030764785134645,0.3671810560659609,0.09202989629178428
2021-02-28,0.14142135703150518,0.0,0.0,0.09142814481219948,0.14142135703150518,0.395858040070624,0.3712924580856714,0.09142814481219948
2021-03-31,0.14398196770357488,0.0,0.0,0.09284299130565322,0.14398196770357488,0.39027535872511343,0.3728996822656584,0.09284299130565322
2021-04-30,0.142152105692187,0.0,0.0,0.09146245501860041,0.142152105692187,0.393695793545321,0.37268964574389163,0.09146245501860041
2021-05-31,0.14210408815512215,0.0,0.0,0.09133721736959438,0.14210408815512215,0.3940299536101917,0.37252874086509175,0.09133721736959438
2021-06-30,0.14227573611898361,0.0,0.37314794527207223,0.09112068561502859,0.14227573611898361,0.3934556329939155,0.37314794527207223,0.09112068561502859
2021-07-31,0.14273066408480983,0.3926436576782363,0.37314512965781815,0.09148054857913562,0.14273066408480983,0.3926436576782363,0.37314512965781815,0.09148054857913562
2021-08-31,0.14298819865082874,0.39238380612741713,0.37309163101000065,0.09153636421175333,0.14298819865082874,0.39238380612741713,0.37309163101000065,0.09153636421175333
2021-09-30,0.1414864663918827,0.0,0.3737551687968166,0.09175344524443169,0.1414864663918827,0.39300491956686906,0.3737551687968166,0.09175344524443169
2021-10-31,0.14296999549030748,0.0,0.3753599657779761,0.09099949731422408,0.14296999549030748,0.39067054141749225,0.3753599657779761,0.09099949731422408
2021-11-30,0.14245173344813805,0.3904082564878153,0.3759403651019336,0.09119964496211307,0.14245173344813805,0.3904082564878153,0.3759403651019336,0.09119964496211307
2021-12-31,0.1489875880830959,0.39081279493997295,0.3699267590699637,0.09027285790696753,0.1489875880830959,0.39081279493997295,0.3699267590699637,0.09027285790696753
2022-01-31,0.15183381361130063,0.0,0.0,0.09169542823608817,0.15183381361130063,0.39059038075458835,0.3658803773980228,0.09169542823608817
2022-02-28,0.0,0.0,0.0,0.09153768740337308,0.15158804156724745,0.39547548880686095,0.3613987822225183,0.09153768740337308
2022-03-31,0.1550045732064951,0.0,0.0,0.09257461810878938,0.1550045732064951,0.3872249092900375,0.365195899394678,0.09257461810878938
2022-04-30,0.0,0.0,0.0,0.09831994669632264,0.15699674948103076,0.3838391565303788,0.36084414729226794,0.09831994669632264
2022-05-31,0.0,0.0,0.0,0.09803828685589094,0.15853812503149353,0.38872384175724806,0.3546997463553675,0.09803828685589094
2022-06-30,0.0,0.0,0.0,0.09707807365366021,0.15491301510680916,0.3923991626343262,0.35560974860520445,0.09707807365366021
2022-07-31,0.0,0.0,0.0,0.09916120627733975,0.1534868377957963,0.39114049130694806,0.35621146461991576,0.09916120627733975
2022-08-31,0.0,0.0,0.0,0.09869259623610734,0.15029936035491437,0.39778803337631796,0.3532200100326603,0.09869259623610734
2022-09-30,0.0,0.0,0.0,0.0,0.15265049290790733,0.3921878454300882,0.3519609904302992,0.10320067123170519
2022-10-31,0.0,0.0,0.0,0.0,0.15082780140602958,0.39171996601715725,0.3540230962659575,0.10342913631085576
2022-11-30,0.15514167499799147,0.0,0.0,0.0,0.15514167499799147,0.3899123742780559,0.348246304809397,0.10669964591455558
2022-12-31,0.0,0.0,0.0,0.0,0.15298238322574256,0.39011419003935455,0.34942256438987734,0.10748086234502549
2023-01-31,0.15111043329991325,0.0,0.34304970755213615,0.0,0.15111043329991325,0.39557674329270437,0.34304970755213615,0.11026311585524624
2023-02-28,0.15391897949473032,0.0,0.0,0.0,0.15391897949473032,0.3999766147850577,0.3353806215700235,0.11072378415018848
2023-03-31,0.15331666603706565,0.3743475924793419,0.340754888431276,0.0,0.15331666603706565,0.3743475924793419,0.340754888431276,0.13158085305231645
2023-04-30,0.15689384807002302,0.3599397192132987,0.35076585358844337,0.0,0.15689384807002302,0.3599397192132987,0.35076585358844337,0.1324005791282349
2023-05-31,0.15663339209958976,0.3560307752198275,0.3496137357890089,0.0,0.15663339209958976,0.3560307752198275,0.3496137357890089,0.1377220968915738
2023-06-30,0.15410132995743475,0.3545867975120748,0.35368994063432097,0.0,0.15410132995743475,0.3545867975120748,0.35368994063432097,0.1376219318961696
2023-07-31,0.1534602838970078,0.0,0.3615147859344918,0.13225459038956783,0.1534602838970078,0.3527703397789325,0.3615147859344918,0.13225459038956783
2023-08-31,0.155456773736699,0.0,0.3604337313256,0.13198363197489507,0.155456773736699,0.35212586296280585,0.3604337313256,0.13198363197489507
2023-09-30,0.1564184869469218,0.0,0.0,0.13548612882221703,0.1564184869469218,0.348429604746279,0.3596657794845823,0.13548612882221703
2023-10-31,0.0,0.0,0.0,0.13541678513659575,0.15722837535807627,0.3487587593963595,0.35859608010896854,0.13541678513659575
2023-11-30,0.1661439508051715,0.0,0.3489284921422236,0.14377216991272035,0.1661439508051715,0.3411553871398846,0.3489284921422236,0.14377216991272035
2023-12-31,0.171091721417917,0.3348907286416528,0.34636633290823426,0.0,0.171091721417917,0.3348907286416528,0.34636633290823426,0.147651217032196
2024-01-31,0.17109714654475566,0.3348325078278514,0.34631662630139426,0.14775371932599868,0.17109714654475566,0.3348325078278514,0.34631662630139426,0.14775371932599868
2024-02-29,0.16874509189755535,0.3345216011811901,0.34436256784521024,0.15237073907604434,0.16874509189755535,0.3345216011811901,0.34436256784521024,0.15237073907604434
2024-03-31,0.1690758105468326,0.3356897238957171,0.3431728113901843,0.15206165416726597,0.1690758105468326,0.3356897238957171,0.3431728113901843,0.15206165416726597
2024-04-30,0.1695004351059965,0.0,0.3426120724497873,0.15638657083151092,0.1695004351059965,0.3315009216127052,0.3426120724497873,0.15638657083151092
2024-05-31,0.1689189399391586,0.3318840003164398,0.34268065985362134,0.15651639989078026,0.1689189399391586,0.3318840003164398,0.34268065985362134,0.15651639989078026
2024-06-30,0.16787567782659155,0.3311027925993342,0.3443416551109396,0.1566798744631347,0.16787567782659155,0.3311027925993342,0.3443416551109396,0.1566798744631347
2024-07-31,0.16877191510316678,0.3323021879392525,0.34327697259267315,0.15564892436490768,0.16877191510316678,0.3323021879392525,0.34327697259267315,0.15564892436490768
2024-08-31,0.16986729884139928,0.330796938159479,0.3429395142826192,0.0,0.16986729884139928,0.330796938159479,0.3429395142826192,0.15639624871650243
2024-09-30,0.17202595985919464,0.3297577643738411,0.340164513728053,0.0,0.17202595985919464,0.3297577643738411,0.340164513728053,0.15805176203891133
2024-10-31,0.17644224968030436,0.3244599304125962,0.338197583390724,0.0,0.17644224968030436,0.3244599304125962,0.338197583390724,0.16090023651637547
2024-11-30,0.17263999425264587,0.32252471014420897,0.33424812901410583,0.0,0.17263999425264587,0.32252471014420897,0.33424812901410583,0.17058716658903922
2024-12-31,0.17320845956391187,0.0,0.33262439121994253,0.17507974202155568,0.17320845956391187,0.3190874071945898,0.33262439121994253,0.17507974202155568
2025-01-31,0.17233351903344626,0.0,0.3300215787133434,0.18452669265484675,0.17233351903344626,0.3131182095983636,0.3300215787133434,0.18452669265484675
2025-02-28,0.1726385340498269,0.30523702876577125,0.32866352376556657,0.1934609134188353,0.1726385340498269,0.30523702876577125,0.32866352376556657,0.1934609134188353
2025-03-31,0.0,0.3061872220653795,0.32549469921815716,0.20294141758443562,0.1653766611320277,0.3061872220653795,0.32549469921815716,0.20294141758443562
2025-04-30,0.0,0.30789495085654606,0.33364364425822074,0.0,0.16871395105710185,0.30789495085654606,0.33364364425822074,0.18974745382813135
2025-05-31,0.16580434165667102,0.3065957374447334,0.3335477937765425,0.0,0.16580434165667102,0.3065957374447334,0.3335477937765425,0.1940521271220531
2025-06-30,0.17159013691473865,0.30026096591783696,0.3316396094692779,0.19650928769814657,0.17159013691473865,0.30026096591783696,0.3316396094692779,0.19650928769814657
2025-07-31,0.17614250533512257,0.3007451776573536,0.3323194162272111,0.19079290078031275,0.17614250533512257,0.3007451776573536,0.3323194162272111,0.19079290078031275
2025-08-31,0.17656409275820922,0.30256680602844094,0.332645691760953,0.1882234094523968,0.17656409275820922,0.30256680602844094,0.332645691760953,0.1882234094523968
2025-09-30,0.17944009776428674,0.299055611845326,0.3373413579652071,0.18416293242518014,0.17944009776428674,0.299055611845326,0.3373413579652071,0.18416293242518014
2025-10-31,0.18268036652937092,0.29605403190802326,0.3332773424239119,0.18798825913869383,0.18268036652937092,0.29605403190802326,0.3332773424239119,0.18798825913869383
2025-11-30,0.1785769397738712,0.2947138995914667,0.3447597861776477,0.1819493744570144,0.1785769397738712,0.2947138995914667,0.3447597861776477,0.1819493744570144
