"Date","Price","Open","High","Low","Vol.","Change %"
"12/01/2025","3,887.3540","3,930.0491","4,026.9314","3,881.0737","","-1.04%"
"11/01/2025","3,928.0979","3,940.0583","4,009.9116","3,813.2268","","-0.07%"
"10/01/2025","3,931.0439","3,880.5007","3,972.9976","3,786.8433","","1.35%"
"09/01/2025","3,878.6819","3,858.9233","3,973.6194","3,804.3225","","0.65%"
"08/01/2025","3,853.7100","3,862.0476","3,870.9524","3,708.0847","","-0.20%"
"07/01/2025","3,861.5911","3,728.8203","3,901.9863","3,715.8098","","3.62%"
"06/01/2025","3,726.8540","3,570.3711","4,053.2825","3,570.3711","","4.48%"
"05/01/2025","3,567.0791","3,508.4141","3,683.7500","3,459.9082","","1.59%"
"04/01/2025","3,511.2380","3,835.2944","3,863.1370","3,327.9988","","-8.43%"
"03/01/2025","3,834.6809","3,734.7429","3,837.9421","3,651.5964","","2.90%"
"02/01/2025","3,726.4561","3,820.8877","3,906.0369","3,723.5979","","-1.34%"
"01/01/2025","3,777.2300","3,661.2800","3,918.4800","3,659.2500","","3.32%"
"12/01/2024","3,655.9900","3,534.4700","3,668.7300","3,505.2000","","3.28%"
"11/01/2024","3,539.9529","3,551.6289","3,635.5381","3,464.9150","","0.06%"
"10/01/2024","3,537.7939","3,521.9392","3,753.8806","3,474.9973","","0.45%"
"09/01/2024","3,521.7700","3,526.5923","3,594.7634","3,307.0166","","-0.08%"
"08/01/2024","3,524.6289","3,587.1953","3,615.7498","3,396.1538","","-1.72%"
"07/01/2024","3,586.4319","3,719.0835","3,810.0049","3,497.0564","","-3.52%"
"06/01/2024","3,717.3931","3,664.0203","3,762.9419","3,555.3467","","1.43%"
"05/01/2024","3,665.0950","3,730.5828","3,806.3679","3,634.4856","","-1.90%"
"04/01/2024","3,736.1379","3,696.8591","3,857.4446","3,678.0862","","1.16%"
"03/01/2024","3,693.3279","3,526.8733","3,696.5608","3,516.7322","","4.73%"
"02/01/2024","3,526.5400","3,496.0854","3,553.4756","3,378.5801","","0.87%"
"01/01/2024","3,496.0569","3,348.5537","3,564.9241","3,287.3350","","4.47%"
"12/01/2023","3,346.5840","3,461.9087","3,479.7397","3,218.9790","","-3.31%"
"11/01/2023","3,461.1140","3,596.8967","3,668.3281","3,389.3711","","-3.64%"
"10/01/2023","3,592.0391","3,750.2849","3,776.9304","3,515.7913","","-4.18%"
"09/01/2023","3,748.9221","3,601.2598","3,832.8943","3,599.6814","","4.12%"
"08/01/2023","3,600.7219","3,579.4653","3,640.7131","3,471.5005","","0.60%"
"07/01/2023","3,579.3579","3,231.2246","3,581.4109","3,209.1013","","10.74%"
"06/01/2023","3,232.3459","3,096.8569","3,345.6731","3,086.5818","","4.39%"
"05/01/2023","3,096.3979","3,299.1667","3,299.1667","3,057.8274","","-6.11%"
"04/01/2023","3,297.8059","3,417.9290","3,487.7583","3,222.3801","","-0.76%"
"03/01/2023","3,323.0129","3,355.7002","3,450.9680","3,062.2156","","-1.07%"
"02/01/2023","3,359.0801","3,493.1565","3,509.0205","3,256.1279","","-3.83%"
"01/01/2023","3,492.7080","3,500.1616","3,582.2117","3,263.9661","","-0.09%"
"12/01/2022","3,495.7649","3,549.2314","3,610.4189","3,249.9387","","-1.38%"
"11/01/2022","3,544.6770","3,602.9102","3,809.3491","3,372.3755","","-1.71%"
"10/01/2022","3,606.1790","3,403.6338","3,759.5632","3,403.6338","","6.70%"
"09/01/2022","3,379.5811","3,665.5442","3,682.9475","3,290.0825","","-7.80%"
"08/01/2022","3,665.5381","3,767.0715","3,869.6929","3,481.0513","","-2.68%"
"07/01/2022","3,766.4241","3,768.2007","3,882.4829","3,436.9077","","-0.04%"
"06/01/2022","3,768.0171","4,083.9351","4,319.5518","3,768.0171","","-7.64%"
"05/01/2022","4,079.8479","3,880.4614","4,219.2715","3,713.4624","","5.07%"
"04/01/2022","3,882.9910","3,693.9392","4,022.3594","3,580.0479","","5.12%"
"03/01/2022","3,693.8770","3,371.7695","4,310.0200","3,371.7695","","9.63%"
"02/01/2022","3,369.3010","3,099.4851","3,504.2737","3,073.5332","","8.77%"
"01/01/2022","3,097.5291","2,780.1526","3,120.3398","2,761.3740","","11.63%"
"12/01/2021","2,774.7261","2,585.5637","2,832.9387","2,512.3191","","7.59%"
"11/01/2021","2,578.9380","2,891.8528","2,924.5183","2,549.1372","","-10.82%"
"10/01/2021","2,891.9509","2,733.4263","2,949.1587","2,720.6541","","5.80%"
"09/01/2021","2,733.4890","2,577.8958","2,769.8486","2,545.5703","","6.03%"
"08/01/2021","2,577.9529","2,637.6548","2,639.2898","2,414.7678","","-2.30%"
"07/01/2021","2,638.6890","2,597.9036","2,663.4087","2,458.0295","","1.57%"
"06/01/2021","2,597.7930","2,496.6621","2,608.3899","2,483.0210","","4.29%"
"05/01/2021","2,490.8621","2,430.2524","2,545.7837","2,395.7883","","2.52%"
"04/01/2021","2,429.5950","2,244.4287","2,458.9890","2,213.7246","","8.23%"
"03/01/2021","2,244.8320","2,309.1448","2,408.9534","2,200.9939","","-2.15%"
"02/01/2021","2,294.2510","2,077.8865","2,371.8169","2,075.4233","","10.58%"
"01/01/2021","2,074.6980","1,978.9222","2,113.1072","1,962.7363","","4.94%"
"12/01/2020","1,976.9550","1,866.2725","1,978.1934","1,842.0295","","5.97%"
"11/01/2020","1,865.5670","1,633.1421","1,884.2472","1,627.6233","","12.04%"
"10/01/2020","1,665.0820","1,726.2736","1,785.4669","1,637.0370","","-3.57%"
"09/01/2020","1,726.8101","1,792.3976","1,814.0826","1,659.7554","","-3.64%"
"08/01/2020","1,792.0280","1,716.0448","1,816.6423","1,701.0416","","4.59%"
"07/01/2020","1,713.4640","1,654.5015","1,746.1290","1,646.9144","","3.80%"
"06/01/2020","1,650.7900","1,570.0883","1,693.1338","1,547.9086","","5.09%"
"05/01/2020","1,570.8240","1,358.5692","1,575.0006","1,322.1621","","16.37%"
"04/01/2020","1,349.8170","1,490.5623","1,657.6578","1,193.3733","","-9.67%"
"03/01/2020","1,494.3430","2,116.0393","2,235.9104","1,458.6465","","-29.43%"
"02/01/2020","2,117.3940","2,300.1926","2,400.9656","2,091.7515","","-8.39%"
"01/01/2020","2,311.2939","2,595.2949","2,693.5342","2,299.6270","","-10.82%"
"12/01/2019","2,591.8611","2,429.6851","2,634.1223","2,419.7183","","6.99%"
"11/01/2019","2,422.5730","2,423.2712","2,518.4629","2,411.7209","","-0.01%"
"10/01/2019","2,422.8760","2,393.9861","2,482.5522","2,194.6931","","1.24%"
"09/01/2019","2,393.0901","2,352.9175","2,591.8943","2,301.5706","","1.75%"
"08/01/2019","2,351.9509","2,483.0564","2,483.0564","2,278.1895","","-5.62%"
"07/01/2019","2,492.0759","2,514.6750","2,572.5835","2,420.3232","","-0.21%"
"06/01/2019","2,497.3650","2,392.0374","2,540.5879","2,316.3545","","4.43%"
"05/01/2019","2,391.4150","2,604.9995","2,623.9392","2,387.0146","","-8.21%"
"04/01/2019","2,605.4089","2,536.1389","2,675.1494","2,536.0298","","2.85%"
"03/01/2019","2,533.2329","2,493.0242","2,569.7654","2,424.6882","","1.61%"
"02/01/2019","2,493.1140","2,401.6938","2,522.4578","2,362.1233","","3.81%"
"01/01/2019","2,401.5349","2,209.3081","2,443.8403","2,175.8120","","8.99%"
"12/01/2018","2,203.4690","2,407.0339","2,485.7205","2,153.4285","","-7.75%"
"11/01/2018","2,388.6331","2,689.0525","2,701.7556","2,350.8286","","-11.28%"
"10/01/2018","2,692.3560","2,861.8689","2,966.8569","2,686.5105","","-5.84%"
"09/01/2018","2,859.4431","2,754.7922","2,871.8950","2,681.3894","","3.93%"
"08/01/2018","2,751.3501","2,722.0674","2,766.4109","2,600.2256","","1.08%"
"07/01/2018","2,722.0249","2,815.1438","2,816.5398","2,623.2961","","-3.53%"
"06/01/2018","2,821.6460","2,785.2771","2,827.5859","2,647.1531","","1.36%"
"05/01/2018","2,783.9180","2,744.3423","2,878.3281","2,706.3918","","1.45%"
"04/01/2018","2,744.2019","2,614.6865","2,765.5171","2,534.5759","","5.04%"
"03/01/2018","2,612.6030","2,555.9419","2,640.1045","2,516.9373","","2.22%"
"02/01/2018","2,555.8230","2,645.6597","2,677.2842","2,451.6699","","-3.34%"
"01/01/2018","2,644.1270","2,558.6177","2,697.1909","2,551.9209","","3.42%"
"12/01/2017","2,556.7080","2,449.6736","2,561.9138","2,388.4436","","4.41%"
"11/01/2017","2,448.6631","2,416.5017","2,504.5894","2,403.8923","","1.38%"
"10/01/2017","2,415.2820","2,326.3560","2,421.0610","2,273.1519","","3.82%"
"09/01/2017","2,326.4561","2,249.7759","2,365.9690","2,233.9900","","3.32%"
"08/01/2017","2,251.6650","2,270.3301","2,280.2258","2,168.4524","","-0.78%"
"07/01/2017","2,269.2939","2,169.9941","2,271.7312","2,118.5098","","4.58%"
"06/01/2017","2,169.8130","2,213.2307","2,230.3843","2,045.2152","","-1.92%"
"05/01/2017","2,212.3279","2,247.2766","2,312.0974","2,119.4514","","-1.54%"
"04/01/2017","2,246.8459","2,295.3718","2,369.0916","2,213.9075","","-2.11%"
"03/01/2017","2,295.1870","2,388.1687","2,407.4565","2,210.1118","","-3.91%"
"02/01/2017","2,388.6951","2,383.0559","2,433.6921","2,358.9883","","0.23%"
"01/01/2017","2,383.1570","2,417.4082","2,451.3989","2,347.3345","","-1.41%"
"12/01/2016","2,417.3110","2,304.3884","2,443.5945","2,302.3262","","4.72%"
"11/01/2016","2,308.4600","2,267.7317","2,321.1331","2,118.0090","","2.53%"
"10/01/2016","2,251.3879","2,284.9097","2,377.8125","2,248.0447","","-1.50%"
"09/01/2016","2,285.6079","2,196.5176","2,293.9126","2,150.6489","","4.14%"
"08/01/2016","2,194.6479","2,151.5559","2,344.4790","2,092.9961","","1.77%"
"07/01/2016","2,156.4980","2,388.5388","2,403.1169","2,117.4639","","-9.57%"
"06/01/2016","2,384.6609","2,377.5083","2,509.4526","2,311.0864","","0.08%"
"05/01/2016","2,382.7510","2,325.0034","2,408.7888","2,204.1028","","2.22%"
"04/01/2016","2,331.0449","2,113.6765","2,350.8567","2,022.7810","","10.14%"
"03/01/2016","2,116.4360","2,017.1981","2,229.8787","1,998.6553","","4.93%"
"02/01/2016","2,016.9890","2,047.5879","2,059.6675","1,868.7585","","-2.01%"
"01/01/2016","2,058.3779","2,181.2742","2,211.5542","1,837.4078","","-5.17%"
"12/01/2015","2,170.6150","2,377.3235","2,397.1980","2,114.0447","","-8.63%"
"11/01/2015","2,375.6211","2,605.5925","2,658.9922","2,342.5857","","-8.97%"
"10/01/2015","2,609.5959","2,614.4646","2,783.7134","2,511.6682","","0.23%"
"09/01/2015","2,603.6221","2,779.5022","2,779.5022","2,566.0752","","-6.33%"
"08/01/2015","2,779.4680","2,767.5317","2,783.1489","2,439.2336","","0.30%"
"07/01/2015","2,771.1670","3,214.8225","3,217.1843","2,761.4929","","-14.10%"
"06/01/2015","3,226.1169","3,224.0049","3,299.5518","3,116.2024","","-0.11%"
"05/01/2015","3,229.7429","3,295.9114","3,392.4817","3,119.2085","","-1.99%"
"04/01/2015","3,295.2190","2,964.3303","3,298.0945","2,957.7705","","11.06%"
"03/01/2015","2,967.1211","3,184.7114","3,184.7947","2,866.1213","","-6.81%"
"02/01/2015","3,183.7920","2,990.7542","3,239.2842","2,950.7031","","6.47%"
"01/01/2015","2,990.4519","3,232.9639","3,259.4160","2,856.0955","","-7.50%"
"12/01/2014","3,232.7981","3,719.8418","3,836.8711","3,209.3877","","-13.63%"
"11/01/2014","3,742.9800","4,201.1719","4,224.4409","3,734.9812","","-10.92%"
"10/01/2014","4,201.8379","4,472.2583","4,517.9370","4,103.6563","","-5.98%"
"09/01/2014","4,469.2671","4,751.7065","4,751.7065","4,460.9175","","-6.02%"
"08/01/2014","4,755.7451","4,832.1167","4,848.9629","4,654.9155","","-1.64%"
"07/01/2014","4,835.0171","5,106.2261","5,115.8457","4,828.3330","","-5.30%"
"06/01/2014","5,105.4639","4,996.4580","5,213.7236","4,950.4355","","2.12%"
"05/01/2014","4,999.6182","5,006.8257","5,085.0229","4,963.3960","","-0.18%"
"04/01/2014","5,008.4048","4,969.8433","5,092.3911","4,861.5830","","0.74%"
"03/01/2014","4,971.5352","4,969.4941","5,070.2539","4,876.4336","","0.14%"
"02/01/2014","4,964.5962","4,747.5581","5,003.8301","4,715.1938","","4.51%"
"01/01/2014","4,750.4351","4,833.1001","4,850.3999","4,615.0000","","-1.64%"
"12/01/2013","4,829.4668","4,742.8999","4,908.0000","4,725.0000","","1.93%"
"11/01/2013","4,738.1450","4,775.5000","4,789.5000","4,630.6001","","-0.78%"
"10/01/2013","4,775.3721","4,845.6001","4,940.7998","4,755.8999","","-1.44%"
"09/01/2013","4,845.2832","5,018.3999","5,074.6001","4,813.7002","","-3.39%"
"08/01/2013","5,015.3872","4,854.2998","5,155.7998","4,742.6001","","3.38%"
"07/01/2013","4,851.5962","4,623.8999","4,969.5000","4,609.2002","","4.91%"
"06/01/2013","4,624.3672","4,615.6001","4,821.7002","4,573.5000","","0.23%"
"05/01/2013","4,613.5908","4,658.2998","4,769.8999","4,560.3999","","-1.49%"
"04/01/2013","4,683.3311","4,900.2998","4,922.7002","4,472.8999","","-4.73%"
"03/01/2013","4,915.8550","4,869.6001","4,947.1001","4,800.7998","","0.77%"
"02/01/2013","4,878.3081","5,106.3999","5,148.5000","4,865.1001","","-4.39%"
"01/01/2013","5,102.0459","4,909.2998","5,115.2998","4,857.0000","","4.36%"
"12/01/2012","4,889.0098","4,936.6001","4,974.3999","4,763.3999","","-0.65%"
"11/01/2012","4,920.9150","4,845.6001","4,938.2002","4,733.1001","","1.48%"
"10/01/2012","4,849.2910","5,040.1001","5,131.1001","4,813.7998","","-4.07%"
"09/01/2012","5,054.8081","5,172.6001","5,309.0000","4,910.3999","","-1.42%"
"08/01/2012","5,127.7368","4,812.1001","5,183.2002","4,766.3999","","6.37%"
"07/01/2012","4,820.8789","4,510.2998","4,965.5000","4,463.7998","","6.37%"
"06/01/2012","4,532.0298","4,471.2002","4,541.5000","4,200.1001","","1.20%"
"05/01/2012","4,478.2300","5,141.1001","5,177.3999","4,465.6001","","-12.98%"
"04/01/2012","5,146.0889","5,191.7002","5,273.2002","5,019.0000","","-0.51%"
"03/01/2012","5,172.6392","5,296.6001","5,402.2002","5,113.8999","","-2.35%"
"02/01/2012","5,297.1348","5,005.7998","5,389.5000","4,941.2998","","6.06%"
"01/01/2012","4,994.3071","4,929.7002","5,101.8999","4,895.7002","","2.23%"
"12/01/2011","4,885.2559","4,996.7998","5,053.8999","4,646.3999","","-2.11%"
"11/01/2011","4,990.4268","4,914.2002","5,112.2998","4,769.0000","","1.42%"
"10/01/2011","4,920.7222","4,457.8999","5,011.0000","4,346.6001","","9.75%"
"09/01/2011","4,483.7290","5,111.1001","5,119.5000","4,428.2002","","-12.17%"
"08/01/2011","5,104.9380","5,255.7002","5,307.5000","4,652.2910","","-1.84%"
"07/01/2011","5,200.8740","5,038.7998","5,342.0000","4,983.5000","","2.43%"
"06/01/2011","5,077.2490","5,374.2998","5,401.8999","4,822.2998","","-5.31%"
"05/01/2011","5,361.7080","5,736.0000","5,780.1001","4,998.1001","","-6.89%"
"04/01/2011","5,758.3691","5,531.2002","5,788.1001","5,504.6001","","4.41%"
"03/01/2011","5,515.0601","5,291.1001","5,590.3999","5,080.5000","","4.35%"
"02/01/2011","5,285.0830","5,087.5000","5,425.1001","4,942.8999","","3.75%"
"01/01/2011","5,094.2749","4,969.1001","5,112.6001","4,757.7002","","3.05%"
"12/01/2010","4,943.4141","4,528.1001","4,958.7002","4,515.2998","","9.40%"
"11/01/2010","4,518.5518","4,495.3999","4,792.2002","4,268.0000","","1.08%"
"10/01/2010","4,470.1641","4,369.2998","4,579.1001","4,349.6001","","2.56%"
"09/01/2010","4,358.7212","4,025.1001","4,366.1001","4,018.2000","","8.49%"
"08/01/2010","4,017.6919","4,285.6001","4,426.2002","3,941.3000","","-5.52%"
"07/01/2010","4,252.6411","3,979.0000","4,252.6411","3,893.3000","","5.63%"
"06/01/2010","4,025.9729","3,962.5000","4,229.6001","3,849.8000","","0.42%"
"05/01/2010","4,009.2471","4,612.8999","4,667.1001","3,765.8999","","-13.19%"
"04/01/2010","4,618.3740","4,532.7002","4,662.3999","4,461.7002","","2.77%"
"03/01/2010","4,493.6748","4,448.0000","4,521.2002","4,332.6001","","1.94%"
"02/01/2010","4,408.3560","4,180.2002","4,468.8999","4,018.2000","","5.56%"
"01/01/2010","4,176.2241","4,611.2002","4,743.8999","4,158.7002","","-7.89%"
"12/01/2009","4,534.1689","4,522.3999","4,576.0000","4,199.0000","","0.86%"
"11/01/2009","4,495.3149","4,459.2002","4,617.6001","4,299.2998","","1.52%"
"10/01/2009","4,427.8198","4,163.1001","4,797.2998","4,046.3000","","5.87%"
"09/01/2009","4,182.2090","4,199.2002","4,306.7998","3,956.2000","","0.17%"
"08/01/2009","4,175.0010","4,336.5000","4,465.7998","4,095.8999","","-2.36%"
"07/01/2009","4,276.1001","4,299.7002","4,356.1001","3,731.8999","","0.44%"
"06/01/2009","4,257.2368","4,307.2002","4,541.6001","4,023.7000","","0.57%"
"05/01/2009","4,233.0620","3,525.0000","4,246.8999","3,515.3999","","19.67%"
"04/01/2009","3,537.4221","3,517.3000","3,792.7000","3,378.0000","","-0.92%"
"03/01/2009","3,570.2200","3,349.8000","3,820.8000","3,175.8999","","4.51%"
"02/01/2009","3,416.3000","3,603.1001","3,724.6001","3,104.6001","","-6.10%"
"01/01/2009","3,638.2490","3,873.1001","4,393.8999","3,526.3000","","-8.94%"
"12/01/2008","3,995.3921","4,509.6001","4,511.3999","3,523.8000","","-13.32%"
"11/01/2008","4,609.3389","5,391.3999","5,722.0000","4,282.3999","","-14.84%"
"10/01/2008","5,412.6138","7,538.2998","7,685.2998","4,977.5000","","-28.20%"
"09/01/2008","7,538.3081","8,074.1001","9,222.1992","7,125.8999","","-12.44%"
"08/01/2008","8,609.5000","9,196.0996","9,499.5996","8,373.5000","","-7.10%"
"07/01/2008","9,267.7158","10,646.2998","10,941.6992","9,069.5000","","-12.23%"
"06/01/2008","10,558.6504","9,610.1992","10,804.7998","9,403.2998","","9.22%"
"05/01/2008","9,667.6299","8,913.5391","10,176.3994","8,615.9785","","9.10%"
"04/01/2008","8,860.9346","8,117.7300","9,223.3691","8,045.4302","","7.96%"
"03/01/2008","8,207.2617","8,322.2100","8,861.2285","7,964.0601","","-1.17%"
"02/01/2008","8,304.7744","7,445.5698","8,385.1396","7,240.7598","","11.26%"
"01/01/2008","7,464.3970","7,515.1299","7,780.0801","7,061.3999","","-0.03%"
"12/01/2007","7,466.2998","7,039.3101","7,571.9302","6,907.9502","","5.77%"
"11/01/2007","7,059.3130","7,381.1699","7,614.0298","7,047.8198","","-3.70%"
"10/01/2007","7,330.3350","6,712.5098","7,342.6099","6,432.2002","","9.61%"
"09/01/2007","6,687.8389","6,089.9102","6,797.2300","6,040.9902","","10.23%"
"08/01/2007","6,067.3979","6,316.8799","6,355.0801","5,781.5801","","-4.19%"
"07/01/2007","6,332.5308","6,014.5298","6,341.0200","5,952.1201","","5.55%"
"06/01/2007","5,999.7842","5,829.3501","6,113.3301","5,794.8901","","3.22%"
"05/01/2007","5,812.5469","5,861.6060","5,969.9600","5,664.8301","","-1.55%"
"04/01/2007","5,904.2632","5,910.9648","5,941.9531","5,763.0879","","-0.28%"
"03/01/2007","5,920.5469","5,736.1240","5,920.5469","5,511.9331","","3.23%"
"02/01/2007","5,735.0581","5,439.2002","5,764.9600","5,432.6572","","4.30%"
"01/01/2007","5,498.7749","5,611.0669","5,611.0669","5,044.7788","","-2.29%"
"12/01/2006","5,627.6411","6,043.5771","6,043.5771","5,592.4580","","-7.12%"
"11/01/2006","6,058.9072","5,746.8291","6,058.9072","5,667.8442","","5.53%"
"10/01/2006","5,741.5112","5,786.7041","5,974.3481","5,642.9419","","-2.57%"
"09/01/2006","5,892.8550","6,503.1982","6,503.1982","5,749.3101","","-10.71%"
"08/01/2006","6,599.4170","7,119.2910","7,223.2759","6,575.8071","","-7.26%"
"07/01/2006","7,115.8491","6,989.7012","7,261.3062","6,903.4722","","2.01%"
"06/01/2006","6,975.9658","6,849.0732","7,007.9229","6,604.6279","","1.16%"
"05/01/2006","6,895.8062","7,087.1841","7,254.0889","6,746.1528","","-0.77%"
"04/01/2006","6,949.2900","6,577.1162","7,255.8818","6,519.9038","","6.33%"
"03/01/2006","6,535.3760","6,254.7632","6,606.2959","6,108.0552","","5.13%"
"02/01/2006","6,216.4468","6,785.4829","6,785.4829","6,051.2900","","-10.10%"
"01/01/2006","6,915.1841","6,729.9888","6,956.2090","6,597.7930","","4.33%"
"12/01/2005","6,627.9229","6,590.9722","7,011.4678","6,400.0020","","2.87%"
"11/01/2005","6,443.1001","6,672.6558","6,781.9609","6,315.9502","","-3.85%"
"10/01/2005","6,700.9380","7,433.8350","7,433.8350","6,700.9380","","-10.33%"
"09/01/2005","7,472.4790","7,634.1250","7,634.1250","6,918.3550","","0.02%"
"08/01/2005","7,471.1382","6,598.7598","7,509.2280","6,571.6382","","15.14%"
"07/01/2005","6,488.5469","6,328.2461","6,615.4600","6,184.7861","","5.50%"
"06/01/2005","6,150.5552","6,044.8188","6,457.2539","5,974.4092","","5.80%"
"05/01/2005","5,813.6431","5,915.2241","5,944.0342","5,581.7100","","-0.73%"
"04/01/2005","5,856.5620","6,573.7349","6,573.7349","5,856.5620","","-9.05%"
"03/01/2005","6,439.3818","5,974.3101","6,460.2769","5,974.3101","","7.56%"
"02/01/2005","5,986.8218","5,557.0791","5,986.8218","5,354.4580","","6.23%"
"01/01/2005","5,635.9180","5,173.2539","5,747.4600","5,173.2539","","6.76%"
"12/01/2004","5,278.9771","5,592.7388","5,648.8149","5,164.6982","","-9.99%"
"11/01/2004","5,864.7852","6,019.8848","6,077.7339","5,654.9468","","-4.84%"
"10/01/2004","6,162.9058","5,945.2002","6,473.3169","5,909.2368","","4.15%"
"09/01/2004","5,917.4331","5,400.4600","5,917.4331","5,252.3418","","12.61%"
"08/01/2004","5,254.6191","5,440.5640","5,722.2109","5,254.6191","","-3.88%"
"07/01/2004","5,466.8989","5,213.5928","5,466.8989","5,195.3872","","7.75%"
"06/01/2004","5,073.5630","5,575.0181","5,575.0181","4,966.7690","","-4.70%"
"05/01/2004","5,323.7798","5,184.1348","5,490.4009","5,184.1348","","4.63%"
"04/01/2004","5,088.3481","4,858.1299","5,096.4458","4,828.7949","","2.76%"
"03/01/2004","4,951.7788","4,929.9810","5,032.8550","4,766.0752","","2.01%"
"02/01/2004","4,854.2280","4,631.3799","4,854.2280","4,461.2280","","7.42%"
"01/01/2004","4,518.9072","4,520.7021","4,786.4512","4,511.5601","","0.39%"
"12/01/2003","4,501.2700","4,256.7700","4,692.3398","4,256.7700","","6.24%"
"11/01/2003","4,236.6899","4,081.7319","4,415.0498","4,070.2981","","2.56%"
"10/01/2003","4,130.9790","4,053.6421","4,378.7749","4,053.6421","","2.19%"
"09/01/2003","4,042.4160","4,036.2251","4,081.7251","3,844.4041","","-4.08%"
"08/01/2003","4,214.5352","4,199.5449","4,273.7729","4,134.1758","","4.09%"
"07/01/2003","4,049.0730","4,031.1521","4,113.2642","3,950.2839","","0.71%"
"06/01/2003","4,020.4409","4,104.0859","4,176.3989","3,926.7900","","0.22%"
"05/01/2003","4,011.6370","3,665.5371","4,011.6370","3,632.0911","","9.59%"
"04/01/2003","3,660.6641","3,817.5481","3,906.3501","3,608.7590","","-6.14%"
"03/01/2003","3,900.0139","4,434.8018","4,552.4072","3,668.8740","","-14.41%"
"02/01/2003","4,556.6831","4,032.3630","4,556.6831","4,032.3630","","12.12%"
"01/01/2003","4,064.0171","3,819.3821","4,075.0581","3,744.5710","","8.99%"
"12/01/2002","3,728.7571","3,476.9810","3,864.6699","3,421.9209","","8.53%"
"11/01/2002","3,435.6631","3,438.3669","3,449.0610","3,229.6709","","-0.22%"
"10/01/2002","3,443.1370","3,639.0620","3,639.0620","3,411.2190","","-4.72%"
"09/01/2002","3,613.6479","3,367.5911","3,629.2729","3,367.5911","","4.57%"
"08/01/2002","3,455.8350","3,208.9500","3,485.8640","3,191.5959","","6.05%"
"07/01/2002","3,258.7480","3,256.9919","3,319.7000","3,180.5110","","0.58%"
"06/01/2002","3,240.0149","3,128.4641","3,240.0149","3,045.5039","","3.42%"
"05/01/2002","3,132.9490","3,230.2361","3,389.4370","3,085.4910","","-4.35%"
"04/01/2002","3,275.4709","3,294.5559","3,383.1201","2,989.6460","","1.11%"
"03/01/2002","3,239.6060","2,915.8940","3,239.6060","2,915.8940","","13.48%"
"02/01/2002","2,854.7371","2,804.8159","2,867.5691","2,744.5200","","4.37%"
"01/01/2002","2,735.2620","2,891.2681","2,929.8730","2,695.5349","","-3.12%"
"12/01/2001","2,823.3469","2,889.0320","2,916.2161","2,729.8030","","-1.33%"
"11/01/2001","2,861.2759","2,966.4470","3,059.6079","2,730.6819","","-5.37%"
"10/01/2001","3,023.6721","3,163.5769","3,170.4880","2,997.6960","","-5.04%"
"09/01/2001","3,184.2380","3,549.4170","3,767.1169","3,091.3291","","-10.96%"
"08/01/2001","3,576.0310","3,538.9150","3,640.7109","3,527.9861","","0.96%"
"07/01/2001","3,542.1650","3,508.5979","3,645.6970","3,445.5171","","0.24%"
"06/01/2001","3,533.7090","3,795.9600","3,890.3611","3,495.5359","","-7.23%"
"05/01/2001","3,809.2781","3,951.3250","3,978.6431","3,809.2781","","-2.85%"
"04/01/2001","3,920.9651","3,688.7290","4,024.9299","3,688.7290","","5.37%"
"03/01/2001","3,721.1340","3,887.7261","4,006.5359","3,721.1340","","-3.92%"
"02/01/2001","3,872.9260","4,071.3950","4,205.2749","3,872.9260","","-1.40%"
"01/01/2001","3,927.7520","4,022.4309","4,208.5708","3,927.7520","","-5.31%"
"12/01/2000","4,147.9009","4,129.4141","4,245.4858","3,929.4031","","-2.06%"
"11/01/2000","4,235.2192","3,922.4460","4,338.4849","3,895.3950","","9.22%"
"10/01/2000","3,877.8601","3,969.7329","4,266.1528","3,860.4160","","0.23%"
"09/01/2000","3,869.1431","3,938.1460","4,161.6919","3,828.5020","","-1.37%"
"08/01/2000","3,922.8479","3,431.4189","3,927.2310","3,431.4189","","15.41%"
"07/01/2000","3,399.0920","3,678.7319","3,678.7319","3,399.0920","","-7.68%"
"06/01/2000","3,681.8501","3,483.5439","3,714.3530","3,460.3091","","7.13%"
"05/01/2000","3,436.9131","3,126.4741","3,523.0459","3,126.4741","","11.20%"
"04/01/2000","3,090.8201","3,087.4800","3,116.2371","2,919.5759","","-0.91%"
"03/01/2000","3,119.2339","3,251.4160","3,387.0940","3,073.6350","","-1.16%"
"02/01/2000","3,155.8630","3,013.5190","3,155.8630","2,976.1411","","6.25%"
"01/01/2000","2,970.2930","2,766.7710","3,005.5630","2,689.9790","","7.23%"
"12/01/1999","2,770.0049","2,676.5691","2,811.9541","2,676.5691","","4.22%"
"11/01/1999","2,657.7480","2,586.5830","2,784.2681","2,575.5220","","4.05%"
"10/01/1999","2,554.3870","2,693.7859","2,693.7859","2,475.7849","","-5.16%"
"09/01/1999","2,693.2830","2,552.6641","2,719.9951","2,510.7271","","5.30%"
"08/01/1999","2,557.6250","2,419.0500","2,557.6250","2,415.3601","","7.04%"
"07/01/1999","2,389.4519","2,296.9551","2,409.3469","2,283.1851","","3.59%"
"06/01/1999","2,306.7019","2,136.6990","2,306.7019","2,136.6990","","6.43%"
"05/01/1999","2,167.3081","2,302.5911","2,314.6050","2,165.5090","","-5.46%"
"04/01/1999","2,292.4021","2,186.3020","2,292.4021","2,133.2280","","4.13%"
"03/01/1999","2,201.4241","1,888.2340","2,206.3000","1,888.2340","","16.89%"
"02/01/1999","1,883.2870","1,948.9590","1,955.8080","1,869.3140","","-4.61%"
"01/01/1999","1,974.2280","1,992.3250","2,067.3540","1,928.2469","","0.44%"
"12/01/1998","1,965.6479","1,995.1200","2,020.0580","1,902.2030","","-1.72%"
"11/01/1998","2,000.0720","2,274.3550","2,274.3550","2,000.0720","","-12.17%"
"10/01/1998","2,277.1421","2,342.9980","2,367.2380","2,250.4319","","-4.69%"
"09/01/1998","2,389.2200","2,205.8350","2,389.2200","2,197.3540","","10.22%"
"08/01/1998","2,167.6699","2,266.3840","2,306.7939","2,167.6699","","-5.90%"
"07/01/1998","2,303.6230","2,496.6101","2,496.6101","2,303.6230","","-7.86%"
"06/01/1998","2,500.1560","2,574.1399","2,574.1399","2,402.6179","","-3.55%"
"05/01/1998","2,592.0591","2,764.2600","2,764.2600","2,561.8589","","-4.72%"
"04/01/1998","2,720.4021","2,775.4709","2,804.9121","2,719.6960","","-2.73%"
"03/01/1998","2,796.6599","2,809.9409","2,864.6931","2,646.6011","","-0.52%"
"02/01/1998","2,811.2610","3,007.5859","3,007.5859","2,782.3899","","-6.60%"
"01/01/1998","3,009.8650","3,019.3879","3,054.3789","2,897.2939","","-1.61%"
"12/01/1997","3,059.1699","3,294.2361","3,294.2361","3,059.1699","","-6.76%"
"11/01/1997","3,280.8750","3,597.1750","3,597.1750","3,280.8750","","-9.86%"
"10/01/1997","3,639.7339","3,537.3760","3,695.4771","3,526.5110","","2.75%"
"09/01/1997","3,542.2771","3,487.7009","3,576.6621","3,404.9341","","2.53%"
"08/01/1997","3,454.8921","3,409.3330","3,471.7080","3,367.8989","","2.53%"
"07/01/1997","3,369.6709","3,244.6831","3,369.6709","3,169.9780","","4.10%"
"06/01/1997","3,237.0510","3,391.4661","3,391.4661","3,189.2351","","-5.41%"
"05/01/1997","3,422.1941","3,398.7561","3,511.7410","3,352.4871","","0.72%"
"04/01/1997","3,397.8911","3,303.0969","3,397.8911","3,221.5100","","2.31%"
"03/01/1997","3,321.0620","3,267.6121","3,382.7610","3,267.6121","","1.69%"
"02/01/1997","3,265.9729","3,490.6499","3,516.7900","3,261.9990","","-6.89%"
"01/01/1997","3,507.7930","3,591.1499","3,788.2891","3,507.7930","","-1.47%"
"12/01/1996","3,560.1270","3,525.7749","3,771.4951","3,470.5481","","0.96%"
"11/01/1996","3,526.1201","3,237.0720","3,541.1731","3,214.5869","","8.32%"
"10/01/1996","3,255.2271","3,249.3459","3,392.5891","3,247.2690","","-0.25%"
"09/01/1996","3,263.3049","3,194.5500","3,277.2429","3,162.6069","","3.55%"
"08/01/1996","3,151.5339","3,117.9131","3,235.8611","3,090.9641","","3.22%"
"07/01/1996","3,053.2090","3,221.7700","3,302.1521","3,018.8999","","-4.73%"
"06/01/1996","3,204.8770","3,081.2251","3,204.8770","3,030.0410","","3.88%"
"05/01/1996","3,085.1799","3,120.0110","3,203.6050","3,085.1799","","-0.79%"
"04/01/1996","3,109.7361","2,977.9861","3,200.0259","2,977.9861","","5.77%"
"03/01/1996","2,940.0049","2,730.2339","2,973.3999","2,721.9541","","6.50%"
"02/01/1996","2,760.5581","2,629.1890","2,781.1331","2,557.3770","","4.01%"
"01/01/1996","2,654.1621","2,711.2539","2,731.5850","2,474.5959","","-0.16%"
"12/01/1995","2,658.4590","2,434.8831","2,700.7419","2,434.8831","","10.23%"
"11/01/1995","2,411.7991","2,354.0120","2,432.2490","2,354.0120","","2.70%"
"10/01/1995","2,348.4009","2,348.5559","2,348.5559","2,290.2070","","1.01%"
"09/01/1995","2,325.0000","2,328.9980","2,364.7190","2,310.6279","","0.42%"
"08/01/1995","2,315.2219","2,244.5239","2,315.2219","2,234.1211","","2.12%"
"07/01/1995","2,267.1621","2,207.1609","2,267.1621","2,177.7791","","2.61%"
"06/01/1995","2,209.4619","2,265.8860","2,282.6240","2,209.4619","","-1.78%"
"05/01/1995","2,249.5979","2,287.4299","2,308.6470","2,225.2720","","-0.84%"
"04/01/1995","2,268.7549","2,203.5110","2,274.4961","2,203.5110","","3.06%"
"03/01/1995","2,201.3469","2,161.2351","2,208.4851","2,137.6370","","1.36%"
"02/01/1995","2,171.7700","2,156.4451","2,185.5449","2,135.4871","","0.81%"
"01/01/1995","2,154.3689","2,185.2070","2,190.1521","2,122.6760","","-2.48%"
"12/01/1994","2,209.2681","2,125.1541","2,209.2681","2,085.4990","","3.39%"
"11/01/1994","2,136.9221","2,227.6069","2,231.5220","2,133.1919","","-3.27%"
"10/01/1994","2,209.2639","2,197.7661","2,223.2190","2,142.8921","","0.45%"
"09/01/1994","2,199.3540","2,221.4771","2,243.3010","2,168.0601","","-0.94%"
"08/01/1994","2,220.2471","2,400.6931","2,400.6931","2,195.2070","","-6.74%"
"07/01/1994","2,380.7041","2,347.0601","2,380.7041","2,285.0630","","1.72%"
"06/01/1994","2,340.4121","2,268.9089","2,392.4900","2,241.5439","","2.46%"
"05/01/1994","2,284.2219","2,248.1421","2,291.0161","2,228.1111","","1.49%"
"04/01/1994","2,250.7339","2,246.1541","2,276.0979","2,212.6079","","2.62%"
"03/01/1994","2,193.2920","2,219.3540","2,221.5811","2,156.8420","","-1.19%"
"02/01/1994","2,219.7180","2,313.9910","2,327.0090","2,202.9690","","-2.17%"
"01/01/1994","2,269.0530","2,111.2241","2,269.0530","2,111.2241","","8.14%"
"12/01/1993","2,098.2141","2,146.3669","2,146.3669","2,081.1699","","-1.88%"
"11/01/1993","2,138.4419","2,273.7539","2,273.7539","2,138.4419","","-5.02%"
"10/01/1993","2,251.3579","2,335.1250","2,358.5930","2,251.3579","","-3.59%"
"09/01/1993","2,335.2639","2,309.9700","2,335.2639","2,252.7729","","0.25%"
"08/01/1993","2,329.3311","2,321.4050","2,356.2891","2,298.2471","","0.82%"
"07/01/1993","2,310.3120","2,323.7830","2,351.0371","2,263.0381","","-0.86%"
"06/01/1993","2,330.4619","2,408.4490","2,408.4490","2,311.5859","","-3.13%"
"05/01/1993","2,405.7520","2,480.0669","2,480.0669","2,405.7520","","-2.78%"
"04/01/1993","2,474.6121","2,506.1631","2,509.5740","2,445.3970","","-1.07%"
"03/01/1993","2,501.4900","2,448.3999","2,501.4900","2,447.2300","","2.08%"
"02/01/1993","2,450.4199","2,423.4751","2,450.4199","2,380.1750","","1.16%"
"01/01/1993","2,422.2781","2,371.2710","2,428.3611","2,345.4570","","1.21%"
"12/01/1992","2,393.2600","2,363.5559","2,419.5271","2,326.7371","","0.23%"
"11/01/1992","2,387.8840","2,439.9500","2,439.9500","2,387.8840","","-1.28%"
"10/01/1992","2,418.8140","2,486.3491","2,526.7439","2,415.1860","","-2.20%"
"09/01/1992","2,473.1931","2,455.5850","2,497.4109","2,455.5850","","1.15%"
"08/01/1992","2,445.1560","2,430.5630","2,452.0610","2,395.3240","","0.10%"
"07/01/1992","2,442.6030","2,481.5400","2,492.3450","2,429.2390","","-1.39%"
"06/01/1992","2,477.1211","2,491.8560","2,537.9170","2,477.1211","","-0.55%"
"05/01/1992","2,490.8521","2,432.8911","2,490.8521","2,387.3240","","2.69%"
"04/01/1992","2,425.6799","2,377.8550","2,425.6799","2,364.1890","","3.00%"
"03/01/1992","2,355.1111","2,307.3430","2,359.5100","2,307.3430","","1.12%"
"02/01/1992","2,329.0820","2,363.2551","2,439.0200","2,304.0911","","-1.10%"
"01/01/1992","2,354.9050","2,304.2019","2,373.3228","2,236.0615","","2.75%"
"12/01/1991","2,291.8999","2,441.2810","2,441.2810","2,259.3955","","-7.08%"
"11/01/1991","2,466.4929","2,592.3032","2,600.1733","2,450.0508","","-4.04%"
"10/01/1991","2,570.3069","2,499.1897","2,608.4241","2,499.1897","","2.87%"
"09/01/1991","2,498.6379","2,474.3899","2,510.0283","2,441.9541","","0.79%"
"08/01/1991","2,479.0720","2,428.0032","2,479.0725","2,404.3948","","1.54%"
"07/01/1991","2,441.4319","2,332.2517","2,441.4321","2,326.2969","","5.11%"
"06/01/1991","2,322.8340","2,383.2644","2,383.2644","2,298.4822","","-2.37%"
"05/01/1991","2,379.1699","2,400.0850","2,431.0498","2,376.2920","","-0.05%"
"04/01/1991","2,380.3889","2,314.2769","2,422.5730","2,314.2769","","2.27%"
"03/01/1991","2,327.6660","2,256.4836","2,362.6921","2,256.4836","","3.76%"
"02/01/1991","2,243.2271","2,198.4373","2,280.5020","2,148.2747","","1.39%"
"01/01/1991","2,212.4629","2,346.0264","2,591.4463","2,096.3445","","-9.39%"
"12/01/1990","2,441.6799","2,449.4900","2,502.1499","2,283.5701","","-1.96%"
"11/01/1990","2,490.6001","2,673.3501","2,701.8101","2,458.1499","","-6.56%"
"10/01/1990","2,665.5701","2,735.2400","2,864.3999","2,436.6399","","-6.05%"
"09/01/1990","2,837.2700","2,422.1001","2,839.0100","2,422.1001","","22.94%"
"08/01/1990","2,307.8501","2,005.4700","2,589.6699","2,005.4700","","16.59%"
"07/01/1990","1,979.4700","1,832.5500","1,979.4700","1,806.7200","","8.25%"
"06/01/1990","1,828.5500","1,852.6300","1,853.7300","1,809.8400","","-1.55%"
"05/01/1990","1,857.3000","1,893.1100","1,926.0400","1,857.3000","","-0.74%"
"04/01/1990","1,871.1200","1,909.2200","1,911.6700","1,828.9900","","-1.05%"
"03/01/1990","1,890.9500","1,848.1500","1,898.1100","1,842.7300","","0.73%"
"02/01/1990","1,877.2100","1,880.8000","1,908.5200","1,860.5400","","-0.33%"
"01/01/1990","1,883.3600","1,937.4600","1,970.2700","1,844.7300","","-0.44%"
"12/01/1989","1,891.6400","1,747.0601","1,891.6400","1,744.0200","","9.13%"
"11/01/1989","1,733.3500","1,721.1300","1,747.4000","1,701.8300","","1.61%"
"10/01/1989","1,705.8300","1,711.3700","1,740.2000","1,691.8500","","-0.70%"
"09/01/1989","1,717.9200","1,615.2700","1,717.9200","1,615.2700","","5.96%"
"08/01/1989","1,621.3500","1,552.1400","1,621.3500","1,551.5100","","3.47%"
"07/01/1989","1,566.9100","1,606.3400","1,622.1300","1,553.9399","","-2.81%"
"06/01/1989","1,612.2100","1,555.5699","1,632.7100","1,524.7900","","3.50%"
"05/01/1989","1,557.7400","1,593.2200","1,593.2200","1,520.7400","","-1.28%"
"04/01/1989","1,577.9100","1,518.8500","1,607.0100","1,499.5500","","3.18%"
"03/01/1989","1,529.3400","1,436.4900","1,536.0200","1,436.4900","","6.75%"
"02/01/1989","1,432.6801","1,384.3300","1,432.6801","1,346.9900","","4.30%"
"01/01/1989","1,373.6000","1,371.3300","1,415.8800","1,368.5200","","0.41%"
"12/01/1988","1,367.9700","1,285.3300","1,367.9700","1,269.0100","","7.31%"
"11/01/1988","1,274.7600","1,201.9301","1,274.7600","1,183.0000","","5.75%"
"10/01/1988","1,205.4900","1,143.2800","1,231.5699","1,131.2000","","4.84%"
"09/01/1988","1,149.8300","1,183.7900","1,198.4500","1,147.9301","","-2.73%"
"08/01/1988","1,182.1100","1,195.3000","1,201.2500","1,163.1200","","-0.68%"
"07/01/1988","1,190.1500","1,185.4301","1,227.8199","1,172.1600","","0.59%"
"06/01/1988","1,183.1500","1,219.5200","1,232.1500","1,180.1700","","-2.79%"
"05/01/1988","1,217.1500","1,147.2600","1,217.1500","1,147.2600","","3.53%"
"04/01/1988","1,175.6300","1,138.5000","1,188.5800","1,131.7500","","3.10%"
"03/01/1988","1,140.2900","1,077.2200","1,147.5699","1,062.3300","","5.04%"
"02/01/1988","1,085.5601","1,096.0200","1,137.1100","1,080.7000","","-1.11%"
"01/01/1988","1,097.6899","1,105.1801","1,128.7800","1,090.3101","","2.66%"
"12/01/1987","1,069.2700","1,098.9200","1,101.2900","1,027.9399","","-2.78%"
"11/01/1987","1,099.8199","1,084.1100","1,111.4600","1,071.7100","","-0.02%"
"10/01/1987","1,100.0500","1,098.4000","1,134.2100","1,098.4000","","1.05%"
"09/01/1987","1,088.6000","1,079.2600","1,099.7600","1,070.6500","","0.74%"
"08/01/1987","1,080.6300","1,122.4399","1,122.4399","1,048.1300","","-2.03%"
"07/01/1987","1,102.9700","1,061.6400","1,102.9700","1,061.6400","","4.46%"
"06/01/1987","1,055.8500","1,023.5300","1,055.8500","1,023.5300","","3.57%"
"05/01/1987","1,019.4200","977.3100","1,027.1600","977.3100","","4.62%"
"04/01/1987","974.4300","930.0100","974.4300","923.5500","","5.02%"
"03/01/1987","927.8200","857.5000","932.3800","857.5000","","8.08%"
"02/01/1987","858.4700","907.8300","907.8300","849.9200","","-6.00%"
"01/01/1987","913.3100","868.8300","913.3100","867.0800","","5.72%"
"12/01/1986","863.8900","880.9700","880.9700","853.7500","","-0.73%"